nazwa_stopu,kategoria,alloy_key,folder_1000x,image_path,image_filename,grubosc_mm,T_aust_C,t_aust_min,T_hart_C,t_hart_min,Rm_MPa,Rp02_MPa,A_pct,impact_J,HB,HB_skala,chem_C,chem_Si,chem_Mn,chem_S,chem_P,chem_Mg,chem_Cu,chem_Ni
Cu_3mm_OC2_*,poprawne_adi,GJS Cu lub Cu,POPRAWNE_ADI\Cu_3mm_1000x,POPRAWNE_ADI\Cu_3mm_1000x\Cu_3mm_1000x-001.jpg,Cu_3mm_1000x-001.jpg,3.0,870,90,370,90,1039.0411414257837,887.9311886524216,,,317.3333333333333,HB,3.47,2.54,0.35,0.012,0.044,0.035,0.7,0.25
Cu_3mm_OC2_*,poprawne_adi,GJS Cu lub Cu,POPRAWNE_ADI\Cu_3mm_1000x,POPRAWNE_ADI\Cu_3mm_1000x\Cu_3mm_1000x-002.jpg,Cu_3mm_1000x-002.jpg,3.0,870,90,370,90,1039.0411414257837,887.9311886524216,,,317.3333333333333,HB,3.47,2.54,0.35,0.012,0.044,0.035,0.7,0.25
Cu_3mm_OC2_*,poprawne_adi,GJS Cu lub Cu,POPRAWNE_ADI\Cu_3mm_1000x,POPRAWNE_ADI\Cu_3mm_1000x\Cu_3mm_1000x-003.jpg,Cu_3mm_1000x-003.jpg,3.0,870,90,370,90,1039.0411414257837,887.9311886524216,,,317.3333333333333,HB,3.47,2.54,0.35,0.012,0.044,0.035,0.7,0.25
Cu_3mm_OC2_*,poprawne_adi,GJS Cu lub Cu,POPRAWNE_ADI\Cu_3mm_1000x,POPRAWNE_ADI\Cu_3mm_1000x\Cu_3mm_1000x-004.jpg,Cu_3mm_1000x-004.jpg,3.0,870,90,370,90,1039.0411414257837,887.9311886524216,,,317.3333333333333,HB,3.47,2.54,0.35,0.012,0.044,0.035,0.7,0.25
Cu_3mm_OC2_*,poprawne_adi,GJS Cu lub Cu,POPRAWNE_ADI\Cu_3mm_1000x,POPRAWNE_ADI\Cu_3mm_1000x\Cu_3mm_1000x-005.jpg,Cu_3mm_1000x-005.jpg,3.0,870,90,370,90,1039.0411414257837,887.9311886524216,,,317.3333333333333,HB,3.47,2.54,0.35,0.012,0.044,0.035,0.7,0.25
Cu_3mm_OC2_*,poprawne_adi,GJS Cu lub Cu,POPRAWNE_ADI\Cu_3mm_1000x,POPRAWNE_ADI\Cu_3mm_1000x\Cu_3mm_1000x-006.jpg,Cu_3mm_1000x-006.jpg,3.0,870,90,370,90,1039.0411414257837,887.9311886524216,,,317.3333333333333,HB,3.47,2.54,0.35,0.012,0.044,0.035,0.7,0.25
Cu_3mm_OC2_*,poprawne_adi,GJS Cu lub Cu,POPRAWNE_ADI\Cu_3mm_1000x,POPRAWNE_ADI\Cu_3mm_1000x\Cu_3mm_1000x-007.jpg,Cu_3mm_1000x-007.jpg,3.0,870,90,370,90,1039.0411414257837,887.9311886524216,,,317.3333333333333,HB,3.47,2.54,0.35,0.012,0.044,0.035,0.7,0.25
Cu_3mm_OC2_*,poprawne_adi,GJS Cu lub Cu,POPRAWNE_ADI\Cu_3mm_1000x,POPRAWNE_ADI\Cu_3mm_1000x\Cu_3mm_1000x-008.jpg,Cu_3mm_1000x-008.jpg,3.0,870,90,370,90,1039.0411414257837,887.9311886524216,,,317.3333333333333,HB,3.47,2.54,0.35,0.012,0.044,0.035,0.7,0.25
Cu_3mm_OC2_*,poprawne_adi,GJS Cu lub Cu,POPRAWNE_ADI\Cu_3mm_1000x,POPRAWNE_ADI\Cu_3mm_1000x\Cu_3mm_1000x-009.jpg,Cu_3mm_1000x-009.jpg,3.0,870,90,370,90,1039.0411414257837,887.9311886524216,,,317.3333333333333,HB,3.47,2.54,0.35,0.012,0.044,0.035,0.7,0.25
Cu_3mm_OC2_*,poprawne_adi,GJS Cu lub Cu,POPRAWNE_ADI\Cu_3mm_1000x,POPRAWNE_ADI\Cu_3mm_1000x\Cu_3mm_1000x-010.jpg,Cu_3mm_1000x-010.jpg,3.0,870,90,370,90,1039.0411414257837,887.9311886524216,,,317.3333333333333,HB,3.47,2.54,0.35,0.012,0.044,0.035,0.7,0.25
Cu_3mm_OC2_*,poprawne_adi,GJS Cu lub Cu,POPRAWNE_ADI\Cu_3mm_1000x,POPRAWNE_ADI\Cu_3mm_1000x\Cu_3mm_1000x-011.jpg,Cu_3mm_1000x-011.jpg,3.0,870,90,370,90,1039.0411414257837,887.9311886524216,,,317.3333333333333,HB,3.47,2.54,0.35,0.012,0.044,0.035,0.7,0.25
Cu_3mm_OC2_*,poprawne_adi,GJS Cu lub Cu,POPRAWNE_ADI\Cu_3mm_1000x,POPRAWNE_ADI\Cu_3mm_1000x\Cu_3mm_1000x-012.jpg,Cu_3mm_1000x-012.jpg,3.0,870,90,370,90,1039.0411414257837,887.9311886524216,,,317.3333333333333,HB,3.47,2.54,0.35,0.012,0.044,0.035,0.7,0.25
Cu_3mm_OC2_*,poprawne_adi,GJS Cu lub Cu,POPRAWNE_ADI\Cu_3mm_1000x,POPRAWNE_ADI\Cu_3mm_1000x\Cu_3mm_1000x-013.jpg,Cu_3mm_1000x-013.jpg,3.0,870,90,370,90,1039.0411414257837,887.9311886524216,,,317.3333333333333,HB,3.47,2.54,0.35,0.012,0.044,0.035,0.7,0.25
Cu_3mm_OC2_*,poprawne_adi,GJS Cu lub Cu,POPRAWNE_ADI\Cu_3mm_1000x,POPRAWNE_ADI\Cu_3mm_1000x\Cu_3mm_1000x-014.jpg,Cu_3mm_1000x-014.jpg,3.0,870,90,370,90,1039.0411414257837,887.9311886524216,,,317.3333333333333,HB,3.47,2.54,0.35,0.012,0.044,0.035,0.7,0.25
Cu_3mm_OC2_*,poprawne_adi,GJS Cu lub Cu,POPRAWNE_ADI\Cu_3mm_1000x,POPRAWNE_ADI\Cu_3mm_1000x\Cu_3mm_1000x-015.jpg,Cu_3mm_1000x-015.jpg,3.0,870,90,370,90,1039.0411414257837,887.9311886524216,,,317.3333333333333,HB,3.47,2.54,0.35,0.012,0.044,0.035,0.7,0.25
Cu_3mm_OC2_*,poprawne_adi,GJS Cu lub Cu,POPRAWNE_ADI\Cu_3mm_1000x,POPRAWNE_ADI\Cu_3mm_1000x\Cu_3mm_1000x-016.jpg,Cu_3mm_1000x-016.jpg,3.0,870,90,370,90,1039.0411414257837,887.9311886524216,,,317.3333333333333,HB,3.47,2.54,0.35,0.012,0.044,0.035,0.7,0.25
Cu_3mm_OC2_*,poprawne_adi,GJS Cu lub Cu,POPRAWNE_ADI\Cu_3mm_1000x,POPRAWNE_ADI\Cu_3mm_1000x\Cu_3mm_1000x-017.jpg,Cu_3mm_1000x-017.jpg,3.0,870,90,370,90,1039.0411414257837,887.9311886524216,,,317.3333333333333,HB,3.47,2.54,0.35,0.012,0.044,0.035,0.7,0.25
Cu_3mm_OC2_*,poprawne_adi,GJS Cu lub Cu,POPRAWNE_ADI\Cu_3mm_1000x,POPRAWNE_ADI\Cu_3mm_1000x\Cu_3mm_1000x-018.jpg,Cu_3mm_1000x-018.jpg,3.0,870,90,370,90,1039.0411414257837,887.9311886524216,,,317.3333333333333,HB,3.47,2.54,0.35,0.012,0.044,0.035,0.7,0.25
Cu_3mm_OC2_*,poprawne_adi,GJS Cu lub Cu,POPRAWNE_ADI\Cu_3mm_1000x,POPRAWNE_ADI\Cu_3mm_1000x\Cu_3mm_1000x-019.jpg,Cu_3mm_1000x-019.jpg,3.0,870,90,370,90,1039.0411414257837,887.9311886524216,,,317.3333333333333,HB,3.47,2.54,0.35,0.012,0.044,0.035,0.7,0.25
Cu_3mm_OC2_*,poprawne_adi,GJS Cu lub Cu,POPRAWNE_ADI\Cu_3mm_1000x,POPRAWNE_ADI\Cu_3mm_1000x\Cu_3mm_1000x-020.jpg,Cu_3mm_1000x-020.jpg,3.0,870,90,370,90,1039.0411414257837,887.9311886524216,,,317.3333333333333,HB,3.47,2.54,0.35,0.012,0.044,0.035,0.7,0.25
Cu_3mm_OC2_*,poprawne_adi,GJS Cu lub Cu,POPRAWNE_ADI\Cu_3mm_1000x,POPRAWNE_ADI\Cu_3mm_1000x\Cu_3mm_1000x-021.jpg,Cu_3mm_1000x-021.jpg,3.0,870,90,370,90,1039.0411414257837,887.9311886524216,,,317.3333333333333,HB,3.47,2.54,0.35,0.012,0.044,0.035,0.7,0.25
Cu_3mm_OC2_*,poprawne_adi,GJS Cu lub Cu,POPRAWNE_ADI\Cu_3mm_1000x,POPRAWNE_ADI\Cu_3mm_1000x\Cu_3mm_1000x-022.jpg,Cu_3mm_1000x-022.jpg,3.0,870,90,370,90,1039.0411414257837,887.9311886524216,,,317.3333333333333,HB,3.47,2.54,0.35,0.012,0.044,0.035,0.7,0.25
Cu_3mm_OC2_*,poprawne_adi,GJS Cu lub Cu,POPRAWNE_ADI\Cu_3mm_1000x,POPRAWNE_ADI\Cu_3mm_1000x\Cu_3mm_1000x-023.jpg,Cu_3mm_1000x-023.jpg,3.0,870,90,370,90,1039.0411414257837,887.9311886524216,,,317.3333333333333,HB,3.47,2.54,0.35,0.012,0.044,0.035,0.7,0.25
Cu_3mm_OC2_*,poprawne_adi,GJS Cu lub Cu,POPRAWNE_ADI\Cu_3mm_1000x,POPRAWNE_ADI\Cu_3mm_1000x\Cu_3mm_1000x-024.jpg,Cu_3mm_1000x-024.jpg,3.0,870,90,370,90,1039.0411414257837,887.9311886524216,,,317.3333333333333,HB,3.47,2.54,0.35,0.012,0.044,0.035,0.7,0.25
Cu_3mm_OC2_*,poprawne_adi,GJS Cu lub Cu,POPRAWNE_ADI\Cu_3mm_1000x,POPRAWNE_ADI\Cu_3mm_1000x\Cu_3mm_1000x-025.jpg,Cu_3mm_1000x-025.jpg,3.0,870,90,370,90,1039.0411414257837,887.9311886524216,,,317.3333333333333,HB,3.47,2.54,0.35,0.012,0.044,0.035,0.7,0.25
Cu_3mm_OC2_*,poprawne_adi,GJS Cu lub Cu,POPRAWNE_ADI\Cu_3mm_1000x,POPRAWNE_ADI\Cu_3mm_1000x\Cu_3mm_1000x-026.jpg,Cu_3mm_1000x-026.jpg,3.0,870,90,370,90,1039.0411414257837,887.9311886524216,,,317.3333333333333,HB,3.47,2.54,0.35,0.012,0.044,0.035,0.7,0.25
Cu_3mm_OC2_*,poprawne_adi,GJS Cu lub Cu,POPRAWNE_ADI\Cu_3mm_1000x,POPRAWNE_ADI\Cu_3mm_1000x\Cu_3mm_1000x-027.jpg,Cu_3mm_1000x-027.jpg,3.0,870,90,370,90,1039.0411414257837,887.9311886524216,,,317.3333333333333,HB,3.47,2.54,0.35,0.012,0.044,0.035,0.7,0.25
Cu_3mm_OC2_*,poprawne_adi,GJS Cu lub Cu,POPRAWNE_ADI\Cu_3mm_1000x,POPRAWNE_ADI\Cu_3mm_1000x\Cu_3mm_1000x-028.jpg,Cu_3mm_1000x-028.jpg,3.0,870,90,370,90,1039.0411414257837,887.9311886524216,,,317.3333333333333,HB,3.47,2.54,0.35,0.012,0.044,0.035,0.7,0.25
Cu_3mm_OC2_*,poprawne_adi,GJS Cu lub Cu,POPRAWNE_ADI\Cu_3mm_1000x,POPRAWNE_ADI\Cu_3mm_1000x\Cu_3mm_1000x-029.jpg,Cu_3mm_1000x-029.jpg,3.0,870,90,370,90,1039.0411414257837,887.9311886524216,,,317.3333333333333,HB,3.47,2.54,0.35,0.012,0.044,0.035,0.7,0.25
Cu_3mm_OC2_*,poprawne_adi,GJS Cu lub Cu,POPRAWNE_ADI\Cu_3mm_1000x,POPRAWNE_ADI\Cu_3mm_1000x\Cu_3mm_1000x-030.jpg,Cu_3mm_1000x-030.jpg,3.0,870,90,370,90,1039.0411414257837,887.9311886524216,,,317.3333333333333,HB,3.47,2.54,0.35,0.012,0.044,0.035,0.7,0.25
Cu_3mm_OC2_*,poprawne_adi,GJS Cu lub Cu,POPRAWNE_ADI\Cu_3mm_1000x,POPRAWNE_ADI\Cu_3mm_1000x\Cu_3mm_1000x-031.jpg,Cu_3mm_1000x-031.jpg,3.0,870,90,370,90,1039.0411414257837,887.9311886524216,,,317.3333333333333,HB,3.47,2.54,0.35,0.012,0.044,0.035,0.7,0.25
Cu_3mm_OC2_*,poprawne_adi,GJS Cu lub Cu,POPRAWNE_ADI\Cu_3mm_1000x,POPRAWNE_ADI\Cu_3mm_1000x\Cu_3mm_1000x-032.jpg,Cu_3mm_1000x-032.jpg,3.0,870,90,370,90,1039.0411414257837,887.9311886524216,,,317.3333333333333,HB,3.47,2.54,0.35,0.012,0.044,0.035,0.7,0.25
Cu_3mm_OC2_*,poprawne_adi,GJS Cu lub Cu,POPRAWNE_ADI\Cu_3mm_1000x,POPRAWNE_ADI\Cu_3mm_1000x\Cu_3mm_1000x-033.jpg,Cu_3mm_1000x-033.jpg,3.0,870,90,370,90,1039.0411414257837,887.9311886524216,,,317.3333333333333,HB,3.47,2.54,0.35,0.012,0.044,0.035,0.7,0.25
Cu_3mm_OC2_*,poprawne_adi,GJS Cu lub Cu,POPRAWNE_ADI\Cu_3mm_1000x,POPRAWNE_ADI\Cu_3mm_1000x\Cu_3mm_1000x-034.jpg,Cu_3mm_1000x-034.jpg,3.0,870,90,370,90,1039.0411414257837,887.9311886524216,,,317.3333333333333,HB,3.47,2.54,0.35,0.012,0.044,0.035,0.7,0.25
Cu_3mm_OC2_*,poprawne_adi,GJS Cu lub Cu,POPRAWNE_ADI\Cu_3mm_1000x,POPRAWNE_ADI\Cu_3mm_1000x\Cu_3mm_1000x-035.jpg,Cu_3mm_1000x-035.jpg,3.0,870,90,370,90,1039.0411414257837,887.9311886524216,,,317.3333333333333,HB,3.47,2.54,0.35,0.012,0.044,0.035,0.7,0.25
Cu_3mm_OC2_*,poprawne_adi,GJS Cu lub Cu,POPRAWNE_ADI\Cu_3mm_1000x,POPRAWNE_ADI\Cu_3mm_1000x\Cu_3mm_1000x-036.jpg,Cu_3mm_1000x-036.jpg,3.0,870,90,370,90,1039.0411414257837,887.9311886524216,,,317.3333333333333,HB,3.47,2.54,0.35,0.012,0.044,0.035,0.7,0.25
Cu_3mm_OC2_*,poprawne_adi,GJS Cu lub Cu,POPRAWNE_ADI\Cu_3mm_1000x,POPRAWNE_ADI\Cu_3mm_1000x\Cu_3mm_1000x-037.jpg,Cu_3mm_1000x-037.jpg,3.0,870,90,370,90,1039.0411414257837,887.9311886524216,,,317.3333333333333,HB,3.47,2.54,0.35,0.012,0.044,0.035,0.7,0.25
Cu_3mm_OC2_*,poprawne_adi,GJS Cu lub Cu,POPRAWNE_ADI\Cu_3mm_1000x,POPRAWNE_ADI\Cu_3mm_1000x\Cu_3mm_1000x-038.jpg,Cu_3mm_1000x-038.jpg,3.0,870,90,370,90,1039.0411414257837,887.9311886524216,,,317.3333333333333,HB,3.47,2.54,0.35,0.012,0.044,0.035,0.7,0.25
Cu_3mm_OC2_*,poprawne_adi,GJS Cu lub Cu,POPRAWNE_ADI\Cu_3mm_1000x,POPRAWNE_ADI\Cu_3mm_1000x\Cu_3mm_1000x-039.jpg,Cu_3mm_1000x-039.jpg,3.0,870,90,370,90,1039.0411414257837,887.9311886524216,,,317.3333333333333,HB,3.47,2.54,0.35,0.012,0.044,0.035,0.7,0.25
Cu_3mm_OC2_*,poprawne_adi,GJS Cu lub Cu,POPRAWNE_ADI\Cu_3mm_1000x,POPRAWNE_ADI\Cu_3mm_1000x\Cu_3mm_1000x-040.jpg,Cu_3mm_1000x-040.jpg,3.0,870,90,370,90,1039.0411414257837,887.9311886524216,,,317.3333333333333,HB,3.47,2.54,0.35,0.012,0.044,0.035,0.7,0.25
Cu_3mm_OC2_*,poprawne_adi,GJS Cu lub Cu,POPRAWNE_ADI\Cu_3mm_1000x,POPRAWNE_ADI\Cu_3mm_1000x\Cu_3mm_1000x-041.jpg,Cu_3mm_1000x-041.jpg,3.0,870,90,370,90,1039.0411414257837,887.9311886524216,,,317.3333333333333,HB,3.47,2.54,0.35,0.012,0.044,0.035,0.7,0.25
Cu_3mm_OC2_*,poprawne_adi,GJS Cu lub Cu,POPRAWNE_ADI\Cu_3mm_1000x,POPRAWNE_ADI\Cu_3mm_1000x\Cu_3mm_1000x-042.jpg,Cu_3mm_1000x-042.jpg,3.0,870,90,370,90,1039.0411414257837,887.9311886524216,,,317.3333333333333,HB,3.47,2.54,0.35,0.012,0.044,0.035,0.7,0.25
Cu_3mm_OC2_*,poprawne_adi,GJS Cu lub Cu,POPRAWNE_ADI\Cu_3mm_1000x,POPRAWNE_ADI\Cu_3mm_1000x\Cu_3mm_1000x-043.jpg,Cu_3mm_1000x-043.jpg,3.0,870,90,370,90,1039.0411414257837,887.9311886524216,,,317.3333333333333,HB,3.47,2.54,0.35,0.012,0.044,0.035,0.7,0.25
Cu_3mm_OC2_*,poprawne_adi,GJS Cu lub Cu,POPRAWNE_ADI\Cu_3mm_1000x,POPRAWNE_ADI\Cu_3mm_1000x\Cu_3mm_1000x-044.jpg,Cu_3mm_1000x-044.jpg,3.0,870,90,370,90,1039.0411414257837,887.9311886524216,,,317.3333333333333,HB,3.47,2.54,0.35,0.012,0.044,0.035,0.7,0.25
Cu_3mm_OC2_*,poprawne_adi,GJS Cu lub Cu,POPRAWNE_ADI\Cu_3mm_1000x,POPRAWNE_ADI\Cu_3mm_1000x\Cu_3mm_1000x-045.jpg,Cu_3mm_1000x-045.jpg,3.0,870,90,370,90,1039.0411414257837,887.9311886524216,,,317.3333333333333,HB,3.47,2.54,0.35,0.012,0.044,0.035,0.7,0.25
Cu_3mm_OC2_*,poprawne_adi,GJS Cu lub Cu,POPRAWNE_ADI\Cu_3mm_1000x,POPRAWNE_ADI\Cu_3mm_1000x\Cu_3mm_1000x-046.jpg,Cu_3mm_1000x-046.jpg,3.0,870,90,370,90,1039.0411414257837,887.9311886524216,,,317.3333333333333,HB,3.47,2.54,0.35,0.012,0.044,0.035,0.7,0.25
Cu_3mm_OC2_*,poprawne_adi,GJS Cu lub Cu,POPRAWNE_ADI\Cu_3mm_1000x,POPRAWNE_ADI\Cu_3mm_1000x\Cu_3mm_1000x-047.jpg,Cu_3mm_1000x-047.jpg,3.0,870,90,370,90,1039.0411414257837,887.9311886524216,,,317.3333333333333,HB,3.47,2.54,0.35,0.012,0.044,0.035,0.7,0.25
Cu_3mm_OC2_*,poprawne_adi,GJS Cu lub Cu,POPRAWNE_ADI\Cu_3mm_1000x,POPRAWNE_ADI\Cu_3mm_1000x\Cu_3mm_1000x-048.jpg,Cu_3mm_1000x-048.jpg,3.0,870,90,370,90,1039.0411414257837,887.9311886524216,,,317.3333333333333,HB,3.47,2.54,0.35,0.012,0.044,0.035,0.7,0.25
Cu_3mm_OC2_*,poprawne_adi,GJS Cu lub Cu,POPRAWNE_ADI\Cu_3mm_1000x,POPRAWNE_ADI\Cu_3mm_1000x\Cu_3mm_1000x-049.jpg,Cu_3mm_1000x-049.jpg,3.0,870,90,370,90,1039.0411414257837,887.9311886524216,,,317.3333333333333,HB,3.47,2.54,0.35,0.012,0.044,0.035,0.7,0.25
Cu_3mm_OC2_*,poprawne_adi,GJS Cu lub Cu,POPRAWNE_ADI\Cu_3mm_1000x,POPRAWNE_ADI\Cu_3mm_1000x\Cu_3mm_1000x-050.jpg,Cu_3mm_1000x-050.jpg,3.0,870,90,370,90,1039.0411414257837,887.9311886524216,,,317.3333333333333,HB,3.47,2.54,0.35,0.012,0.044,0.035,0.7,0.25
Cu_3mm_OC2_*,poprawne_adi,GJS Cu lub Cu,POPRAWNE_ADI\Cu_3mm_1000x,POPRAWNE_ADI\Cu_3mm_1000x\Cu_3mm_1000x-051.jpg,Cu_3mm_1000x-051.jpg,3.0,870,90,370,90,1039.0411414257837,887.9311886524216,,,317.3333333333333,HB,3.47,2.54,0.35,0.012,0.044,0.035,0.7,0.25
Cu_3mm_OC2_*,poprawne_adi,GJS Cu lub Cu,POPRAWNE_ADI\Cu_3mm_1000x,POPRAWNE_ADI\Cu_3mm_1000x\Cu_3mm_1000x-052.jpg,Cu_3mm_1000x-052.jpg,3.0,870,90,370,90,1039.0411414257837,887.9311886524216,,,317.3333333333333,HB,3.47,2.54,0.35,0.012,0.044,0.035,0.7,0.25
Cu_3mm_OC2_*,poprawne_adi,GJS Cu lub Cu,POPRAWNE_ADI\Cu_3mm_1000x,POPRAWNE_ADI\Cu_3mm_1000x\Cu_3mm_1000x-053.jpg,Cu_3mm_1000x-053.jpg,3.0,870,90,370,90,1039.0411414257837,887.9311886524216,,,317.3333333333333,HB,3.47,2.54,0.35,0.012,0.044,0.035,0.7,0.25
Cu_3mm_OC2_*,poprawne_adi,GJS Cu lub Cu,POPRAWNE_ADI\Cu_3mm_1000x,POPRAWNE_ADI\Cu_3mm_1000x\Cu_3mm_1000x-054.jpg,Cu_3mm_1000x-054.jpg,3.0,870,90,370,90,1039.0411414257837,887.9311886524216,,,317.3333333333333,HB,3.47,2.54,0.35,0.012,0.044,0.035,0.7,0.25
Cu_3mm_OC2_*,poprawne_adi,GJS Cu lub Cu,POPRAWNE_ADI\Cu_3mm_1000x,POPRAWNE_ADI\Cu_3mm_1000x\Cu_3mm_1000x-055.jpg,Cu_3mm_1000x-055.jpg,3.0,870,90,370,90,1039.0411414257837,887.9311886524216,,,317.3333333333333,HB,3.47,2.54,0.35,0.012,0.044,0.035,0.7,0.25
Cu_3mm_OC2_*,poprawne_adi,GJS Cu lub Cu,POPRAWNE_ADI\Cu_3mm_1000x,POPRAWNE_ADI\Cu_3mm_1000x\Cu_3mm_1000x-056.jpg,Cu_3mm_1000x-056.jpg,3.0,870,90,370,90,1039.0411414257837,887.9311886524216,,,317.3333333333333,HB,3.47,2.54,0.35,0.012,0.044,0.035,0.7,0.25
Cu_3mm_OC2_*,poprawne_adi,GJS Cu lub Cu,POPRAWNE_ADI\Cu_3mm_1000x,POPRAWNE_ADI\Cu_3mm_1000x\Cu_3mm_1000x-057.jpg,Cu_3mm_1000x-057.jpg,3.0,870,90,370,90,1039.0411414257837,887.9311886524216,,,317.3333333333333,HB,3.47,2.54,0.35,0.012,0.044,0.035,0.7,0.25
Cu_3mm_OC2_*,poprawne_adi,GJS Cu lub Cu,POPRAWNE_ADI\Cu_3mm_1000x,POPRAWNE_ADI\Cu_3mm_1000x\Cu_3mm_1000x-058.jpg,Cu_3mm_1000x-058.jpg,3.0,870,90,370,90,1039.0411414257837,887.9311886524216,,,317.3333333333333,HB,3.47,2.54,0.35,0.012,0.044,0.035,0.7,0.25
Cu_3mm_OC2_*,poprawne_adi,GJS Cu lub Cu,POPRAWNE_ADI\Cu_3mm_1000x,POPRAWNE_ADI\Cu_3mm_1000x\Cu_3mm_1000x-059.jpg,Cu_3mm_1000x-059.jpg,3.0,870,90,370,90,1039.0411414257837,887.9311886524216,,,317.3333333333333,HB,3.47,2.54,0.35,0.012,0.044,0.035,0.7,0.25
Cu_3mm_OC2_*,poprawne_adi,GJS Cu lub Cu,POPRAWNE_ADI\Cu_3mm_1000x,POPRAWNE_ADI\Cu_3mm_1000x\Cu_3mm_1000x-060.jpg,Cu_3mm_1000x-060.jpg,3.0,870,90,370,90,1039.0411414257837,887.9311886524216,,,317.3333333333333,HB,3.47,2.54,0.35,0.012,0.044,0.035,0.7,0.25
Cu_3mm_OC2_*,poprawne_adi,GJS Cu lub Cu,POPRAWNE_ADI\Cu_3mm_1000x,POPRAWNE_ADI\Cu_3mm_1000x\Cu_3mm_1000x-061.jpg,Cu_3mm_1000x-061.jpg,3.0,870,90,370,90,1039.0411414257837,887.9311886524216,,,317.3333333333333,HB,3.47,2.54,0.35,0.012,0.044,0.035,0.7,0.25
Cu_3mm_OC2_*,poprawne_adi,GJS Cu lub Cu,POPRAWNE_ADI\Cu_3mm_1000x,POPRAWNE_ADI\Cu_3mm_1000x\Cu_3mm_1000x-062.jpg,Cu_3mm_1000x-062.jpg,3.0,870,90,370,90,1039.0411414257837,887.9311886524216,,,317.3333333333333,HB,3.47,2.54,0.35,0.012,0.044,0.035,0.7,0.25
Cu_3mm_OC2_*,poprawne_adi,GJS Cu lub Cu,POPRAWNE_ADI\Cu_3mm_1000x,POPRAWNE_ADI\Cu_3mm_1000x\Cu_3mm_1000x-063.jpg,Cu_3mm_1000x-063.jpg,3.0,870,90,370,90,1039.0411414257837,887.9311886524216,,,317.3333333333333,HB,3.47,2.54,0.35,0.012,0.044,0.035,0.7,0.25
Cu_3mm_OC2_*,poprawne_adi,GJS Cu lub Cu,POPRAWNE_ADI\Cu_3mm_1000x,POPRAWNE_ADI\Cu_3mm_1000x\Cu_3mm_1000x-064.jpg,Cu_3mm_1000x-064.jpg,3.0,870,90,370,90,1039.0411414257837,887.9311886524216,,,317.3333333333333,HB,3.47,2.54,0.35,0.012,0.044,0.035,0.7,0.25
Cu_3mm_OC2_*,poprawne_adi,GJS Cu lub Cu,POPRAWNE_ADI\Cu_3mm_1000x,POPRAWNE_ADI\Cu_3mm_1000x\Cu_3mm_1000x-065.jpg,Cu_3mm_1000x-065.jpg,3.0,870,90,370,90,1039.0411414257837,887.9311886524216,,,317.3333333333333,HB,3.47,2.54,0.35,0.012,0.044,0.035,0.7,0.25
Cu_3mm_OC2_*,poprawne_adi,GJS Cu lub Cu,POPRAWNE_ADI\Cu_3mm_1000x,POPRAWNE_ADI\Cu_3mm_1000x\Cu_3mm_1000x-066.jpg,Cu_3mm_1000x-066.jpg,3.0,870,90,370,90,1039.0411414257837,887.9311886524216,,,317.3333333333333,HB,3.47,2.54,0.35,0.012,0.044,0.035,0.7,0.25
Cu_3mm_OC2_*,poprawne_adi,GJS Cu lub Cu,POPRAWNE_ADI\Cu_3mm_1000x,POPRAWNE_ADI\Cu_3mm_1000x\Cu_3mm_1000x-067.jpg,Cu_3mm_1000x-067.jpg,3.0,870,90,370,90,1039.0411414257837,887.9311886524216,,,317.3333333333333,HB,3.47,2.54,0.35,0.012,0.044,0.035,0.7,0.25
Cu_3mm_OC2_*,poprawne_adi,GJS Cu lub Cu,POPRAWNE_ADI\Cu_3mm_1000x,POPRAWNE_ADI\Cu_3mm_1000x\Cu_3mm_1000x-068.jpg,Cu_3mm_1000x-068.jpg,3.0,870,90,370,90,1039.0411414257837,887.9311886524216,,,317.3333333333333,HB,3.47,2.54,0.35,0.012,0.044,0.035,0.7,0.25
Cu_3mm_OC2_*,poprawne_adi,GJS Cu lub Cu,POPRAWNE_ADI\Cu_3mm_1000x,POPRAWNE_ADI\Cu_3mm_1000x\Cu_3mm_1000x-069.jpg,Cu_3mm_1000x-069.jpg,3.0,870,90,370,90,1039.0411414257837,887.9311886524216,,,317.3333333333333,HB,3.47,2.54,0.35,0.012,0.044,0.035,0.7,0.25
Cu_3mm_OC2_*,poprawne_adi,GJS Cu lub Cu,POPRAWNE_ADI\Cu_3mm_1000x,POPRAWNE_ADI\Cu_3mm_1000x\Cu_3mm_1000x-070.jpg,Cu_3mm_1000x-070.jpg,3.0,870,90,370,90,1039.0411414257837,887.9311886524216,,,317.3333333333333,HB,3.47,2.54,0.35,0.012,0.044,0.035,0.7,0.25
Cu_3mm_OC2_*,poprawne_adi,GJS Cu lub Cu,POPRAWNE_ADI\Cu_3mm_1000x,POPRAWNE_ADI\Cu_3mm_1000x\Cu_3mm_1000x-071.jpg,Cu_3mm_1000x-071.jpg,3.0,870,90,370,90,1039.0411414257837,887.9311886524216,,,317.3333333333333,HB,3.47,2.54,0.35,0.012,0.044,0.035,0.7,0.25
Cu_3mm_OC2_*,poprawne_adi,GJS Cu lub Cu,POPRAWNE_ADI\Cu_3mm_1000x,POPRAWNE_ADI\Cu_3mm_1000x\Cu_3mm_1000x-072.jpg,Cu_3mm_1000x-072.jpg,3.0,870,90,370,90,1039.0411414257837,887.9311886524216,,,317.3333333333333,HB,3.47,2.54,0.35,0.012,0.044,0.035,0.7,0.25
Cu_3mm_OC2_*,poprawne_adi,GJS Cu lub Cu,POPRAWNE_ADI\Cu_3mm_1000x,POPRAWNE_ADI\Cu_3mm_1000x\Cu_3mm_1000x-073.jpg,Cu_3mm_1000x-073.jpg,3.0,870,90,370,90,1039.0411414257837,887.9311886524216,,,317.3333333333333,HB,3.47,2.54,0.35,0.012,0.044,0.035,0.7,0.25
Cu_3mm_OC2_*,poprawne_adi,GJS Cu lub Cu,POPRAWNE_ADI\Cu_3mm_1000x,POPRAWNE_ADI\Cu_3mm_1000x\Cu_3mm_1000x-074.jpg,Cu_3mm_1000x-074.jpg,3.0,870,90,370,90,1039.0411414257837,887.9311886524216,,,317.3333333333333,HB,3.47,2.54,0.35,0.012,0.044,0.035,0.7,0.25
Cu_3mm_OC2_*,poprawne_adi,GJS Cu lub Cu,POPRAWNE_ADI\Cu_3mm_1000x,POPRAWNE_ADI\Cu_3mm_1000x\Cu_3mm_1000x-075.jpg,Cu_3mm_1000x-075.jpg,3.0,870,90,370,90,1039.0411414257837,887.9311886524216,,,317.3333333333333,HB,3.47,2.54,0.35,0.012,0.044,0.035,0.7,0.25
Cu_3mm_OC2_*,poprawne_adi,GJS Cu lub Cu,POPRAWNE_ADI\Cu_3mm_1000x,POPRAWNE_ADI\Cu_3mm_1000x\Cu_3mm_1000x-076.jpg,Cu_3mm_1000x-076.jpg,3.0,870,90,370,90,1039.0411414257837,887.9311886524216,,,317.3333333333333,HB,3.47,2.54,0.35,0.012,0.044,0.035,0.7,0.25
Cu_3mm_OC2_*,poprawne_adi,GJS Cu lub Cu,POPRAWNE_ADI\Cu_3mm_1000x,POPRAWNE_ADI\Cu_3mm_1000x\Cu_3mm_1000x-077.jpg,Cu_3mm_1000x-077.jpg,3.0,870,90,370,90,1039.0411414257837,887.9311886524216,,,317.3333333333333,HB,3.47,2.54,0.35,0.012,0.044,0.035,0.7,0.25
Cu_3mm_OC2_*,poprawne_adi,GJS Cu lub Cu,POPRAWNE_ADI\Cu_3mm_1000x,POPRAWNE_ADI\Cu_3mm_1000x\Cu_3mm_1000x-078.jpg,Cu_3mm_1000x-078.jpg,3.0,870,90,370,90,1039.0411414257837,887.9311886524216,,,317.3333333333333,HB,3.47,2.54,0.35,0.012,0.044,0.035,0.7,0.25
Cu_3mm_OC2_*,poprawne_adi,GJS Cu lub Cu,POPRAWNE_ADI\Cu_3mm_1000x,POPRAWNE_ADI\Cu_3mm_1000x\Cu_3mm_1000x-079.jpg,Cu_3mm_1000x-079.jpg,3.0,870,90,370,90,1039.0411414257837,887.9311886524216,,,317.3333333333333,HB,3.47,2.54,0.35,0.012,0.044,0.035,0.7,0.25
Cu_3mm_OC2_*,poprawne_adi,GJS Cu lub Cu,POPRAWNE_ADI\Cu_3mm_1000x,POPRAWNE_ADI\Cu_3mm_1000x\Cu_3mm_1000x-080.jpg,Cu_3mm_1000x-080.jpg,3.0,870,90,370,90,1039.0411414257837,887.9311886524216,,,317.3333333333333,HB,3.47,2.54,0.35,0.012,0.044,0.035,0.7,0.25
Cu_3mm_OC2_*,poprawne_adi,GJS Cu lub Cu,POPRAWNE_ADI\Cu_3mm_1000x,POPRAWNE_ADI\Cu_3mm_1000x\Cu_3mm_1000x-081.jpg,Cu_3mm_1000x-081.jpg,3.0,870,90,370,90,1039.0411414257837,887.9311886524216,,,317.3333333333333,HB,3.47,2.54,0.35,0.012,0.044,0.035,0.7,0.25
Cu_3mm_OC2_*,poprawne_adi,GJS Cu lub Cu,POPRAWNE_ADI\Cu_3mm_1000x,POPRAWNE_ADI\Cu_3mm_1000x\Cu_3mm_1000x-082.jpg,Cu_3mm_1000x-082.jpg,3.0,870,90,370,90,1039.0411414257837,887.9311886524216,,,317.3333333333333,HB,3.47,2.54,0.35,0.012,0.044,0.035,0.7,0.25
Cu_3mm_OC2_*,poprawne_adi,GJS Cu lub Cu,POPRAWNE_ADI\Cu_3mm_1000x,POPRAWNE_ADI\Cu_3mm_1000x\Cu_3mm_1000x-083.jpg,Cu_3mm_1000x-083.jpg,3.0,870,90,370,90,1039.0411414257837,887.9311886524216,,,317.3333333333333,HB,3.47,2.54,0.35,0.012,0.044,0.035,0.7,0.25
Cu_3mm_OC2_*,poprawne_adi,GJS Cu lub Cu,POPRAWNE_ADI\Cu_3mm_1000x,POPRAWNE_ADI\Cu_3mm_1000x\Cu_3mm_1000x-084.jpg,Cu_3mm_1000x-084.jpg,3.0,870,90,370,90,1039.0411414257837,887.9311886524216,,,317.3333333333333,HB,3.47,2.54,0.35,0.012,0.044,0.035,0.7,0.25
Cu_3mm_OC2_*,poprawne_adi,GJS Cu lub Cu,POPRAWNE_ADI\Cu_3mm_1000x,POPRAWNE_ADI\Cu_3mm_1000x\Cu_3mm_1000x-085.jpg,Cu_3mm_1000x-085.jpg,3.0,870,90,370,90,1039.0411414257837,887.9311886524216,,,317.3333333333333,HB,3.47,2.54,0.35,0.012,0.044,0.035,0.7,0.25
Cu_3mm_OC2_*,poprawne_adi,GJS Cu lub Cu,POPRAWNE_ADI\Cu_3mm_1000x,POPRAWNE_ADI\Cu_3mm_1000x\Cu_3mm_1000x-086.jpg,Cu_3mm_1000x-086.jpg,3.0,870,90,370,90,1039.0411414257837,887.9311886524216,,,317.3333333333333,HB,3.47,2.54,0.35,0.012,0.044,0.035,0.7,0.25
Cu_3mm_OC2_*,poprawne_adi,GJS Cu lub Cu,POPRAWNE_ADI\Cu_3mm_1000x,POPRAWNE_ADI\Cu_3mm_1000x\Cu_3mm_1000x-087.jpg,Cu_3mm_1000x-087.jpg,3.0,870,90,370,90,1039.0411414257837,887.9311886524216,,,317.3333333333333,HB,3.47,2.54,0.35,0.012,0.044,0.035,0.7,0.25
Cu_3mm_OC2_*,poprawne_adi,GJS Cu lub Cu,POPRAWNE_ADI\Cu_3mm_1000x,POPRAWNE_ADI\Cu_3mm_1000x\Cu_3mm_1000x-088.jpg,Cu_3mm_1000x-088.jpg,3.0,870,90,370,90,1039.0411414257837,887.9311886524216,,,317.3333333333333,HB,3.47,2.54,0.35,0.012,0.044,0.035,0.7,0.25
Cu_3mm_OC2_*,poprawne_adi,GJS Cu lub Cu,POPRAWNE_ADI\Cu_3mm_1000x,POPRAWNE_ADI\Cu_3mm_1000x\Cu_3mm_1000x-089.jpg,Cu_3mm_1000x-089.jpg,3.0,870,90,370,90,1039.0411414257837,887.9311886524216,,,317.3333333333333,HB,3.47,2.54,0.35,0.012,0.044,0.035,0.7,0.25
Cu_3mm_OC2_*,poprawne_adi,GJS Cu lub Cu,POPRAWNE_ADI\Cu_3mm_1000x,POPRAWNE_ADI\Cu_3mm_1000x\Cu_3mm_1000x-090.jpg,Cu_3mm_1000x-090.jpg,3.0,870,90,370,90,1039.0411414257837,887.9311886524216,,,317.3333333333333,HB,3.47,2.54,0.35,0.012,0.044,0.035,0.7,0.25
Cu_3mm_OC2_*,poprawne_adi,GJS Cu lub Cu,POPRAWNE_ADI\Cu_3mm_1000x,POPRAWNE_ADI\Cu_3mm_1000x\Cu_3mm_1000x-091.jpg,Cu_3mm_1000x-091.jpg,3.0,870,90,370,90,1039.0411414257837,887.9311886524216,,,317.3333333333333,HB,3.47,2.54,0.35,0.012,0.044,0.035,0.7,0.25
Cu_3mm_OC2_*,poprawne_adi,GJS Cu lub Cu,POPRAWNE_ADI\Cu_3mm_1000x,POPRAWNE_ADI\Cu_3mm_1000x\Cu_3mm_1000x-092.jpg,Cu_3mm_1000x-092.jpg,3.0,870,90,370,90,1039.0411414257837,887.9311886524216,,,317.3333333333333,HB,3.47,2.54,0.35,0.012,0.044,0.035,0.7,0.25
Cu_3mm_OC2_*,poprawne_adi,GJS Cu lub Cu,POPRAWNE_ADI\Cu_3mm_1000x,POPRAWNE_ADI\Cu_3mm_1000x\Cu_3mm_1000x-093.jpg,Cu_3mm_1000x-093.jpg,3.0,870,90,370,90,1039.0411414257837,887.9311886524216,,,317.3333333333333,HB,3.47,2.54,0.35,0.012,0.044,0.035,0.7,0.25
Cu_3mm_OC2_*,poprawne_adi,GJS Cu lub Cu,POPRAWNE_ADI\Cu_3mm_1000x,POPRAWNE_ADI\Cu_3mm_1000x\Cu_3mm_1000x-094.jpg,Cu_3mm_1000x-094.jpg,3.0,870,90,370,90,1039.0411414257837,887.9311886524216,,,317.3333333333333,HB,3.47,2.54,0.35,0.012,0.044,0.035,0.7,0.25
Cu_3mm_OC2_*,poprawne_adi,GJS Cu lub Cu,POPRAWNE_ADI\Cu_3mm_1000x,POPRAWNE_ADI\Cu_3mm_1000x\Cu_3mm_1000x-095.jpg,Cu_3mm_1000x-095.jpg,3.0,870,90,370,90,1039.0411414257837,887.9311886524216,,,317.3333333333333,HB,3.47,2.54,0.35,0.012,0.044,0.035,0.7,0.25
Cu_3mm_OC2_*,poprawne_adi,GJS Cu lub Cu,POPRAWNE_ADI\Cu_3mm_1000x,POPRAWNE_ADI\Cu_3mm_1000x\Cu_3mm_1000x-096.jpg,Cu_3mm_1000x-096.jpg,3.0,870,90,370,90,1039.0411414257837,887.9311886524216,,,317.3333333333333,HB,3.47,2.54,0.35,0.012,0.044,0.035,0.7,0.25
Cu_3mm_OC2_*,poprawne_adi,GJS Cu lub Cu,POPRAWNE_ADI\Cu_3mm_1000x,POPRAWNE_ADI\Cu_3mm_1000x\Cu_3mm_1000x-097.jpg,Cu_3mm_1000x-097.jpg,3.0,870,90,370,90,1039.0411414257837,887.9311886524216,,,317.3333333333333,HB,3.47,2.54,0.35,0.012,0.044,0.035,0.7,0.25
Cu_3mm_OC2_*,poprawne_adi,GJS Cu lub Cu,POPRAWNE_ADI\Cu_3mm_1000x,POPRAWNE_ADI\Cu_3mm_1000x\Cu_3mm_1000x-098.jpg,Cu_3mm_1000x-098.jpg,3.0,870,90,370,90,1039.0411414257837,887.9311886524216,,,317.3333333333333,HB,3.47,2.54,0.35,0.012,0.044,0.035,0.7,0.25
Cu_3mm_OC2_*,poprawne_adi,GJS Cu lub Cu,POPRAWNE_ADI\Cu_3mm_1000x,POPRAWNE_ADI\Cu_3mm_1000x\Cu_3mm_1000x-099.jpg,Cu_3mm_1000x-099.jpg,3.0,870,90,370,90,1039.0411414257837,887.9311886524216,,,317.3333333333333,HB,3.47,2.54,0.35,0.012,0.044,0.035,0.7,0.25
Cu_3mm_OC2_*,poprawne_adi,GJS Cu lub Cu,POPRAWNE_ADI\Cu_3mm_1000x,POPRAWNE_ADI\Cu_3mm_1000x\Cu_3mm_1000x-100.jpg,Cu_3mm_1000x-100.jpg,3.0,870,90,370,90,1039.0411414257837,887.9311886524216,,,317.3333333333333,HB,3.47,2.54,0.35,0.012,0.044,0.035,0.7,0.25
Cu_3mm_OC2_*,poprawne_adi,GJS Cu lub Cu,POPRAWNE_ADI\Cu_3mm_1000x,POPRAWNE_ADI\Cu_3mm_1000x\Cu_3mm_1000x-101.jpg,Cu_3mm_1000x-101.jpg,3.0,870,90,370,90,1039.0411414257837,887.9311886524216,,,317.3333333333333,HB,3.47,2.54,0.35,0.012,0.044,0.035,0.7,0.25
Cu_3mm_OC2_*,poprawne_adi,GJS Cu lub Cu,POPRAWNE_ADI\Cu_3mm_1000x,POPRAWNE_ADI\Cu_3mm_1000x\Cu_3mm_1000x-102.jpg,Cu_3mm_1000x-102.jpg,3.0,870,90,370,90,1039.0411414257837,887.9311886524216,,,317.3333333333333,HB,3.47,2.54,0.35,0.012,0.044,0.035,0.7,0.25
Cu_3mm_OC2_*,poprawne_adi,GJS Cu lub Cu,POPRAWNE_ADI\Cu_3mm_1000x,POPRAWNE_ADI\Cu_3mm_1000x\Cu_3mm_1000x-103.jpg,Cu_3mm_1000x-103.jpg,3.0,870,90,370,90,1039.0411414257837,887.9311886524216,,,317.3333333333333,HB,3.47,2.54,0.35,0.012,0.044,0.035,0.7,0.25
Cu_3mm_OC2_*,poprawne_adi,GJS Cu lub Cu,POPRAWNE_ADI\Cu_3mm_1000x,POPRAWNE_ADI\Cu_3mm_1000x\Cu_3mm_1000x-104.jpg,Cu_3mm_1000x-104.jpg,3.0,870,90,370,90,1039.0411414257837,887.9311886524216,,,317.3333333333333,HB,3.47,2.54,0.35,0.012,0.044,0.035,0.7,0.25
Cu_3mm_OC2_*,poprawne_adi,GJS Cu lub Cu,POPRAWNE_ADI\Cu_3mm_1000x,POPRAWNE_ADI\Cu_3mm_1000x\Cu_3mm_1000x-105.jpg,Cu_3mm_1000x-105.jpg,3.0,870,90,370,90,1039.0411414257837,887.9311886524216,,,317.3333333333333,HB,3.47,2.54,0.35,0.012,0.044,0.035,0.7,0.25
Cu_3mm_OC2_*,poprawne_adi,GJS Cu lub Cu,POPRAWNE_ADI\Cu_3mm_1000x,POPRAWNE_ADI\Cu_3mm_1000x\Cu_3mm_1000x-106.jpg,Cu_3mm_1000x-106.jpg,3.0,870,90,370,90,1039.0411414257837,887.9311886524216,,,317.3333333333333,HB,3.47,2.54,0.35,0.012,0.044,0.035,0.7,0.25
Cu_3mm_OC2_*,poprawne_adi,GJS Cu lub Cu,POPRAWNE_ADI\Cu_3mm_1000x,POPRAWNE_ADI\Cu_3mm_1000x\Cu_3mm_1000x-107.jpg,Cu_3mm_1000x-107.jpg,3.0,870,90,370,90,1039.0411414257837,887.9311886524216,,,317.3333333333333,HB,3.47,2.54,0.35,0.012,0.044,0.035,0.7,0.25
Cu_3mm_OC2_*,poprawne_adi,GJS Cu lub Cu,POPRAWNE_ADI\Cu_3mm_1000x,POPRAWNE_ADI\Cu_3mm_1000x\Cu_3mm_1000x-108.jpg,Cu_3mm_1000x-108.jpg,3.0,870,90,370,90,1039.0411414257837,887.9311886524216,,,317.3333333333333,HB,3.47,2.54,0.35,0.012,0.044,0.035,0.7,0.25
Cu_3mm_OC2_*,poprawne_adi,GJS Cu lub Cu,POPRAWNE_ADI\Cu_3mm_1000x,POPRAWNE_ADI\Cu_3mm_1000x\Cu_3mm_1000x-109.jpg,Cu_3mm_1000x-109.jpg,3.0,870,90,370,90,1039.0411414257837,887.9311886524216,,,317.3333333333333,HB,3.47,2.54,0.35,0.012,0.044,0.035,0.7,0.25
Cu_3mm_OC2_*,poprawne_adi,GJS Cu lub Cu,POPRAWNE_ADI\Cu_3mm_1000x,POPRAWNE_ADI\Cu_3mm_1000x\Cu_3mm_1000x-110.jpg,Cu_3mm_1000x-110.jpg,3.0,870,90,370,90,1039.0411414257837,887.9311886524216,,,317.3333333333333,HB,3.47,2.54,0.35,0.012,0.044,0.035,0.7,0.25
Cu_3mm_OC2_*,poprawne_adi,GJS Cu lub Cu,POPRAWNE_ADI\Cu_3mm_1000x,POPRAWNE_ADI\Cu_3mm_1000x\Cu_3mm_1000x-111.jpg,Cu_3mm_1000x-111.jpg,3.0,870,90,370,90,1039.0411414257837,887.9311886524216,,,317.3333333333333,HB,3.47,2.54,0.35,0.012,0.044,0.035,0.7,0.25
Cu_3mm_OC2_*,poprawne_adi,GJS Cu lub Cu,POPRAWNE_ADI\Cu_3mm_1000x,POPRAWNE_ADI\Cu_3mm_1000x\Cu_3mm_1000x-112.jpg,Cu_3mm_1000x-112.jpg,3.0,870,90,370,90,1039.0411414257837,887.9311886524216,,,317.3333333333333,HB,3.47,2.54,0.35,0.012,0.044,0.035,0.7,0.25
Cu_3mm_OC2_*,poprawne_adi,GJS Cu lub Cu,POPRAWNE_ADI\Cu_3mm_1000x,POPRAWNE_ADI\Cu_3mm_1000x\Cu_3mm_1000x-113.jpg,Cu_3mm_1000x-113.jpg,3.0,870,90,370,90,1039.0411414257837,887.9311886524216,,,317.3333333333333,HB,3.47,2.54,0.35,0.012,0.044,0.035,0.7,0.25
Cu_3mm_OC2_*,poprawne_adi,GJS Cu lub Cu,POPRAWNE_ADI\Cu_3mm_1000x,POPRAWNE_ADI\Cu_3mm_1000x\Cu_3mm_1000x-114.jpg,Cu_3mm_1000x-114.jpg,3.0,870,90,370,90,1039.0411414257837,887.9311886524216,,,317.3333333333333,HB,3.47,2.54,0.35,0.012,0.044,0.035,0.7,0.25
Cu_3mm_OC2_*,poprawne_adi,GJS Cu lub Cu,POPRAWNE_ADI\Cu_3mm_1000x,POPRAWNE_ADI\Cu_3mm_1000x\Cu_3mm_1000x-115.jpg,Cu_3mm_1000x-115.jpg,3.0,870,90,370,90,1039.0411414257837,887.9311886524216,,,317.3333333333333,HB,3.47,2.54,0.35,0.012,0.044,0.035,0.7,0.25
Cu_3mm_OC2_*,poprawne_adi,GJS Cu lub Cu,POPRAWNE_ADI\Cu_3mm_1000x,POPRAWNE_ADI\Cu_3mm_1000x\Cu_3mm_1000x-116.jpg,Cu_3mm_1000x-116.jpg,3.0,870,90,370,90,1039.0411414257837,887.9311886524216,,,317.3333333333333,HB,3.47,2.54,0.35,0.012,0.044,0.035,0.7,0.25
Cu_3mm_OC2_*,poprawne_adi,GJS Cu lub Cu,POPRAWNE_ADI\Cu_3mm_1000x,POPRAWNE_ADI\Cu_3mm_1000x\Cu_3mm_1000x-117.jpg,Cu_3mm_1000x-117.jpg,3.0,870,90,370,90,1039.0411414257837,887.9311886524216,,,317.3333333333333,HB,3.47,2.54,0.35,0.012,0.044,0.035,0.7,0.25
Cu_3mm_OC2_*,poprawne_adi,GJS Cu lub Cu,POPRAWNE_ADI\Cu_3mm_1000x,POPRAWNE_ADI\Cu_3mm_1000x\Cu_3mm_1000x-118.jpg,Cu_3mm_1000x-118.jpg,3.0,870,90,370,90,1039.0411414257837,887.9311886524216,,,317.3333333333333,HB,3.47,2.54,0.35,0.012,0.044,0.035,0.7,0.25
Cu_3mm_OC2_*,poprawne_adi,GJS Cu lub Cu,POPRAWNE_ADI\Cu_3mm_1000x,POPRAWNE_ADI\Cu_3mm_1000x\Cu_3mm_1000x-119.jpg,Cu_3mm_1000x-119.jpg,3.0,870,90,370,90,1039.0411414257837,887.9311886524216,,,317.3333333333333,HB,3.47,2.54,0.35,0.012,0.044,0.035,0.7,0.25
Cu_3mm_OC2_*,poprawne_adi,GJS Cu lub Cu,POPRAWNE_ADI\Cu_3mm_1000x,POPRAWNE_ADI\Cu_3mm_1000x\Cu_3mm_1000x-120.jpg,Cu_3mm_1000x-120.jpg,3.0,870,90,370,90,1039.0411414257837,887.9311886524216,,,317.3333333333333,HB,3.47,2.54,0.35,0.012,0.044,0.035,0.7,0.25
Cu_3mm_OC2_*,poprawne_adi,GJS Cu lub Cu,POPRAWNE_ADI\Cu_3mm_1000x,POPRAWNE_ADI\Cu_3mm_1000x\Cu_3mm_1000x-121.jpg,Cu_3mm_1000x-121.jpg,3.0,870,90,370,90,1039.0411414257837,887.9311886524216,,,317.3333333333333,HB,3.47,2.54,0.35,0.012,0.044,0.035,0.7,0.25
Cu_3mm_OC2_*,poprawne_adi,GJS Cu lub Cu,POPRAWNE_ADI\Cu_3mm_1000x,POPRAWNE_ADI\Cu_3mm_1000x\Cu_3mm_1000x-122.jpg,Cu_3mm_1000x-122.jpg,3.0,870,90,370,90,1039.0411414257837,887.9311886524216,,,317.3333333333333,HB,3.47,2.54,0.35,0.012,0.044,0.035,0.7,0.25
Cu_3mm_OC2_*,poprawne_adi,GJS Cu lub Cu,POPRAWNE_ADI\Cu_3mm_1000x,POPRAWNE_ADI\Cu_3mm_1000x\Cu_3mm_1000x-123.jpg,Cu_3mm_1000x-123.jpg,3.0,870,90,370,90,1039.0411414257837,887.9311886524216,,,317.3333333333333,HB,3.47,2.54,0.35,0.012,0.044,0.035,0.7,0.25
Cu_3mm_OC2_*,poprawne_adi,GJS Cu lub Cu,POPRAWNE_ADI\Cu_3mm_1000x,POPRAWNE_ADI\Cu_3mm_1000x\Cu_3mm_1000x-124.jpg,Cu_3mm_1000x-124.jpg,3.0,870,90,370,90,1039.0411414257837,887.9311886524216,,,317.3333333333333,HB,3.47,2.54,0.35,0.012,0.044,0.035,0.7,0.25
Cu_3mm_OC2_*,poprawne_adi,GJS Cu lub Cu,POPRAWNE_ADI\Cu_3mm_1000x,POPRAWNE_ADI\Cu_3mm_1000x\Cu_3mm_1000x-125.jpg,Cu_3mm_1000x-125.jpg,3.0,870,90,370,90,1039.0411414257837,887.9311886524216,,,317.3333333333333,HB,3.47,2.54,0.35,0.012,0.044,0.035,0.7,0.25
Cu_3mm_OC2_*,poprawne_adi,GJS Cu lub Cu,POPRAWNE_ADI\Cu_3mm_1000x,POPRAWNE_ADI\Cu_3mm_1000x\Cu_3mm_1000x-126.jpg,Cu_3mm_1000x-126.jpg,3.0,870,90,370,90,1039.0411414257837,887.9311886524216,,,317.3333333333333,HB,3.47,2.54,0.35,0.012,0.044,0.035,0.7,0.25
Cu_3mm_OC2_*,poprawne_adi,GJS Cu lub Cu,POPRAWNE_ADI\Cu_3mm_1000x,POPRAWNE_ADI\Cu_3mm_1000x\Cu_3mm_1000x-127.jpg,Cu_3mm_1000x-127.jpg,3.0,870,90,370,90,1039.0411414257837,887.9311886524216,,,317.3333333333333,HB,3.47,2.54,0.35,0.012,0.044,0.035,0.7,0.25
Cu_3mm_OC2_*,poprawne_adi,GJS Cu lub Cu,POPRAWNE_ADI\Cu_3mm_1000x,POPRAWNE_ADI\Cu_3mm_1000x\Cu_3mm_1000x-128.jpg,Cu_3mm_1000x-128.jpg,3.0,870,90,370,90,1039.0411414257837,887.9311886524216,,,317.3333333333333,HB,3.47,2.54,0.35,0.012,0.044,0.035,0.7,0.25
Cu_3mm_OC2_*,poprawne_adi,GJS Cu lub Cu,POPRAWNE_ADI\Cu_3mm_1000x,POPRAWNE_ADI\Cu_3mm_1000x\Cu_3mm_1000x-129.jpg,Cu_3mm_1000x-129.jpg,3.0,870,90,370,90,1039.0411414257837,887.9311886524216,,,317.3333333333333,HB,3.47,2.54,0.35,0.012,0.044,0.035,0.7,0.25
Cu_3mm_OC2_*,poprawne_adi,GJS Cu lub Cu,POPRAWNE_ADI\Cu_3mm_1000x,POPRAWNE_ADI\Cu_3mm_1000x\Cu_3mm_1000x-130.jpg,Cu_3mm_1000x-130.jpg,3.0,870,90,370,90,1039.0411414257837,887.9311886524216,,,317.3333333333333,HB,3.47,2.54,0.35,0.012,0.044,0.035,0.7,0.25
Cu_3mm_OC2_*,poprawne_adi,GJS Cu lub Cu,POPRAWNE_ADI\Cu_3mm_1000x,POPRAWNE_ADI\Cu_3mm_1000x\Cu_3mm_1000x-131.jpg,Cu_3mm_1000x-131.jpg,3.0,870,90,370,90,1039.0411414257837,887.9311886524216,,,317.3333333333333,HB,3.47,2.54,0.35,0.012,0.044,0.035,0.7,0.25
Cu_3mm_OC2_*,poprawne_adi,GJS Cu lub Cu,POPRAWNE_ADI\Cu_3mm_1000x,POPRAWNE_ADI\Cu_3mm_1000x\Cu_3mm_1000x-132.jpg,Cu_3mm_1000x-132.jpg,3.0,870,90,370,90,1039.0411414257837,887.9311886524216,,,317.3333333333333,HB,3.47,2.54,0.35,0.012,0.044,0.035,0.7,0.25
Cu_3mm_OC2_*,poprawne_adi,GJS Cu lub Cu,POPRAWNE_ADI\Cu_3mm_1000x,POPRAWNE_ADI\Cu_3mm_1000x\Cu_3mm_1000x-133.jpg,Cu_3mm_1000x-133.jpg,3.0,870,90,370,90,1039.0411414257837,887.9311886524216,,,317.3333333333333,HB,3.47,2.54,0.35,0.012,0.044,0.035,0.7,0.25
Cu_3mm_OC2_*,poprawne_adi,GJS Cu lub Cu,POPRAWNE_ADI\Cu_3mm_1000x,POPRAWNE_ADI\Cu_3mm_1000x\Cu_3mm_1000x-134.jpg,Cu_3mm_1000x-134.jpg,3.0,870,90,370,90,1039.0411414257837,887.9311886524216,,,317.3333333333333,HB,3.47,2.54,0.35,0.012,0.044,0.035,0.7,0.25
Cu_3mm_OC2_*,poprawne_adi,GJS Cu lub Cu,POPRAWNE_ADI\Cu_3mm_1000x,POPRAWNE_ADI\Cu_3mm_1000x\Cu_3mm_1000x-135.jpg,Cu_3mm_1000x-135.jpg,3.0,870,90,370,90,1039.0411414257837,887.9311886524216,,,317.3333333333333,HB,3.47,2.54,0.35,0.012,0.044,0.035,0.7,0.25
Cu_3mm_OC2_*,poprawne_adi,GJS Cu lub Cu,POPRAWNE_ADI\Cu_3mm_1000x,POPRAWNE_ADI\Cu_3mm_1000x\Cu_3mm_1000x-136.jpg,Cu_3mm_1000x-136.jpg,3.0,870,90,370,90,1039.0411414257837,887.9311886524216,,,317.3333333333333,HB,3.47,2.54,0.35,0.012,0.044,0.035,0.7,0.25
Cu_3mm_OC2_*,poprawne_adi,GJS Cu lub Cu,POPRAWNE_ADI\Cu_3mm_1000x,POPRAWNE_ADI\Cu_3mm_1000x\Cu_3mm_1000x-137.jpg,Cu_3mm_1000x-137.jpg,3.0,870,90,370,90,1039.0411414257837,887.9311886524216,,,317.3333333333333,HB,3.47,2.54,0.35,0.012,0.044,0.035,0.7,0.25
Cu_3mm_OC2_*,poprawne_adi,GJS Cu lub Cu,POPRAWNE_ADI\Cu_3mm_1000x,POPRAWNE_ADI\Cu_3mm_1000x\Cu_3mm_1000x-138.jpg,Cu_3mm_1000x-138.jpg,3.0,870,90,370,90,1039.0411414257837,887.9311886524216,,,317.3333333333333,HB,3.47,2.54,0.35,0.012,0.044,0.035,0.7,0.25
Cu_3mm_OC2_*,poprawne_adi,GJS Cu lub Cu,POPRAWNE_ADI\Cu_3mm_1000x,POPRAWNE_ADI\Cu_3mm_1000x\Cu_3mm_1000x-139.jpg,Cu_3mm_1000x-139.jpg,3.0,870,90,370,90,1039.0411414257837,887.9311886524216,,,317.3333333333333,HB,3.47,2.54,0.35,0.012,0.044,0.035,0.7,0.25
Cu_3mm_OC2_*,poprawne_adi,GJS Cu lub Cu,POPRAWNE_ADI\Cu_3mm_1000x,POPRAWNE_ADI\Cu_3mm_1000x\Cu_3mm_1000x-140.jpg,Cu_3mm_1000x-140.jpg,3.0,870,90,370,90,1039.0411414257837,887.9311886524216,,,317.3333333333333,HB,3.47,2.54,0.35,0.012,0.044,0.035,0.7,0.25
Cu_3mm_OC2_*,poprawne_adi,GJS Cu lub Cu,POPRAWNE_ADI\Cu_3mm_1000x,POPRAWNE_ADI\Cu_3mm_1000x\Cu_3mm_1000x-141.jpg,Cu_3mm_1000x-141.jpg,3.0,870,90,370,90,1039.0411414257837,887.9311886524216,,,317.3333333333333,HB,3.47,2.54,0.35,0.012,0.044,0.035,0.7,0.25
Cu_3mm_OC2_*,poprawne_adi,GJS Cu lub Cu,POPRAWNE_ADI\Cu_3mm_1000x,POPRAWNE_ADI\Cu_3mm_1000x\Cu_3mm_1000x-142.jpg,Cu_3mm_1000x-142.jpg,3.0,870,90,370,90,1039.0411414257837,887.9311886524216,,,317.3333333333333,HB,3.47,2.54,0.35,0.012,0.044,0.035,0.7,0.25
Cu_3mm_OC2_*,poprawne_adi,GJS Cu lub Cu,POPRAWNE_ADI\Cu_3mm_1000x,POPRAWNE_ADI\Cu_3mm_1000x\Cu_3mm_1000x-143.jpg,Cu_3mm_1000x-143.jpg,3.0,870,90,370,90,1039.0411414257837,887.9311886524216,,,317.3333333333333,HB,3.47,2.54,0.35,0.012,0.044,0.035,0.7,0.25
Cu_3mm_OC2_*,poprawne_adi,GJS Cu lub Cu,POPRAWNE_ADI\Cu_3mm_1000x,POPRAWNE_ADI\Cu_3mm_1000x\Cu_3mm_1000x-144.jpg,Cu_3mm_1000x-144.jpg,3.0,870,90,370,90,1039.0411414257837,887.9311886524216,,,317.3333333333333,HB,3.47,2.54,0.35,0.012,0.044,0.035,0.7,0.25
Cu_3mm_OC2_*,poprawne_adi,GJS Cu lub Cu,POPRAWNE_ADI\Cu_3mm_1000x,POPRAWNE_ADI\Cu_3mm_1000x\Cu_3mm_1000x-145.jpg,Cu_3mm_1000x-145.jpg,3.0,870,90,370,90,1039.0411414257837,887.9311886524216,,,317.3333333333333,HB,3.47,2.54,0.35,0.012,0.044,0.035,0.7,0.25
Cu_3mm_OC2_*,poprawne_adi,GJS Cu lub Cu,POPRAWNE_ADI\Cu_3mm_1000x,POPRAWNE_ADI\Cu_3mm_1000x\Cu_3mm_1000x-146.jpg,Cu_3mm_1000x-146.jpg,3.0,870,90,370,90,1039.0411414257837,887.9311886524216,,,317.3333333333333,HB,3.47,2.54,0.35,0.012,0.044,0.035,0.7,0.25
Cu_3mm_OC2_*,poprawne_adi,GJS Cu lub Cu,POPRAWNE_ADI\Cu_3mm_1000x,POPRAWNE_ADI\Cu_3mm_1000x\Cu_3mm_1000x-147.jpg,Cu_3mm_1000x-147.jpg,3.0,870,90,370,90,1039.0411414257837,887.9311886524216,,,317.3333333333333,HB,3.47,2.54,0.35,0.012,0.044,0.035,0.7,0.25
Cu_3mm_OC2_*,poprawne_adi,GJS Cu lub Cu,POPRAWNE_ADI\Cu_3mm_1000x,POPRAWNE_ADI\Cu_3mm_1000x\Cu_3mm_1000x-148.jpg,Cu_3mm_1000x-148.jpg,3.0,870,90,370,90,1039.0411414257837,887.9311886524216,,,317.3333333333333,HB,3.47,2.54,0.35,0.012,0.044,0.035,0.7,0.25
Cu_3mm_OC2_*,poprawne_adi,GJS Cu lub Cu,POPRAWNE_ADI\Cu_3mm_1000x,POPRAWNE_ADI\Cu_3mm_1000x\Cu_3mm_1000x-149.jpg,Cu_3mm_1000x-149.jpg,3.0,870,90,370,90,1039.0411414257837,887.9311886524216,,,317.3333333333333,HB,3.47,2.54,0.35,0.012,0.044,0.035,0.7,0.25
Cu_3mm_OC2_*,poprawne_adi,GJS Cu lub Cu,POPRAWNE_ADI\Cu_3mm_1000x,POPRAWNE_ADI\Cu_3mm_1000x\Cu_3mm_1000x-150.jpg,Cu_3mm_1000x-150.jpg,3.0,870,90,370,90,1039.0411414257837,887.9311886524216,,,317.3333333333333,HB,3.47,2.54,0.35,0.012,0.044,0.035,0.7,0.25
Cu_3mm_OC2_*,poprawne_adi,GJS Cu lub Cu,POPRAWNE_ADI\Cu_3mm_1000x,POPRAWNE_ADI\Cu_3mm_1000x\Cu_3mm_1000x-151.jpg,Cu_3mm_1000x-151.jpg,3.0,870,90,370,90,1039.0411414257837,887.9311886524216,,,317.3333333333333,HB,3.47,2.54,0.35,0.012,0.044,0.035,0.7,0.25
Cu_3mm_OC2_*,poprawne_adi,GJS Cu lub Cu,POPRAWNE_ADI\Cu_3mm_1000x,POPRAWNE_ADI\Cu_3mm_1000x\Cu_3mm_1000x-152.jpg,Cu_3mm_1000x-152.jpg,3.0,870,90,370,90,1039.0411414257837,887.9311886524216,,,317.3333333333333,HB,3.47,2.54,0.35,0.012,0.044,0.035,0.7,0.25
Cu_3mm_OC2_*,poprawne_adi,GJS Cu lub Cu,POPRAWNE_ADI\Cu_3mm_1000x,POPRAWNE_ADI\Cu_3mm_1000x\Cu_3mm_1000x-153.jpg,Cu_3mm_1000x-153.jpg,3.0,870,90,370,90,1039.0411414257837,887.9311886524216,,,317.3333333333333,HB,3.47,2.54,0.35,0.012,0.044,0.035,0.7,0.25
Cu_3mm_OC2_*,poprawne_adi,GJS Cu lub Cu,POPRAWNE_ADI\Cu_3mm_1000x,POPRAWNE_ADI\Cu_3mm_1000x\Cu_3mm_1000x-154.jpg,Cu_3mm_1000x-154.jpg,3.0,870,90,370,90,1039.0411414257837,887.9311886524216,,,317.3333333333333,HB,3.47,2.54,0.35,0.012,0.044,0.035,0.7,0.25
Cu_3mm_OC2_*,poprawne_adi,GJS Cu lub Cu,POPRAWNE_ADI\Cu_3mm_1000x,POPRAWNE_ADI\Cu_3mm_1000x\Cu_3mm_1000x-155.jpg,Cu_3mm_1000x-155.jpg,3.0,870,90,370,90,1039.0411414257837,887.9311886524216,,,317.3333333333333,HB,3.47,2.54,0.35,0.012,0.044,0.035,0.7,0.25
Cu_3mm_OC2_*,poprawne_adi,GJS Cu lub Cu,POPRAWNE_ADI\Cu_3mm_1000x,POPRAWNE_ADI\Cu_3mm_1000x\Cu_3mm_1000x-156.jpg,Cu_3mm_1000x-156.jpg,3.0,870,90,370,90,1039.0411414257837,887.9311886524216,,,317.3333333333333,HB,3.47,2.54,0.35,0.012,0.044,0.035,0.7,0.25
Cu_3mm_OC2_*,poprawne_adi,GJS Cu lub Cu,POPRAWNE_ADI\Cu_3mm_1000x,POPRAWNE_ADI\Cu_3mm_1000x\Cu_3mm_1000x-157.jpg,Cu_3mm_1000x-157.jpg,3.0,870,90,370,90,1039.0411414257837,887.9311886524216,,,317.3333333333333,HB,3.47,2.54,0.35,0.012,0.044,0.035,0.7,0.25
Cu_3mm_OC2_*,poprawne_adi,GJS Cu lub Cu,POPRAWNE_ADI\Cu_3mm_1000x,POPRAWNE_ADI\Cu_3mm_1000x\Cu_3mm_1000x-158.jpg,Cu_3mm_1000x-158.jpg,3.0,870,90,370,90,1039.0411414257837,887.9311886524216,,,317.3333333333333,HB,3.47,2.54,0.35,0.012,0.044,0.035,0.7,0.25
Cu_3mm_OC2_*,poprawne_adi,GJS Cu lub Cu,POPRAWNE_ADI\Cu_3mm_1000x,POPRAWNE_ADI\Cu_3mm_1000x\Cu_3mm_1000x-159.jpg,Cu_3mm_1000x-159.jpg,3.0,870,90,370,90,1039.0411414257837,887.9311886524216,,,317.3333333333333,HB,3.47,2.54,0.35,0.012,0.044,0.035,0.7,0.25
Cu_3mm_OC2_*,poprawne_adi,GJS Cu lub Cu,POPRAWNE_ADI\Cu_3mm_1000x,POPRAWNE_ADI\Cu_3mm_1000x\Cu_3mm_1000x-160.jpg,Cu_3mm_1000x-160.jpg,3.0,870,90,370,90,1039.0411414257837,887.9311886524216,,,317.3333333333333,HB,3.47,2.54,0.35,0.012,0.044,0.035,0.7,0.25
Cu_3mm_OC2_*,poprawne_adi,GJS Cu lub Cu,POPRAWNE_ADI\Cu_3mm_1000x,POPRAWNE_ADI\Cu_3mm_1000x\Cu_3mm_1000x-161.jpg,Cu_3mm_1000x-161.jpg,3.0,870,90,370,90,1039.0411414257837,887.9311886524216,,,317.3333333333333,HB,3.47,2.54,0.35,0.012,0.044,0.035,0.7,0.25
Cu_3mm_OC2_*,poprawne_adi,GJS Cu lub Cu,POPRAWNE_ADI\Cu_3mm_1000x,POPRAWNE_ADI\Cu_3mm_1000x\Cu_3mm_1000x-162.jpg,Cu_3mm_1000x-162.jpg,3.0,870,90,370,90,1039.0411414257837,887.9311886524216,,,317.3333333333333,HB,3.47,2.54,0.35,0.012,0.044,0.035,0.7,0.25
Cu_3mm_OC2_*,poprawne_adi,GJS Cu lub Cu,POPRAWNE_ADI\Cu_3mm_1000x,POPRAWNE_ADI\Cu_3mm_1000x\Cu_3mm_1000x-163.jpg,Cu_3mm_1000x-163.jpg,3.0,870,90,370,90,1039.0411414257837,887.9311886524216,,,317.3333333333333,HB,3.47,2.54,0.35,0.012,0.044,0.035,0.7,0.25
Cu_3mm_OC2_*,poprawne_adi,GJS Cu lub Cu,POPRAWNE_ADI\Cu_3mm_1000x,POPRAWNE_ADI\Cu_3mm_1000x\Cu_3mm_1000x-164.jpg,Cu_3mm_1000x-164.jpg,3.0,870,90,370,90,1039.0411414257837,887.9311886524216,,,317.3333333333333,HB,3.47,2.54,0.35,0.012,0.044,0.035,0.7,0.25
Cu_3mm_OC2_*,poprawne_adi,GJS Cu lub Cu,POPRAWNE_ADI\Cu_3mm_1000x,POPRAWNE_ADI\Cu_3mm_1000x\Cu_3mm_1000x-165.jpg,Cu_3mm_1000x-165.jpg,3.0,870,90,370,90,1039.0411414257837,887.9311886524216,,,317.3333333333333,HB,3.47,2.54,0.35,0.012,0.044,0.035,0.7,0.25
Cu_3mm_OC2_*,poprawne_adi,GJS Cu lub Cu,POPRAWNE_ADI\Cu_3mm_1000x,POPRAWNE_ADI\Cu_3mm_1000x\Cu_3mm_1000x-166.jpg,Cu_3mm_1000x-166.jpg,3.0,870,90,370,90,1039.0411414257837,887.9311886524216,,,317.3333333333333,HB,3.47,2.54,0.35,0.012,0.044,0.035,0.7,0.25
Cu_3mm_OC2_*,poprawne_adi,GJS Cu lub Cu,POPRAWNE_ADI\Cu_3mm_1000x,POPRAWNE_ADI\Cu_3mm_1000x\Cu_3mm_1000x-167.jpg,Cu_3mm_1000x-167.jpg,3.0,870,90,370,90,1039.0411414257837,887.9311886524216,,,317.3333333333333,HB,3.47,2.54,0.35,0.012,0.044,0.035,0.7,0.25
Cu_3mm_OC2_*,poprawne_adi,GJS Cu lub Cu,POPRAWNE_ADI\Cu_3mm_1000x,POPRAWNE_ADI\Cu_3mm_1000x\Cu_3mm_1000x-168.jpg,Cu_3mm_1000x-168.jpg,3.0,870,90,370,90,1039.0411414257837,887.9311886524216,,,317.3333333333333,HB,3.47,2.54,0.35,0.012,0.044,0.035,0.7,0.25
Cu_3mm_OC2_*,poprawne_adi,GJS Cu lub Cu,POPRAWNE_ADI\Cu_3mm_1000x,POPRAWNE_ADI\Cu_3mm_1000x\Cu_3mm_1000x-169.jpg,Cu_3mm_1000x-169.jpg,3.0,870,90,370,90,1039.0411414257837,887.9311886524216,,,317.3333333333333,HB,3.47,2.54,0.35,0.012,0.044,0.035,0.7,0.25
Cu_3mm_OC2_*,poprawne_adi,GJS Cu lub Cu,POPRAWNE_ADI\Cu_3mm_1000x,POPRAWNE_ADI\Cu_3mm_1000x\Cu_3mm_1000x-170.jpg,Cu_3mm_1000x-170.jpg,3.0,870,90,370,90,1039.0411414257837,887.9311886524216,,,317.3333333333333,HB,3.47,2.54,0.35,0.012,0.044,0.035,0.7,0.25
Cu_3mm_OC2_*,poprawne_adi,GJS Cu lub Cu,POPRAWNE_ADI\Cu_3mm_1000x,POPRAWNE_ADI\Cu_3mm_1000x\Cu_3mm_1000x-171.jpg,Cu_3mm_1000x-171.jpg,3.0,870,90,370,90,1039.0411414257837,887.9311886524216,,,317.3333333333333,HB,3.47,2.54,0.35,0.012,0.044,0.035,0.7,0.25
Cu_3mm_OC2_*,poprawne_adi,GJS Cu lub Cu,POPRAWNE_ADI\Cu_3mm_1000x,POPRAWNE_ADI\Cu_3mm_1000x\Cu_3mm_1000x-172.jpg,Cu_3mm_1000x-172.jpg,3.0,870,90,370,90,1039.0411414257837,887.9311886524216,,,317.3333333333333,HB,3.47,2.54,0.35,0.012,0.044,0.035,0.7,0.25
Cu_3mm_OC2_*,poprawne_adi,GJS Cu lub Cu,POPRAWNE_ADI\Cu_3mm_1000x,POPRAWNE_ADI\Cu_3mm_1000x\Cu_3mm_1000x-173.jpg,Cu_3mm_1000x-173.jpg,3.0,870,90,370,90,1039.0411414257837,887.9311886524216,,,317.3333333333333,HB,3.47,2.54,0.35,0.012,0.044,0.035,0.7,0.25
Cu_3mm_OC2_*,poprawne_adi,GJS Cu lub Cu,POPRAWNE_ADI\Cu_3mm_1000x,POPRAWNE_ADI\Cu_3mm_1000x\Cu_3mm_1000x-174.jpg,Cu_3mm_1000x-174.jpg,3.0,870,90,370,90,1039.0411414257837,887.9311886524216,,,317.3333333333333,HB,3.47,2.54,0.35,0.012,0.044,0.035,0.7,0.25
Cu_3mm_OC2_*,poprawne_adi,GJS Cu lub Cu,POPRAWNE_ADI\Cu_3mm_1000x,POPRAWNE_ADI\Cu_3mm_1000x\Cu_3mm_1000x-175.jpg,Cu_3mm_1000x-175.jpg,3.0,870,90,370,90,1039.0411414257837,887.9311886524216,,,317.3333333333333,HB,3.47,2.54,0.35,0.012,0.044,0.035,0.7,0.25
Cu_3mm_OC2_*,poprawne_adi,GJS Cu lub Cu,POPRAWNE_ADI\Cu_3mm_1000x,POPRAWNE_ADI\Cu_3mm_1000x\Cu_3mm_1000x-176.jpg,Cu_3mm_1000x-176.jpg,3.0,870,90,370,90,1039.0411414257837,887.9311886524216,,,317.3333333333333,HB,3.47,2.54,0.35,0.012,0.044,0.035,0.7,0.25
Cu_3mm_OC2_*,poprawne_adi,GJS Cu lub Cu,POPRAWNE_ADI\Cu_3mm_1000x,POPRAWNE_ADI\Cu_3mm_1000x\Cu_3mm_1000x-177.jpg,Cu_3mm_1000x-177.jpg,3.0,870,90,370,90,1039.0411414257837,887.9311886524216,,,317.3333333333333,HB,3.47,2.54,0.35,0.012,0.044,0.035,0.7,0.25
Cu_3mm_OC2_*,poprawne_adi,GJS Cu lub Cu,POPRAWNE_ADI\Cu_3mm_1000x,POPRAWNE_ADI\Cu_3mm_1000x\Cu_3mm_1000x-178.jpg,Cu_3mm_1000x-178.jpg,3.0,870,90,370,90,1039.0411414257837,887.9311886524216,,,317.3333333333333,HB,3.47,2.54,0.35,0.012,0.044,0.035,0.7,0.25
Cu_3mm_OC2_*,poprawne_adi,GJS Cu lub Cu,POPRAWNE_ADI\Cu_3mm_1000x,POPRAWNE_ADI\Cu_3mm_1000x\Cu_3mm_1000x-179.jpg,Cu_3mm_1000x-179.jpg,3.0,870,90,370,90,1039.0411414257837,887.9311886524216,,,317.3333333333333,HB,3.47,2.54,0.35,0.012,0.044,0.035,0.7,0.25
Cu_3mm_OC2_*,poprawne_adi,GJS Cu lub Cu,POPRAWNE_ADI\Cu_3mm_1000x,POPRAWNE_ADI\Cu_3mm_1000x\Cu_3mm_1000x-180.jpg,Cu_3mm_1000x-180.jpg,3.0,870,90,370,90,1039.0411414257837,887.9311886524216,,,317.3333333333333,HB,3.47,2.54,0.35,0.012,0.044,0.035,0.7,0.25
Cu_3mm_OC2_*,poprawne_adi,GJS Cu lub Cu,POPRAWNE_ADI\Cu_3mm_1000x,POPRAWNE_ADI\Cu_3mm_1000x\Cu_3mm_1000x-181.jpg,Cu_3mm_1000x-181.jpg,3.0,870,90,370,90,1039.0411414257837,887.9311886524216,,,317.3333333333333,HB,3.47,2.54,0.35,0.012,0.044,0.035,0.7,0.25
Cu_3mm_OC2_*,poprawne_adi,GJS Cu lub Cu,POPRAWNE_ADI\Cu_3mm_1000x,POPRAWNE_ADI\Cu_3mm_1000x\Cu_3mm_1000x-182.jpg,Cu_3mm_1000x-182.jpg,3.0,870,90,370,90,1039.0411414257837,887.9311886524216,,,317.3333333333333,HB,3.47,2.54,0.35,0.012,0.044,0.035,0.7,0.25
Cu_3mm_OC2_*,poprawne_adi,GJS Cu lub Cu,POPRAWNE_ADI\Cu_3mm_1000x,POPRAWNE_ADI\Cu_3mm_1000x\Cu_3mm_1000x-183.jpg,Cu_3mm_1000x-183.jpg,3.0,870,90,370,90,1039.0411414257837,887.9311886524216,,,317.3333333333333,HB,3.47,2.54,0.35,0.012,0.044,0.035,0.7,0.25
Cu_3mm_OC2_*,poprawne_adi,GJS Cu lub Cu,POPRAWNE_ADI\Cu_3mm_1000x,POPRAWNE_ADI\Cu_3mm_1000x\Cu_3mm_1000x-184.jpg,Cu_3mm_1000x-184.jpg,3.0,870,90,370,90,1039.0411414257837,887.9311886524216,,,317.3333333333333,HB,3.47,2.54,0.35,0.012,0.044,0.035,0.7,0.25
Cu_3mm_OC2_*,poprawne_adi,GJS Cu lub Cu,POPRAWNE_ADI\Cu_3mm_1000x,POPRAWNE_ADI\Cu_3mm_1000x\Cu_3mm_1000x-185.jpg,Cu_3mm_1000x-185.jpg,3.0,870,90,370,90,1039.0411414257837,887.9311886524216,,,317.3333333333333,HB,3.47,2.54,0.35,0.012,0.044,0.035,0.7,0.25
Cu_3mm_OC2_*,poprawne_adi,GJS Cu lub Cu,POPRAWNE_ADI\Cu_3mm_1000x,POPRAWNE_ADI\Cu_3mm_1000x\Cu_3mm_1000x-186.jpg,Cu_3mm_1000x-186.jpg,3.0,870,90,370,90,1039.0411414257837,887.9311886524216,,,317.3333333333333,HB,3.47,2.54,0.35,0.012,0.044,0.035,0.7,0.25
Cu_3mm_OC2_*,poprawne_adi,GJS Cu lub Cu,POPRAWNE_ADI\Cu_3mm_1000x,POPRAWNE_ADI\Cu_3mm_1000x\Cu_3mm_1000x-187.jpg,Cu_3mm_1000x-187.jpg,3.0,870,90,370,90,1039.0411414257837,887.9311886524216,,,317.3333333333333,HB,3.47,2.54,0.35,0.012,0.044,0.035,0.7,0.25
Cu_3mm_OC2_*,poprawne_adi,GJS Cu lub Cu,POPRAWNE_ADI\Cu_3mm_1000x,POPRAWNE_ADI\Cu_3mm_1000x\Cu_3mm_1000x-188.jpg,Cu_3mm_1000x-188.jpg,3.0,870,90,370,90,1039.0411414257837,887.9311886524216,,,317.3333333333333,HB,3.47,2.54,0.35,0.012,0.044,0.035,0.7,0.25
Cu_3mm_OC2_*,poprawne_adi,GJS Cu lub Cu,POPRAWNE_ADI\Cu_3mm_1000x,POPRAWNE_ADI\Cu_3mm_1000x\Cu_3mm_1000x-189.jpg,Cu_3mm_1000x-189.jpg,3.0,870,90,370,90,1039.0411414257837,887.9311886524216,,,317.3333333333333,HB,3.47,2.54,0.35,0.012,0.044,0.035,0.7,0.25
Cu_3mm_OC2_*,poprawne_adi,GJS Cu lub Cu,POPRAWNE_ADI\Cu_3mm_1000x,POPRAWNE_ADI\Cu_3mm_1000x\Cu_3mm_1000x-190.jpg,Cu_3mm_1000x-190.jpg,3.0,870,90,370,90,1039.0411414257837,887.9311886524216,,,317.3333333333333,HB,3.47,2.54,0.35,0.012,0.044,0.035,0.7,0.25
Cu_3mm_OC2_*,poprawne_adi,GJS Cu lub Cu,POPRAWNE_ADI\Cu_3mm_1000x,POPRAWNE_ADI\Cu_3mm_1000x\Cu_3mm_1000x-191.jpg,Cu_3mm_1000x-191.jpg,3.0,870,90,370,90,1039.0411414257837,887.9311886524216,,,317.3333333333333,HB,3.47,2.54,0.35,0.012,0.044,0.035,0.7,0.25
Cu_3mm_OC2_*,poprawne_adi,GJS Cu lub Cu,POPRAWNE_ADI\Cu_3mm_1000x,POPRAWNE_ADI\Cu_3mm_1000x\Cu_3mm_1000x-192.jpg,Cu_3mm_1000x-192.jpg,3.0,870,90,370,90,1039.0411414257837,887.9311886524216,,,317.3333333333333,HB,3.47,2.54,0.35,0.012,0.044,0.035,0.7,0.25
Cu_3mm_OC2_*,poprawne_adi,GJS Cu lub Cu,POPRAWNE_ADI\Cu_3mm_1000x,POPRAWNE_ADI\Cu_3mm_1000x\Cu_3mm_1000x-193.jpg,Cu_3mm_1000x-193.jpg,3.0,870,90,370,90,1039.0411414257837,887.9311886524216,,,317.3333333333333,HB,3.47,2.54,0.35,0.012,0.044,0.035,0.7,0.25
Cu_3mm_OC2_*,poprawne_adi,GJS Cu lub Cu,POPRAWNE_ADI\Cu_3mm_1000x,POPRAWNE_ADI\Cu_3mm_1000x\Cu_3mm_1000x-194.jpg,Cu_3mm_1000x-194.jpg,3.0,870,90,370,90,1039.0411414257837,887.9311886524216,,,317.3333333333333,HB,3.47,2.54,0.35,0.012,0.044,0.035,0.7,0.25
Cu_3mm_OC2_*,poprawne_adi,GJS Cu lub Cu,POPRAWNE_ADI\Cu_3mm_1000x,POPRAWNE_ADI\Cu_3mm_1000x\Cu_3mm_1000x-195.jpg,Cu_3mm_1000x-195.jpg,3.0,870,90,370,90,1039.0411414257837,887.9311886524216,,,317.3333333333333,HB,3.47,2.54,0.35,0.012,0.044,0.035,0.7,0.25
Cu_3mm_OC2_*,poprawne_adi,GJS Cu lub Cu,POPRAWNE_ADI\Cu_3mm_1000x,POPRAWNE_ADI\Cu_3mm_1000x\Cu_3mm_1000x-196.jpg,Cu_3mm_1000x-196.jpg,3.0,870,90,370,90,1039.0411414257837,887.9311886524216,,,317.3333333333333,HB,3.47,2.54,0.35,0.012,0.044,0.035,0.7,0.25
Cu_3mm_OC2_*,poprawne_adi,GJS Cu lub Cu,POPRAWNE_ADI\Cu_3mm_1000x,POPRAWNE_ADI\Cu_3mm_1000x\Cu_3mm_1000x-197.jpg,Cu_3mm_1000x-197.jpg,3.0,870,90,370,90,1039.0411414257837,887.9311886524216,,,317.3333333333333,HB,3.47,2.54,0.35,0.012,0.044,0.035,0.7,0.25
Cu_3mm_OC2_*,poprawne_adi,GJS Cu lub Cu,POPRAWNE_ADI\Cu_3mm_1000x,POPRAWNE_ADI\Cu_3mm_1000x\Cu_3mm_1000x-198.jpg,Cu_3mm_1000x-198.jpg,3.0,870,90,370,90,1039.0411414257837,887.9311886524216,,,317.3333333333333,HB,3.47,2.54,0.35,0.012,0.044,0.035,0.7,0.25
Cu_3mm_OC2_*,poprawne_adi,GJS Cu lub Cu,POPRAWNE_ADI\Cu_3mm_1000x,POPRAWNE_ADI\Cu_3mm_1000x\Cu_3mm_1000x-199.jpg,Cu_3mm_1000x-199.jpg,3.0,870,90,370,90,1039.0411414257837,887.9311886524216,,,317.3333333333333,HB,3.47,2.54,0.35,0.012,0.044,0.035,0.7,0.25
Cu_3mm_OC2_*,poprawne_adi,GJS Cu lub Cu,POPRAWNE_ADI\Cu_3mm_1000x,POPRAWNE_ADI\Cu_3mm_1000x\Cu_3mm_1000x-200.jpg,Cu_3mm_1000x-200.jpg,3.0,870,90,370,90,1039.0411414257837,887.9311886524216,,,317.3333333333333,HB,3.47,2.54,0.35,0.012,0.044,0.035,0.7,0.25
Cu_6mm_OC2_*,poprawne_adi,GJS Cu lub Cu,POPRAWNE_ADI\Cu_6mm_1000x,POPRAWNE_ADI\Cu_6mm_1000x\Cu_6mm_1000x-001.jpg,Cu_6mm_1000x-001.jpg,6.0,870,90,370,90,1052.7961137699929,858.0126483499662,12.699938827190953,,304.6666666666667,HB,3.47,2.54,0.35,0.012,0.044,0.035,0.7,0.25
Cu_6mm_OC2_*,poprawne_adi,GJS Cu lub Cu,POPRAWNE_ADI\Cu_6mm_1000x,POPRAWNE_ADI\Cu_6mm_1000x\Cu_6mm_1000x-002.jpg,Cu_6mm_1000x-002.jpg,6.0,870,90,370,90,1052.7961137699929,858.0126483499662,12.699938827190953,,304.6666666666667,HB,3.47,2.54,0.35,0.012,0.044,0.035,0.7,0.25
Cu_6mm_OC2_*,poprawne_adi,GJS Cu lub Cu,POPRAWNE_ADI\Cu_6mm_1000x,POPRAWNE_ADI\Cu_6mm_1000x\Cu_6mm_1000x-003.jpg,Cu_6mm_1000x-003.jpg,6.0,870,90,370,90,1052.7961137699929,858.0126483499662,12.699938827190953,,304.6666666666667,HB,3.47,2.54,0.35,0.012,0.044,0.035,0.7,0.25
Cu_6mm_OC2_*,poprawne_adi,GJS Cu lub Cu,POPRAWNE_ADI\Cu_6mm_1000x,POPRAWNE_ADI\Cu_6mm_1000x\Cu_6mm_1000x-004.jpg,Cu_6mm_1000x-004.jpg,6.0,870,90,370,90,1052.7961137699929,858.0126483499662,12.699938827190953,,304.6666666666667,HB,3.47,2.54,0.35,0.012,0.044,0.035,0.7,0.25
Cu_6mm_OC2_*,poprawne_adi,GJS Cu lub Cu,POPRAWNE_ADI\Cu_6mm_1000x,POPRAWNE_ADI\Cu_6mm_1000x\Cu_6mm_1000x-005.jpg,Cu_6mm_1000x-005.jpg,6.0,870,90,370,90,1052.7961137699929,858.0126483499662,12.699938827190953,,304.6666666666667,HB,3.47,2.54,0.35,0.012,0.044,0.035,0.7,0.25
Cu_6mm_OC2_*,poprawne_adi,GJS Cu lub Cu,POPRAWNE_ADI\Cu_6mm_1000x,POPRAWNE_ADI\Cu_6mm_1000x\Cu_6mm_1000x-006.jpg,Cu_6mm_1000x-006.jpg,6.0,870,90,370,90,1052.7961137699929,858.0126483499662,12.699938827190953,,304.6666666666667,HB,3.47,2.54,0.35,0.012,0.044,0.035,0.7,0.25
Cu_6mm_OC2_*,poprawne_adi,GJS Cu lub Cu,POPRAWNE_ADI\Cu_6mm_1000x,POPRAWNE_ADI\Cu_6mm_1000x\Cu_6mm_1000x-007.jpg,Cu_6mm_1000x-007.jpg,6.0,870,90,370,90,1052.7961137699929,858.0126483499662,12.699938827190953,,304.6666666666667,HB,3.47,2.54,0.35,0.012,0.044,0.035,0.7,0.25
Cu_6mm_OC2_*,poprawne_adi,GJS Cu lub Cu,POPRAWNE_ADI\Cu_6mm_1000x,POPRAWNE_ADI\Cu_6mm_1000x\Cu_6mm_1000x-008.jpg,Cu_6mm_1000x-008.jpg,6.0,870,90,370,90,1052.7961137699929,858.0126483499662,12.699938827190953,,304.6666666666667,HB,3.47,2.54,0.35,0.012,0.044,0.035,0.7,0.25
Cu_6mm_OC2_*,poprawne_adi,GJS Cu lub Cu,POPRAWNE_ADI\Cu_6mm_1000x,POPRAWNE_ADI\Cu_6mm_1000x\Cu_6mm_1000x-009.jpg,Cu_6mm_1000x-009.jpg,6.0,870,90,370,90,1052.7961137699929,858.0126483499662,12.699938827190953,,304.6666666666667,HB,3.47,2.54,0.35,0.012,0.044,0.035,0.7,0.25
Cu_6mm_OC2_*,poprawne_adi,GJS Cu lub Cu,POPRAWNE_ADI\Cu_6mm_1000x,POPRAWNE_ADI\Cu_6mm_1000x\Cu_6mm_1000x-010.jpg,Cu_6mm_1000x-010.jpg,6.0,870,90,370,90,1052.7961137699929,858.0126483499662,12.699938827190953,,304.6666666666667,HB,3.47,2.54,0.35,0.012,0.044,0.035,0.7,0.25
Cu_6mm_OC2_*,poprawne_adi,GJS Cu lub Cu,POPRAWNE_ADI\Cu_6mm_1000x,POPRAWNE_ADI\Cu_6mm_1000x\Cu_6mm_1000x-011.jpg,Cu_6mm_1000x-011.jpg,6.0,870,90,370,90,1052.7961137699929,858.0126483499662,12.699938827190953,,304.6666666666667,HB,3.47,2.54,0.35,0.012,0.044,0.035,0.7,0.25
Cu_6mm_OC2_*,poprawne_adi,GJS Cu lub Cu,POPRAWNE_ADI\Cu_6mm_1000x,POPRAWNE_ADI\Cu_6mm_1000x\Cu_6mm_1000x-012.jpg,Cu_6mm_1000x-012.jpg,6.0,870,90,370,90,1052.7961137699929,858.0126483499662,12.699938827190953,,304.6666666666667,HB,3.47,2.54,0.35,0.012,0.044,0.035,0.7,0.25
Cu_6mm_OC2_*,poprawne_adi,GJS Cu lub Cu,POPRAWNE_ADI\Cu_6mm_1000x,POPRAWNE_ADI\Cu_6mm_1000x\Cu_6mm_1000x-013.jpg,Cu_6mm_1000x-013.jpg,6.0,870,90,370,90,1052.7961137699929,858.0126483499662,12.699938827190953,,304.6666666666667,HB,3.47,2.54,0.35,0.012,0.044,0.035,0.7,0.25
Cu_6mm_OC2_*,poprawne_adi,GJS Cu lub Cu,POPRAWNE_ADI\Cu_6mm_1000x,POPRAWNE_ADI\Cu_6mm_1000x\Cu_6mm_1000x-014.jpg,Cu_6mm_1000x-014.jpg,6.0,870,90,370,90,1052.7961137699929,858.0126483499662,12.699938827190953,,304.6666666666667,HB,3.47,2.54,0.35,0.012,0.044,0.035,0.7,0.25
Cu_6mm_OC2_*,poprawne_adi,GJS Cu lub Cu,POPRAWNE_ADI\Cu_6mm_1000x,POPRAWNE_ADI\Cu_6mm_1000x\Cu_6mm_1000x-015.jpg,Cu_6mm_1000x-015.jpg,6.0,870,90,370,90,1052.7961137699929,858.0126483499662,12.699938827190953,,304.6666666666667,HB,3.47,2.54,0.35,0.012,0.044,0.035,0.7,0.25
Cu_6mm_OC2_*,poprawne_adi,GJS Cu lub Cu,POPRAWNE_ADI\Cu_6mm_1000x,POPRAWNE_ADI\Cu_6mm_1000x\Cu_6mm_1000x-016.jpg,Cu_6mm_1000x-016.jpg,6.0,870,90,370,90,1052.7961137699929,858.0126483499662,12.699938827190953,,304.6666666666667,HB,3.47,2.54,0.35,0.012,0.044,0.035,0.7,0.25
Cu_6mm_OC2_*,poprawne_adi,GJS Cu lub Cu,POPRAWNE_ADI\Cu_6mm_1000x,POPRAWNE_ADI\Cu_6mm_1000x\Cu_6mm_1000x-017.jpg,Cu_6mm_1000x-017.jpg,6.0,870,90,370,90,1052.7961137699929,858.0126483499662,12.699938827190953,,304.6666666666667,HB,3.47,2.54,0.35,0.012,0.044,0.035,0.7,0.25
Cu_6mm_OC2_*,poprawne_adi,GJS Cu lub Cu,POPRAWNE_ADI\Cu_6mm_1000x,POPRAWNE_ADI\Cu_6mm_1000x\Cu_6mm_1000x-018.jpg,Cu_6mm_1000x-018.jpg,6.0,870,90,370,90,1052.7961137699929,858.0126483499662,12.699938827190953,,304.6666666666667,HB,3.47,2.54,0.35,0.012,0.044,0.035,0.7,0.25
Cu_6mm_OC2_*,poprawne_adi,GJS Cu lub Cu,POPRAWNE_ADI\Cu_6mm_1000x,POPRAWNE_ADI\Cu_6mm_1000x\Cu_6mm_1000x-019.jpg,Cu_6mm_1000x-019.jpg,6.0,870,90,370,90,1052.7961137699929,858.0126483499662,12.699938827190953,,304.6666666666667,HB,3.47,2.54,0.35,0.012,0.044,0.035,0.7,0.25
Cu_6mm_OC2_*,poprawne_adi,GJS Cu lub Cu,POPRAWNE_ADI\Cu_6mm_1000x,POPRAWNE_ADI\Cu_6mm_1000x\Cu_6mm_1000x-020.jpg,Cu_6mm_1000x-020.jpg,6.0,870,90,370,90,1052.7961137699929,858.0126483499662,12.699938827190953,,304.6666666666667,HB,3.47,2.54,0.35,0.012,0.044,0.035,0.7,0.25
Cu_6mm_OC2_*,poprawne_adi,GJS Cu lub Cu,POPRAWNE_ADI\Cu_6mm_1000x,POPRAWNE_ADI\Cu_6mm_1000x\Cu_6mm_1000x-021.jpg,Cu_6mm_1000x-021.jpg,6.0,870,90,370,90,1052.7961137699929,858.0126483499662,12.699938827190953,,304.6666666666667,HB,3.47,2.54,0.35,0.012,0.044,0.035,0.7,0.25
Cu_6mm_OC2_*,poprawne_adi,GJS Cu lub Cu,POPRAWNE_ADI\Cu_6mm_1000x,POPRAWNE_ADI\Cu_6mm_1000x\Cu_6mm_1000x-022.jpg,Cu_6mm_1000x-022.jpg,6.0,870,90,370,90,1052.7961137699929,858.0126483499662,12.699938827190953,,304.6666666666667,HB,3.47,2.54,0.35,0.012,0.044,0.035,0.7,0.25
Cu_6mm_OC2_*,poprawne_adi,GJS Cu lub Cu,POPRAWNE_ADI\Cu_6mm_1000x,POPRAWNE_ADI\Cu_6mm_1000x\Cu_6mm_1000x-023.jpg,Cu_6mm_1000x-023.jpg,6.0,870,90,370,90,1052.7961137699929,858.0126483499662,12.699938827190953,,304.6666666666667,HB,3.47,2.54,0.35,0.012,0.044,0.035,0.7,0.25
Cu_6mm_OC2_*,poprawne_adi,GJS Cu lub Cu,POPRAWNE_ADI\Cu_6mm_1000x,POPRAWNE_ADI\Cu_6mm_1000x\Cu_6mm_1000x-024.jpg,Cu_6mm_1000x-024.jpg,6.0,870,90,370,90,1052.7961137699929,858.0126483499662,12.699938827190953,,304.6666666666667,HB,3.47,2.54,0.35,0.012,0.044,0.035,0.7,0.25
Cu_6mm_OC2_*,poprawne_adi,GJS Cu lub Cu,POPRAWNE_ADI\Cu_6mm_1000x,POPRAWNE_ADI\Cu_6mm_1000x\Cu_6mm_1000x-025.jpg,Cu_6mm_1000x-025.jpg,6.0,870,90,370,90,1052.7961137699929,858.0126483499662,12.699938827190953,,304.6666666666667,HB,3.47,2.54,0.35,0.012,0.044,0.035,0.7,0.25
Cu_6mm_OC2_*,poprawne_adi,GJS Cu lub Cu,POPRAWNE_ADI\Cu_6mm_1000x,POPRAWNE_ADI\Cu_6mm_1000x\Cu_6mm_1000x-026.jpg,Cu_6mm_1000x-026.jpg,6.0,870,90,370,90,1052.7961137699929,858.0126483499662,12.699938827190953,,304.6666666666667,HB,3.47,2.54,0.35,0.012,0.044,0.035,0.7,0.25
Cu_6mm_OC2_*,poprawne_adi,GJS Cu lub Cu,POPRAWNE_ADI\Cu_6mm_1000x,POPRAWNE_ADI\Cu_6mm_1000x\Cu_6mm_1000x-027.jpg,Cu_6mm_1000x-027.jpg,6.0,870,90,370,90,1052.7961137699929,858.0126483499662,12.699938827190953,,304.6666666666667,HB,3.47,2.54,0.35,0.012,0.044,0.035,0.7,0.25
Cu_6mm_OC2_*,poprawne_adi,GJS Cu lub Cu,POPRAWNE_ADI\Cu_6mm_1000x,POPRAWNE_ADI\Cu_6mm_1000x\Cu_6mm_1000x-028.jpg,Cu_6mm_1000x-028.jpg,6.0,870,90,370,90,1052.7961137699929,858.0126483499662,12.699938827190953,,304.6666666666667,HB,3.47,2.54,0.35,0.012,0.044,0.035,0.7,0.25
Cu_6mm_OC2_*,poprawne_adi,GJS Cu lub Cu,POPRAWNE_ADI\Cu_6mm_1000x,POPRAWNE_ADI\Cu_6mm_1000x\Cu_6mm_1000x-029.jpg,Cu_6mm_1000x-029.jpg,6.0,870,90,370,90,1052.7961137699929,858.0126483499662,12.699938827190953,,304.6666666666667,HB,3.47,2.54,0.35,0.012,0.044,0.035,0.7,0.25
Cu_6mm_OC2_*,poprawne_adi,GJS Cu lub Cu,POPRAWNE_ADI\Cu_6mm_1000x,POPRAWNE_ADI\Cu_6mm_1000x\Cu_6mm_1000x-030.jpg,Cu_6mm_1000x-030.jpg,6.0,870,90,370,90,1052.7961137699929,858.0126483499662,12.699938827190953,,304.6666666666667,HB,3.47,2.54,0.35,0.012,0.044,0.035,0.7,0.25
Cu_6mm_OC2_*,poprawne_adi,GJS Cu lub Cu,POPRAWNE_ADI\Cu_6mm_1000x,POPRAWNE_ADI\Cu_6mm_1000x\Cu_6mm_1000x-031.jpg,Cu_6mm_1000x-031.jpg,6.0,870,90,370,90,1052.7961137699929,858.0126483499662,12.699938827190953,,304.6666666666667,HB,3.47,2.54,0.35,0.012,0.044,0.035,0.7,0.25
Cu_6mm_OC2_*,poprawne_adi,GJS Cu lub Cu,POPRAWNE_ADI\Cu_6mm_1000x,POPRAWNE_ADI\Cu_6mm_1000x\Cu_6mm_1000x-032.jpg,Cu_6mm_1000x-032.jpg,6.0,870,90,370,90,1052.7961137699929,858.0126483499662,12.699938827190953,,304.6666666666667,HB,3.47,2.54,0.35,0.012,0.044,0.035,0.7,0.25
Cu_6mm_OC2_*,poprawne_adi,GJS Cu lub Cu,POPRAWNE_ADI\Cu_6mm_1000x,POPRAWNE_ADI\Cu_6mm_1000x\Cu_6mm_1000x-033.jpg,Cu_6mm_1000x-033.jpg,6.0,870,90,370,90,1052.7961137699929,858.0126483499662,12.699938827190953,,304.6666666666667,HB,3.47,2.54,0.35,0.012,0.044,0.035,0.7,0.25
Cu_6mm_OC2_*,poprawne_adi,GJS Cu lub Cu,POPRAWNE_ADI\Cu_6mm_1000x,POPRAWNE_ADI\Cu_6mm_1000x\Cu_6mm_1000x-034.jpg,Cu_6mm_1000x-034.jpg,6.0,870,90,370,90,1052.7961137699929,858.0126483499662,12.699938827190953,,304.6666666666667,HB,3.47,2.54,0.35,0.012,0.044,0.035,0.7,0.25
Cu_6mm_OC2_*,poprawne_adi,GJS Cu lub Cu,POPRAWNE_ADI\Cu_6mm_1000x,POPRAWNE_ADI\Cu_6mm_1000x\Cu_6mm_1000x-035.jpg,Cu_6mm_1000x-035.jpg,6.0,870,90,370,90,1052.7961137699929,858.0126483499662,12.699938827190953,,304.6666666666667,HB,3.47,2.54,0.35,0.012,0.044,0.035,0.7,0.25
Cu_6mm_OC2_*,poprawne_adi,GJS Cu lub Cu,POPRAWNE_ADI\Cu_6mm_1000x,POPRAWNE_ADI\Cu_6mm_1000x\Cu_6mm_1000x-036.jpg,Cu_6mm_1000x-036.jpg,6.0,870,90,370,90,1052.7961137699929,858.0126483499662,12.699938827190953,,304.6666666666667,HB,3.47,2.54,0.35,0.012,0.044,0.035,0.7,0.25
Cu_6mm_OC2_*,poprawne_adi,GJS Cu lub Cu,POPRAWNE_ADI\Cu_6mm_1000x,POPRAWNE_ADI\Cu_6mm_1000x\Cu_6mm_1000x-037.jpg,Cu_6mm_1000x-037.jpg,6.0,870,90,370,90,1052.7961137699929,858.0126483499662,12.699938827190953,,304.6666666666667,HB,3.47,2.54,0.35,0.012,0.044,0.035,0.7,0.25
Cu_6mm_OC2_*,poprawne_adi,GJS Cu lub Cu,POPRAWNE_ADI\Cu_6mm_1000x,POPRAWNE_ADI\Cu_6mm_1000x\Cu_6mm_1000x-038.jpg,Cu_6mm_1000x-038.jpg,6.0,870,90,370,90,1052.7961137699929,858.0126483499662,12.699938827190953,,304.6666666666667,HB,3.47,2.54,0.35,0.012,0.044,0.035,0.7,0.25
Cu_6mm_OC2_*,poprawne_adi,GJS Cu lub Cu,POPRAWNE_ADI\Cu_6mm_1000x,POPRAWNE_ADI\Cu_6mm_1000x\Cu_6mm_1000x-039.jpg,Cu_6mm_1000x-039.jpg,6.0,870,90,370,90,1052.7961137699929,858.0126483499662,12.699938827190953,,304.6666666666667,HB,3.47,2.54,0.35,0.012,0.044,0.035,0.7,0.25
Cu_6mm_OC2_*,poprawne_adi,GJS Cu lub Cu,POPRAWNE_ADI\Cu_6mm_1000x,POPRAWNE_ADI\Cu_6mm_1000x\Cu_6mm_1000x-040.jpg,Cu_6mm_1000x-040.jpg,6.0,870,90,370,90,1052.7961137699929,858.0126483499662,12.699938827190953,,304.6666666666667,HB,3.47,2.54,0.35,0.012,0.044,0.035,0.7,0.25
Cu_6mm_OC2_*,poprawne_adi,GJS Cu lub Cu,POPRAWNE_ADI\Cu_6mm_1000x,POPRAWNE_ADI\Cu_6mm_1000x\Cu_6mm_1000x-041.jpg,Cu_6mm_1000x-041.jpg,6.0,870,90,370,90,1052.7961137699929,858.0126483499662,12.699938827190953,,304.6666666666667,HB,3.47,2.54,0.35,0.012,0.044,0.035,0.7,0.25
Cu_6mm_OC2_*,poprawne_adi,GJS Cu lub Cu,POPRAWNE_ADI\Cu_6mm_1000x,POPRAWNE_ADI\Cu_6mm_1000x\Cu_6mm_1000x-042.jpg,Cu_6mm_1000x-042.jpg,6.0,870,90,370,90,1052.7961137699929,858.0126483499662,12.699938827190953,,304.6666666666667,HB,3.47,2.54,0.35,0.012,0.044,0.035,0.7,0.25
Cu_6mm_OC2_*,poprawne_adi,GJS Cu lub Cu,POPRAWNE_ADI\Cu_6mm_1000x,POPRAWNE_ADI\Cu_6mm_1000x\Cu_6mm_1000x-043.jpg,Cu_6mm_1000x-043.jpg,6.0,870,90,370,90,1052.7961137699929,858.0126483499662,12.699938827190953,,304.6666666666667,HB,3.47,2.54,0.35,0.012,0.044,0.035,0.7,0.25
Cu_6mm_OC2_*,poprawne_adi,GJS Cu lub Cu,POPRAWNE_ADI\Cu_6mm_1000x,POPRAWNE_ADI\Cu_6mm_1000x\Cu_6mm_1000x-044.jpg,Cu_6mm_1000x-044.jpg,6.0,870,90,370,90,1052.7961137699929,858.0126483499662,12.699938827190953,,304.6666666666667,HB,3.47,2.54,0.35,0.012,0.044,0.035,0.7,0.25
Cu_6mm_OC2_*,poprawne_adi,GJS Cu lub Cu,POPRAWNE_ADI\Cu_6mm_1000x,POPRAWNE_ADI\Cu_6mm_1000x\Cu_6mm_1000x-045.jpg,Cu_6mm_1000x-045.jpg,6.0,870,90,370,90,1052.7961137699929,858.0126483499662,12.699938827190953,,304.6666666666667,HB,3.47,2.54,0.35,0.012,0.044,0.035,0.7,0.25
Cu_6mm_OC2_*,poprawne_adi,GJS Cu lub Cu,POPRAWNE_ADI\Cu_6mm_1000x,POPRAWNE_ADI\Cu_6mm_1000x\Cu_6mm_1000x-046.jpg,Cu_6mm_1000x-046.jpg,6.0,870,90,370,90,1052.7961137699929,858.0126483499662,12.699938827190953,,304.6666666666667,HB,3.47,2.54,0.35,0.012,0.044,0.035,0.7,0.25
Cu_6mm_OC2_*,poprawne_adi,GJS Cu lub Cu,POPRAWNE_ADI\Cu_6mm_1000x,POPRAWNE_ADI\Cu_6mm_1000x\Cu_6mm_1000x-047.jpg,Cu_6mm_1000x-047.jpg,6.0,870,90,370,90,1052.7961137699929,858.0126483499662,12.699938827190953,,304.6666666666667,HB,3.47,2.54,0.35,0.012,0.044,0.035,0.7,0.25
Cu_6mm_OC2_*,poprawne_adi,GJS Cu lub Cu,POPRAWNE_ADI\Cu_6mm_1000x,POPRAWNE_ADI\Cu_6mm_1000x\Cu_6mm_1000x-048.jpg,Cu_6mm_1000x-048.jpg,6.0,870,90,370,90,1052.7961137699929,858.0126483499662,12.699938827190953,,304.6666666666667,HB,3.47,2.54,0.35,0.012,0.044,0.035,0.7,0.25
Cu_6mm_OC2_*,poprawne_adi,GJS Cu lub Cu,POPRAWNE_ADI\Cu_6mm_1000x,POPRAWNE_ADI\Cu_6mm_1000x\Cu_6mm_1000x-049.jpg,Cu_6mm_1000x-049.jpg,6.0,870,90,370,90,1052.7961137699929,858.0126483499662,12.699938827190953,,304.6666666666667,HB,3.47,2.54,0.35,0.012,0.044,0.035,0.7,0.25
Cu_6mm_OC2_*,poprawne_adi,GJS Cu lub Cu,POPRAWNE_ADI\Cu_6mm_1000x,POPRAWNE_ADI\Cu_6mm_1000x\Cu_6mm_1000x-050.jpg,Cu_6mm_1000x-050.jpg,6.0,870,90,370,90,1052.7961137699929,858.0126483499662,12.699938827190953,,304.6666666666667,HB,3.47,2.54,0.35,0.012,0.044,0.035,0.7,0.25
Cu_6mm_OC2_*,poprawne_adi,GJS Cu lub Cu,POPRAWNE_ADI\Cu_6mm_1000x,POPRAWNE_ADI\Cu_6mm_1000x\Cu_6mm_1000x-051.jpg,Cu_6mm_1000x-051.jpg,6.0,870,90,370,90,1052.7961137699929,858.0126483499662,12.699938827190953,,304.6666666666667,HB,3.47,2.54,0.35,0.012,0.044,0.035,0.7,0.25
Cu_6mm_OC2_*,poprawne_adi,GJS Cu lub Cu,POPRAWNE_ADI\Cu_6mm_1000x,POPRAWNE_ADI\Cu_6mm_1000x\Cu_6mm_1000x-052.jpg,Cu_6mm_1000x-052.jpg,6.0,870,90,370,90,1052.7961137699929,858.0126483499662,12.699938827190953,,304.6666666666667,HB,3.47,2.54,0.35,0.012,0.044,0.035,0.7,0.25
Cu_6mm_OC2_*,poprawne_adi,GJS Cu lub Cu,POPRAWNE_ADI\Cu_6mm_1000x,POPRAWNE_ADI\Cu_6mm_1000x\Cu_6mm_1000x-053.jpg,Cu_6mm_1000x-053.jpg,6.0,870,90,370,90,1052.7961137699929,858.0126483499662,12.699938827190953,,304.6666666666667,HB,3.47,2.54,0.35,0.012,0.044,0.035,0.7,0.25
Cu_6mm_OC2_*,poprawne_adi,GJS Cu lub Cu,POPRAWNE_ADI\Cu_6mm_1000x,POPRAWNE_ADI\Cu_6mm_1000x\Cu_6mm_1000x-054.jpg,Cu_6mm_1000x-054.jpg,6.0,870,90,370,90,1052.7961137699929,858.0126483499662,12.699938827190953,,304.6666666666667,HB,3.47,2.54,0.35,0.012,0.044,0.035,0.7,0.25
Cu_6mm_OC2_*,poprawne_adi,GJS Cu lub Cu,POPRAWNE_ADI\Cu_6mm_1000x,POPRAWNE_ADI\Cu_6mm_1000x\Cu_6mm_1000x-055.jpg,Cu_6mm_1000x-055.jpg,6.0,870,90,370,90,1052.7961137699929,858.0126483499662,12.699938827190953,,304.6666666666667,HB,3.47,2.54,0.35,0.012,0.044,0.035,0.7,0.25
Cu_6mm_OC2_*,poprawne_adi,GJS Cu lub Cu,POPRAWNE_ADI\Cu_6mm_1000x,POPRAWNE_ADI\Cu_6mm_1000x\Cu_6mm_1000x-056.jpg,Cu_6mm_1000x-056.jpg,6.0,870,90,370,90,1052.7961137699929,858.0126483499662,12.699938827190953,,304.6666666666667,HB,3.47,2.54,0.35,0.012,0.044,0.035,0.7,0.25
Cu_6mm_OC2_*,poprawne_adi,GJS Cu lub Cu,POPRAWNE_ADI\Cu_6mm_1000x,POPRAWNE_ADI\Cu_6mm_1000x\Cu_6mm_1000x-057.jpg,Cu_6mm_1000x-057.jpg,6.0,870,90,370,90,1052.7961137699929,858.0126483499662,12.699938827190953,,304.6666666666667,HB,3.47,2.54,0.35,0.012,0.044,0.035,0.7,0.25
Cu_6mm_OC2_*,poprawne_adi,GJS Cu lub Cu,POPRAWNE_ADI\Cu_6mm_1000x,POPRAWNE_ADI\Cu_6mm_1000x\Cu_6mm_1000x-058.jpg,Cu_6mm_1000x-058.jpg,6.0,870,90,370,90,1052.7961137699929,858.0126483499662,12.699938827190953,,304.6666666666667,HB,3.47,2.54,0.35,0.012,0.044,0.035,0.7,0.25
Cu_6mm_OC2_*,poprawne_adi,GJS Cu lub Cu,POPRAWNE_ADI\Cu_6mm_1000x,POPRAWNE_ADI\Cu_6mm_1000x\Cu_6mm_1000x-059.jpg,Cu_6mm_1000x-059.jpg,6.0,870,90,370,90,1052.7961137699929,858.0126483499662,12.699938827190953,,304.6666666666667,HB,3.47,2.54,0.35,0.012,0.044,0.035,0.7,0.25
Cu_6mm_OC2_*,poprawne_adi,GJS Cu lub Cu,POPRAWNE_ADI\Cu_6mm_1000x,POPRAWNE_ADI\Cu_6mm_1000x\Cu_6mm_1000x-060.jpg,Cu_6mm_1000x-060.jpg,6.0,870,90,370,90,1052.7961137699929,858.0126483499662,12.699938827190953,,304.6666666666667,HB,3.47,2.54,0.35,0.012,0.044,0.035,0.7,0.25
Cu_6mm_OC2_*,poprawne_adi,GJS Cu lub Cu,POPRAWNE_ADI\Cu_6mm_1000x,POPRAWNE_ADI\Cu_6mm_1000x\Cu_6mm_1000x-061.jpg,Cu_6mm_1000x-061.jpg,6.0,870,90,370,90,1052.7961137699929,858.0126483499662,12.699938827190953,,304.6666666666667,HB,3.47,2.54,0.35,0.012,0.044,0.035,0.7,0.25
Cu_6mm_OC2_*,poprawne_adi,GJS Cu lub Cu,POPRAWNE_ADI\Cu_6mm_1000x,POPRAWNE_ADI\Cu_6mm_1000x\Cu_6mm_1000x-062.jpg,Cu_6mm_1000x-062.jpg,6.0,870,90,370,90,1052.7961137699929,858.0126483499662,12.699938827190953,,304.6666666666667,HB,3.47,2.54,0.35,0.012,0.044,0.035,0.7,0.25
Cu_6mm_OC2_*,poprawne_adi,GJS Cu lub Cu,POPRAWNE_ADI\Cu_6mm_1000x,POPRAWNE_ADI\Cu_6mm_1000x\Cu_6mm_1000x-063.jpg,Cu_6mm_1000x-063.jpg,6.0,870,90,370,90,1052.7961137699929,858.0126483499662,12.699938827190953,,304.6666666666667,HB,3.47,2.54,0.35,0.012,0.044,0.035,0.7,0.25
Cu_6mm_OC2_*,poprawne_adi,GJS Cu lub Cu,POPRAWNE_ADI\Cu_6mm_1000x,POPRAWNE_ADI\Cu_6mm_1000x\Cu_6mm_1000x-064.jpg,Cu_6mm_1000x-064.jpg,6.0,870,90,370,90,1052.7961137699929,858.0126483499662,12.699938827190953,,304.6666666666667,HB,3.47,2.54,0.35,0.012,0.044,0.035,0.7,0.25
Cu_6mm_OC2_*,poprawne_adi,GJS Cu lub Cu,POPRAWNE_ADI\Cu_6mm_1000x,POPRAWNE_ADI\Cu_6mm_1000x\Cu_6mm_1000x-065.jpg,Cu_6mm_1000x-065.jpg,6.0,870,90,370,90,1052.7961137699929,858.0126483499662,12.699938827190953,,304.6666666666667,HB,3.47,2.54,0.35,0.012,0.044,0.035,0.7,0.25
Cu_6mm_OC2_*,poprawne_adi,GJS Cu lub Cu,POPRAWNE_ADI\Cu_6mm_1000x,POPRAWNE_ADI\Cu_6mm_1000x\Cu_6mm_1000x-066.jpg,Cu_6mm_1000x-066.jpg,6.0,870,90,370,90,1052.7961137699929,858.0126483499662,12.699938827190953,,304.6666666666667,HB,3.47,2.54,0.35,0.012,0.044,0.035,0.7,0.25
Cu_6mm_OC2_*,poprawne_adi,GJS Cu lub Cu,POPRAWNE_ADI\Cu_6mm_1000x,POPRAWNE_ADI\Cu_6mm_1000x\Cu_6mm_1000x-067.jpg,Cu_6mm_1000x-067.jpg,6.0,870,90,370,90,1052.7961137699929,858.0126483499662,12.699938827190953,,304.6666666666667,HB,3.47,2.54,0.35,0.012,0.044,0.035,0.7,0.25
Cu_6mm_OC2_*,poprawne_adi,GJS Cu lub Cu,POPRAWNE_ADI\Cu_6mm_1000x,POPRAWNE_ADI\Cu_6mm_1000x\Cu_6mm_1000x-068.jpg,Cu_6mm_1000x-068.jpg,6.0,870,90,370,90,1052.7961137699929,858.0126483499662,12.699938827190953,,304.6666666666667,HB,3.47,2.54,0.35,0.012,0.044,0.035,0.7,0.25
Cu_6mm_OC2_*,poprawne_adi,GJS Cu lub Cu,POPRAWNE_ADI\Cu_6mm_1000x,POPRAWNE_ADI\Cu_6mm_1000x\Cu_6mm_1000x-069.jpg,Cu_6mm_1000x-069.jpg,6.0,870,90,370,90,1052.7961137699929,858.0126483499662,12.699938827190953,,304.6666666666667,HB,3.47,2.54,0.35,0.012,0.044,0.035,0.7,0.25
Cu_6mm_OC2_*,poprawne_adi,GJS Cu lub Cu,POPRAWNE_ADI\Cu_6mm_1000x,POPRAWNE_ADI\Cu_6mm_1000x\Cu_6mm_1000x-070.jpg,Cu_6mm_1000x-070.jpg,6.0,870,90,370,90,1052.7961137699929,858.0126483499662,12.699938827190953,,304.6666666666667,HB,3.47,2.54,0.35,0.012,0.044,0.035,0.7,0.25
Cu_6mm_OC2_*,poprawne_adi,GJS Cu lub Cu,POPRAWNE_ADI\Cu_6mm_1000x,POPRAWNE_ADI\Cu_6mm_1000x\Cu_6mm_1000x-071.jpg,Cu_6mm_1000x-071.jpg,6.0,870,90,370,90,1052.7961137699929,858.0126483499662,12.699938827190953,,304.6666666666667,HB,3.47,2.54,0.35,0.012,0.044,0.035,0.7,0.25
Cu_6mm_OC2_*,poprawne_adi,GJS Cu lub Cu,POPRAWNE_ADI\Cu_6mm_1000x,POPRAWNE_ADI\Cu_6mm_1000x\Cu_6mm_1000x-072.jpg,Cu_6mm_1000x-072.jpg,6.0,870,90,370,90,1052.7961137699929,858.0126483499662,12.699938827190953,,304.6666666666667,HB,3.47,2.54,0.35,0.012,0.044,0.035,0.7,0.25
Cu_6mm_OC2_*,poprawne_adi,GJS Cu lub Cu,POPRAWNE_ADI\Cu_6mm_1000x,POPRAWNE_ADI\Cu_6mm_1000x\Cu_6mm_1000x-073.jpg,Cu_6mm_1000x-073.jpg,6.0,870,90,370,90,1052.7961137699929,858.0126483499662,12.699938827190953,,304.6666666666667,HB,3.47,2.54,0.35,0.012,0.044,0.035,0.7,0.25
Cu_6mm_OC2_*,poprawne_adi,GJS Cu lub Cu,POPRAWNE_ADI\Cu_6mm_1000x,POPRAWNE_ADI\Cu_6mm_1000x\Cu_6mm_1000x-074.jpg,Cu_6mm_1000x-074.jpg,6.0,870,90,370,90,1052.7961137699929,858.0126483499662,12.699938827190953,,304.6666666666667,HB,3.47,2.54,0.35,0.012,0.044,0.035,0.7,0.25
Cu_6mm_OC2_*,poprawne_adi,GJS Cu lub Cu,POPRAWNE_ADI\Cu_6mm_1000x,POPRAWNE_ADI\Cu_6mm_1000x\Cu_6mm_1000x-075.jpg,Cu_6mm_1000x-075.jpg,6.0,870,90,370,90,1052.7961137699929,858.0126483499662,12.699938827190953,,304.6666666666667,HB,3.47,2.54,0.35,0.012,0.044,0.035,0.7,0.25
Cu_6mm_OC2_*,poprawne_adi,GJS Cu lub Cu,POPRAWNE_ADI\Cu_6mm_1000x,POPRAWNE_ADI\Cu_6mm_1000x\Cu_6mm_1000x-076.jpg,Cu_6mm_1000x-076.jpg,6.0,870,90,370,90,1052.7961137699929,858.0126483499662,12.699938827190953,,304.6666666666667,HB,3.47,2.54,0.35,0.012,0.044,0.035,0.7,0.25
Cu_6mm_OC2_*,poprawne_adi,GJS Cu lub Cu,POPRAWNE_ADI\Cu_6mm_1000x,POPRAWNE_ADI\Cu_6mm_1000x\Cu_6mm_1000x-077.jpg,Cu_6mm_1000x-077.jpg,6.0,870,90,370,90,1052.7961137699929,858.0126483499662,12.699938827190953,,304.6666666666667,HB,3.47,2.54,0.35,0.012,0.044,0.035,0.7,0.25
Cu_6mm_OC2_*,poprawne_adi,GJS Cu lub Cu,POPRAWNE_ADI\Cu_6mm_1000x,POPRAWNE_ADI\Cu_6mm_1000x\Cu_6mm_1000x-078.jpg,Cu_6mm_1000x-078.jpg,6.0,870,90,370,90,1052.7961137699929,858.0126483499662,12.699938827190953,,304.6666666666667,HB,3.47,2.54,0.35,0.012,0.044,0.035,0.7,0.25
Cu_6mm_OC2_*,poprawne_adi,GJS Cu lub Cu,POPRAWNE_ADI\Cu_6mm_1000x,POPRAWNE_ADI\Cu_6mm_1000x\Cu_6mm_1000x-079.jpg,Cu_6mm_1000x-079.jpg,6.0,870,90,370,90,1052.7961137699929,858.0126483499662,12.699938827190953,,304.6666666666667,HB,3.47,2.54,0.35,0.012,0.044,0.035,0.7,0.25
Cu_6mm_OC2_*,poprawne_adi,GJS Cu lub Cu,POPRAWNE_ADI\Cu_6mm_1000x,POPRAWNE_ADI\Cu_6mm_1000x\Cu_6mm_1000x-080.jpg,Cu_6mm_1000x-080.jpg,6.0,870,90,370,90,1052.7961137699929,858.0126483499662,12.699938827190953,,304.6666666666667,HB,3.47,2.54,0.35,0.012,0.044,0.035,0.7,0.25
Cu_6mm_OC2_*,poprawne_adi,GJS Cu lub Cu,POPRAWNE_ADI\Cu_6mm_1000x,POPRAWNE_ADI\Cu_6mm_1000x\Cu_6mm_1000x-081.jpg,Cu_6mm_1000x-081.jpg,6.0,870,90,370,90,1052.7961137699929,858.0126483499662,12.699938827190953,,304.6666666666667,HB,3.47,2.54,0.35,0.012,0.044,0.035,0.7,0.25
Cu_6mm_OC2_*,poprawne_adi,GJS Cu lub Cu,POPRAWNE_ADI\Cu_6mm_1000x,POPRAWNE_ADI\Cu_6mm_1000x\Cu_6mm_1000x-082.jpg,Cu_6mm_1000x-082.jpg,6.0,870,90,370,90,1052.7961137699929,858.0126483499662,12.699938827190953,,304.6666666666667,HB,3.47,2.54,0.35,0.012,0.044,0.035,0.7,0.25
Cu_6mm_OC2_*,poprawne_adi,GJS Cu lub Cu,POPRAWNE_ADI\Cu_6mm_1000x,POPRAWNE_ADI\Cu_6mm_1000x\Cu_6mm_1000x-083.jpg,Cu_6mm_1000x-083.jpg,6.0,870,90,370,90,1052.7961137699929,858.0126483499662,12.699938827190953,,304.6666666666667,HB,3.47,2.54,0.35,0.012,0.044,0.035,0.7,0.25
Cu_6mm_OC2_*,poprawne_adi,GJS Cu lub Cu,POPRAWNE_ADI\Cu_6mm_1000x,POPRAWNE_ADI\Cu_6mm_1000x\Cu_6mm_1000x-084.jpg,Cu_6mm_1000x-084.jpg,6.0,870,90,370,90,1052.7961137699929,858.0126483499662,12.699938827190953,,304.6666666666667,HB,3.47,2.54,0.35,0.012,0.044,0.035,0.7,0.25
Cu_6mm_OC2_*,poprawne_adi,GJS Cu lub Cu,POPRAWNE_ADI\Cu_6mm_1000x,POPRAWNE_ADI\Cu_6mm_1000x\Cu_6mm_1000x-085.jpg,Cu_6mm_1000x-085.jpg,6.0,870,90,370,90,1052.7961137699929,858.0126483499662,12.699938827190953,,304.6666666666667,HB,3.47,2.54,0.35,0.012,0.044,0.035,0.7,0.25
Cu_6mm_OC2_*,poprawne_adi,GJS Cu lub Cu,POPRAWNE_ADI\Cu_6mm_1000x,POPRAWNE_ADI\Cu_6mm_1000x\Cu_6mm_1000x-086.jpg,Cu_6mm_1000x-086.jpg,6.0,870,90,370,90,1052.7961137699929,858.0126483499662,12.699938827190953,,304.6666666666667,HB,3.47,2.54,0.35,0.012,0.044,0.035,0.7,0.25
Cu_6mm_OC2_*,poprawne_adi,GJS Cu lub Cu,POPRAWNE_ADI\Cu_6mm_1000x,POPRAWNE_ADI\Cu_6mm_1000x\Cu_6mm_1000x-087.jpg,Cu_6mm_1000x-087.jpg,6.0,870,90,370,90,1052.7961137699929,858.0126483499662,12.699938827190953,,304.6666666666667,HB,3.47,2.54,0.35,0.012,0.044,0.035,0.7,0.25
Cu_6mm_OC2_*,poprawne_adi,GJS Cu lub Cu,POPRAWNE_ADI\Cu_6mm_1000x,POPRAWNE_ADI\Cu_6mm_1000x\Cu_6mm_1000x-088.jpg,Cu_6mm_1000x-088.jpg,6.0,870,90,370,90,1052.7961137699929,858.0126483499662,12.699938827190953,,304.6666666666667,HB,3.47,2.54,0.35,0.012,0.044,0.035,0.7,0.25
Cu_6mm_OC2_*,poprawne_adi,GJS Cu lub Cu,POPRAWNE_ADI\Cu_6mm_1000x,POPRAWNE_ADI\Cu_6mm_1000x\Cu_6mm_1000x-089.jpg,Cu_6mm_1000x-089.jpg,6.0,870,90,370,90,1052.7961137699929,858.0126483499662,12.699938827190953,,304.6666666666667,HB,3.47,2.54,0.35,0.012,0.044,0.035,0.7,0.25
Cu_6mm_OC2_*,poprawne_adi,GJS Cu lub Cu,POPRAWNE_ADI\Cu_6mm_1000x,POPRAWNE_ADI\Cu_6mm_1000x\Cu_6mm_1000x-090.jpg,Cu_6mm_1000x-090.jpg,6.0,870,90,370,90,1052.7961137699929,858.0126483499662,12.699938827190953,,304.6666666666667,HB,3.47,2.54,0.35,0.012,0.044,0.035,0.7,0.25
Cu_6mm_OC2_*,poprawne_adi,GJS Cu lub Cu,POPRAWNE_ADI\Cu_6mm_1000x,POPRAWNE_ADI\Cu_6mm_1000x\Cu_6mm_1000x-091.jpg,Cu_6mm_1000x-091.jpg,6.0,870,90,370,90,1052.7961137699929,858.0126483499662,12.699938827190953,,304.6666666666667,HB,3.47,2.54,0.35,0.012,0.044,0.035,0.7,0.25
Cu_6mm_OC2_*,poprawne_adi,GJS Cu lub Cu,POPRAWNE_ADI\Cu_6mm_1000x,POPRAWNE_ADI\Cu_6mm_1000x\Cu_6mm_1000x-092.jpg,Cu_6mm_1000x-092.jpg,6.0,870,90,370,90,1052.7961137699929,858.0126483499662,12.699938827190953,,304.6666666666667,HB,3.47,2.54,0.35,0.012,0.044,0.035,0.7,0.25
Cu_6mm_OC2_*,poprawne_adi,GJS Cu lub Cu,POPRAWNE_ADI\Cu_6mm_1000x,POPRAWNE_ADI\Cu_6mm_1000x\Cu_6mm_1000x-093.jpg,Cu_6mm_1000x-093.jpg,6.0,870,90,370,90,1052.7961137699929,858.0126483499662,12.699938827190953,,304.6666666666667,HB,3.47,2.54,0.35,0.012,0.044,0.035,0.7,0.25
Cu_6mm_OC2_*,poprawne_adi,GJS Cu lub Cu,POPRAWNE_ADI\Cu_6mm_1000x,POPRAWNE_ADI\Cu_6mm_1000x\Cu_6mm_1000x-094.jpg,Cu_6mm_1000x-094.jpg,6.0,870,90,370,90,1052.7961137699929,858.0126483499662,12.699938827190953,,304.6666666666667,HB,3.47,2.54,0.35,0.012,0.044,0.035,0.7,0.25
Cu_6mm_OC2_*,poprawne_adi,GJS Cu lub Cu,POPRAWNE_ADI\Cu_6mm_1000x,POPRAWNE_ADI\Cu_6mm_1000x\Cu_6mm_1000x-095.jpg,Cu_6mm_1000x-095.jpg,6.0,870,90,370,90,1052.7961137699929,858.0126483499662,12.699938827190953,,304.6666666666667,HB,3.47,2.54,0.35,0.012,0.044,0.035,0.7,0.25
Cu_6mm_OC2_*,poprawne_adi,GJS Cu lub Cu,POPRAWNE_ADI\Cu_6mm_1000x,POPRAWNE_ADI\Cu_6mm_1000x\Cu_6mm_1000x-096.jpg,Cu_6mm_1000x-096.jpg,6.0,870,90,370,90,1052.7961137699929,858.0126483499662,12.699938827190953,,304.6666666666667,HB,3.47,2.54,0.35,0.012,0.044,0.035,0.7,0.25
Cu_6mm_OC2_*,poprawne_adi,GJS Cu lub Cu,POPRAWNE_ADI\Cu_6mm_1000x,POPRAWNE_ADI\Cu_6mm_1000x\Cu_6mm_1000x-097.jpg,Cu_6mm_1000x-097.jpg,6.0,870,90,370,90,1052.7961137699929,858.0126483499662,12.699938827190953,,304.6666666666667,HB,3.47,2.54,0.35,0.012,0.044,0.035,0.7,0.25
Cu_6mm_OC2_*,poprawne_adi,GJS Cu lub Cu,POPRAWNE_ADI\Cu_6mm_1000x,POPRAWNE_ADI\Cu_6mm_1000x\Cu_6mm_1000x-098.jpg,Cu_6mm_1000x-098.jpg,6.0,870,90,370,90,1052.7961137699929,858.0126483499662,12.699938827190953,,304.6666666666667,HB,3.47,2.54,0.35,0.012,0.044,0.035,0.7,0.25
Cu_6mm_OC2_*,poprawne_adi,GJS Cu lub Cu,POPRAWNE_ADI\Cu_6mm_1000x,POPRAWNE_ADI\Cu_6mm_1000x\Cu_6mm_1000x-099.jpg,Cu_6mm_1000x-099.jpg,6.0,870,90,370,90,1052.7961137699929,858.0126483499662,12.699938827190953,,304.6666666666667,HB,3.47,2.54,0.35,0.012,0.044,0.035,0.7,0.25
Cu_6mm_OC2_*,poprawne_adi,GJS Cu lub Cu,POPRAWNE_ADI\Cu_6mm_1000x,POPRAWNE_ADI\Cu_6mm_1000x\Cu_6mm_1000x-100.jpg,Cu_6mm_1000x-100.jpg,6.0,870,90,370,90,1052.7961137699929,858.0126483499662,12.699938827190953,,304.6666666666667,HB,3.47,2.54,0.35,0.012,0.044,0.035,0.7,0.25
Cu_6mm_OC2_*,poprawne_adi,GJS Cu lub Cu,POPRAWNE_ADI\Cu_6mm_1000x,POPRAWNE_ADI\Cu_6mm_1000x\Cu_6mm_1000x-101.jpg,Cu_6mm_1000x-101.jpg,6.0,870,90,370,90,1052.7961137699929,858.0126483499662,12.699938827190953,,304.6666666666667,HB,3.47,2.54,0.35,0.012,0.044,0.035,0.7,0.25
Cu_6mm_OC2_*,poprawne_adi,GJS Cu lub Cu,POPRAWNE_ADI\Cu_6mm_1000x,POPRAWNE_ADI\Cu_6mm_1000x\Cu_6mm_1000x-102.jpg,Cu_6mm_1000x-102.jpg,6.0,870,90,370,90,1052.7961137699929,858.0126483499662,12.699938827190953,,304.6666666666667,HB,3.47,2.54,0.35,0.012,0.044,0.035,0.7,0.25
Cu_6mm_OC2_*,poprawne_adi,GJS Cu lub Cu,POPRAWNE_ADI\Cu_6mm_1000x,POPRAWNE_ADI\Cu_6mm_1000x\Cu_6mm_1000x-103.jpg,Cu_6mm_1000x-103.jpg,6.0,870,90,370,90,1052.7961137699929,858.0126483499662,12.699938827190953,,304.6666666666667,HB,3.47,2.54,0.35,0.012,0.044,0.035,0.7,0.25
Cu_6mm_OC2_*,poprawne_adi,GJS Cu lub Cu,POPRAWNE_ADI\Cu_6mm_1000x,POPRAWNE_ADI\Cu_6mm_1000x\Cu_6mm_1000x-104.jpg,Cu_6mm_1000x-104.jpg,6.0,870,90,370,90,1052.7961137699929,858.0126483499662,12.699938827190953,,304.6666666666667,HB,3.47,2.54,0.35,0.012,0.044,0.035,0.7,0.25
Cu_6mm_OC2_*,poprawne_adi,GJS Cu lub Cu,POPRAWNE_ADI\Cu_6mm_1000x,POPRAWNE_ADI\Cu_6mm_1000x\Cu_6mm_1000x-105.jpg,Cu_6mm_1000x-105.jpg,6.0,870,90,370,90,1052.7961137699929,858.0126483499662,12.699938827190953,,304.6666666666667,HB,3.47,2.54,0.35,0.012,0.044,0.035,0.7,0.25
Cu_6mm_OC2_*,poprawne_adi,GJS Cu lub Cu,POPRAWNE_ADI\Cu_6mm_1000x,POPRAWNE_ADI\Cu_6mm_1000x\Cu_6mm_1000x-106.jpg,Cu_6mm_1000x-106.jpg,6.0,870,90,370,90,1052.7961137699929,858.0126483499662,12.699938827190953,,304.6666666666667,HB,3.47,2.54,0.35,0.012,0.044,0.035,0.7,0.25
Cu_6mm_OC2_*,poprawne_adi,GJS Cu lub Cu,POPRAWNE_ADI\Cu_6mm_1000x,POPRAWNE_ADI\Cu_6mm_1000x\Cu_6mm_1000x-107.jpg,Cu_6mm_1000x-107.jpg,6.0,870,90,370,90,1052.7961137699929,858.0126483499662,12.699938827190953,,304.6666666666667,HB,3.47,2.54,0.35,0.012,0.044,0.035,0.7,0.25
Cu_6mm_OC2_*,poprawne_adi,GJS Cu lub Cu,POPRAWNE_ADI\Cu_6mm_1000x,POPRAWNE_ADI\Cu_6mm_1000x\Cu_6mm_1000x-108.jpg,Cu_6mm_1000x-108.jpg,6.0,870,90,370,90,1052.7961137699929,858.0126483499662,12.699938827190953,,304.6666666666667,HB,3.47,2.54,0.35,0.012,0.044,0.035,0.7,0.25
Cu_6mm_OC2_*,poprawne_adi,GJS Cu lub Cu,POPRAWNE_ADI\Cu_6mm_1000x,POPRAWNE_ADI\Cu_6mm_1000x\Cu_6mm_1000x-109.jpg,Cu_6mm_1000x-109.jpg,6.0,870,90,370,90,1052.7961137699929,858.0126483499662,12.699938827190953,,304.6666666666667,HB,3.47,2.54,0.35,0.012,0.044,0.035,0.7,0.25
Cu_6mm_OC2_*,poprawne_adi,GJS Cu lub Cu,POPRAWNE_ADI\Cu_6mm_1000x,POPRAWNE_ADI\Cu_6mm_1000x\Cu_6mm_1000x-110.jpg,Cu_6mm_1000x-110.jpg,6.0,870,90,370,90,1052.7961137699929,858.0126483499662,12.699938827190953,,304.6666666666667,HB,3.47,2.54,0.35,0.012,0.044,0.035,0.7,0.25
Cu_6mm_OC2_*,poprawne_adi,GJS Cu lub Cu,POPRAWNE_ADI\Cu_6mm_1000x,POPRAWNE_ADI\Cu_6mm_1000x\Cu_6mm_1000x-111.jpg,Cu_6mm_1000x-111.jpg,6.0,870,90,370,90,1052.7961137699929,858.0126483499662,12.699938827190953,,304.6666666666667,HB,3.47,2.54,0.35,0.012,0.044,0.035,0.7,0.25
Cu_6mm_OC2_*,poprawne_adi,GJS Cu lub Cu,POPRAWNE_ADI\Cu_6mm_1000x,POPRAWNE_ADI\Cu_6mm_1000x\Cu_6mm_1000x-112.jpg,Cu_6mm_1000x-112.jpg,6.0,870,90,370,90,1052.7961137699929,858.0126483499662,12.699938827190953,,304.6666666666667,HB,3.47,2.54,0.35,0.012,0.044,0.035,0.7,0.25
Cu_6mm_OC2_*,poprawne_adi,GJS Cu lub Cu,POPRAWNE_ADI\Cu_6mm_1000x,POPRAWNE_ADI\Cu_6mm_1000x\Cu_6mm_1000x-113.jpg,Cu_6mm_1000x-113.jpg,6.0,870,90,370,90,1052.7961137699929,858.0126483499662,12.699938827190953,,304.6666666666667,HB,3.47,2.54,0.35,0.012,0.044,0.035,0.7,0.25
Cu_6mm_OC2_*,poprawne_adi,GJS Cu lub Cu,POPRAWNE_ADI\Cu_6mm_1000x,POPRAWNE_ADI\Cu_6mm_1000x\Cu_6mm_1000x-114.jpg,Cu_6mm_1000x-114.jpg,6.0,870,90,370,90,1052.7961137699929,858.0126483499662,12.699938827190953,,304.6666666666667,HB,3.47,2.54,0.35,0.012,0.044,0.035,0.7,0.25
Cu_6mm_OC2_*,poprawne_adi,GJS Cu lub Cu,POPRAWNE_ADI\Cu_6mm_1000x,POPRAWNE_ADI\Cu_6mm_1000x\Cu_6mm_1000x-115.jpg,Cu_6mm_1000x-115.jpg,6.0,870,90,370,90,1052.7961137699929,858.0126483499662,12.699938827190953,,304.6666666666667,HB,3.47,2.54,0.35,0.012,0.044,0.035,0.7,0.25
Cu_6mm_OC2_*,poprawne_adi,GJS Cu lub Cu,POPRAWNE_ADI\Cu_6mm_1000x,POPRAWNE_ADI\Cu_6mm_1000x\Cu_6mm_1000x-116.jpg,Cu_6mm_1000x-116.jpg,6.0,870,90,370,90,1052.7961137699929,858.0126483499662,12.699938827190953,,304.6666666666667,HB,3.47,2.54,0.35,0.012,0.044,0.035,0.7,0.25
Cu_6mm_OC2_*,poprawne_adi,GJS Cu lub Cu,POPRAWNE_ADI\Cu_6mm_1000x,POPRAWNE_ADI\Cu_6mm_1000x\Cu_6mm_1000x-117.jpg,Cu_6mm_1000x-117.jpg,6.0,870,90,370,90,1052.7961137699929,858.0126483499662,12.699938827190953,,304.6666666666667,HB,3.47,2.54,0.35,0.012,0.044,0.035,0.7,0.25
Cu_6mm_OC2_*,poprawne_adi,GJS Cu lub Cu,POPRAWNE_ADI\Cu_6mm_1000x,POPRAWNE_ADI\Cu_6mm_1000x\Cu_6mm_1000x-118.jpg,Cu_6mm_1000x-118.jpg,6.0,870,90,370,90,1052.7961137699929,858.0126483499662,12.699938827190953,,304.6666666666667,HB,3.47,2.54,0.35,0.012,0.044,0.035,0.7,0.25
Cu_6mm_OC2_*,poprawne_adi,GJS Cu lub Cu,POPRAWNE_ADI\Cu_6mm_1000x,POPRAWNE_ADI\Cu_6mm_1000x\Cu_6mm_1000x-119.jpg,Cu_6mm_1000x-119.jpg,6.0,870,90,370,90,1052.7961137699929,858.0126483499662,12.699938827190953,,304.6666666666667,HB,3.47,2.54,0.35,0.012,0.044,0.035,0.7,0.25
Cu_6mm_OC2_*,poprawne_adi,GJS Cu lub Cu,POPRAWNE_ADI\Cu_6mm_1000x,POPRAWNE_ADI\Cu_6mm_1000x\Cu_6mm_1000x-120.jpg,Cu_6mm_1000x-120.jpg,6.0,870,90,370,90,1052.7961137699929,858.0126483499662,12.699938827190953,,304.6666666666667,HB,3.47,2.54,0.35,0.012,0.044,0.035,0.7,0.25
Cu_6mm_OC2_*,poprawne_adi,GJS Cu lub Cu,POPRAWNE_ADI\Cu_6mm_1000x,POPRAWNE_ADI\Cu_6mm_1000x\Cu_6mm_1000x-121.jpg,Cu_6mm_1000x-121.jpg,6.0,870,90,370,90,1052.7961137699929,858.0126483499662,12.699938827190953,,304.6666666666667,HB,3.47,2.54,0.35,0.012,0.044,0.035,0.7,0.25
Cu_6mm_OC2_*,poprawne_adi,GJS Cu lub Cu,POPRAWNE_ADI\Cu_6mm_1000x,POPRAWNE_ADI\Cu_6mm_1000x\Cu_6mm_1000x-122.jpg,Cu_6mm_1000x-122.jpg,6.0,870,90,370,90,1052.7961137699929,858.0126483499662,12.699938827190953,,304.6666666666667,HB,3.47,2.54,0.35,0.012,0.044,0.035,0.7,0.25
Cu_6mm_OC2_*,poprawne_adi,GJS Cu lub Cu,POPRAWNE_ADI\Cu_6mm_1000x,POPRAWNE_ADI\Cu_6mm_1000x\Cu_6mm_1000x-123.jpg,Cu_6mm_1000x-123.jpg,6.0,870,90,370,90,1052.7961137699929,858.0126483499662,12.699938827190953,,304.6666666666667,HB,3.47,2.54,0.35,0.012,0.044,0.035,0.7,0.25
Cu_6mm_OC2_*,poprawne_adi,GJS Cu lub Cu,POPRAWNE_ADI\Cu_6mm_1000x,POPRAWNE_ADI\Cu_6mm_1000x\Cu_6mm_1000x-124.jpg,Cu_6mm_1000x-124.jpg,6.0,870,90,370,90,1052.7961137699929,858.0126483499662,12.699938827190953,,304.6666666666667,HB,3.47,2.54,0.35,0.012,0.044,0.035,0.7,0.25
Cu_6mm_OC2_*,poprawne_adi,GJS Cu lub Cu,POPRAWNE_ADI\Cu_6mm_1000x,POPRAWNE_ADI\Cu_6mm_1000x\Cu_6mm_1000x-125.jpg,Cu_6mm_1000x-125.jpg,6.0,870,90,370,90,1052.7961137699929,858.0126483499662,12.699938827190953,,304.6666666666667,HB,3.47,2.54,0.35,0.012,0.044,0.035,0.7,0.25
Cu_6mm_OC2_*,poprawne_adi,GJS Cu lub Cu,POPRAWNE_ADI\Cu_6mm_1000x,POPRAWNE_ADI\Cu_6mm_1000x\Cu_6mm_1000x-126.jpg,Cu_6mm_1000x-126.jpg,6.0,870,90,370,90,1052.7961137699929,858.0126483499662,12.699938827190953,,304.6666666666667,HB,3.47,2.54,0.35,0.012,0.044,0.035,0.7,0.25
Cu_6mm_OC2_*,poprawne_adi,GJS Cu lub Cu,POPRAWNE_ADI\Cu_6mm_1000x,POPRAWNE_ADI\Cu_6mm_1000x\Cu_6mm_1000x-127.jpg,Cu_6mm_1000x-127.jpg,6.0,870,90,370,90,1052.7961137699929,858.0126483499662,12.699938827190953,,304.6666666666667,HB,3.47,2.54,0.35,0.012,0.044,0.035,0.7,0.25
Cu_6mm_OC2_*,poprawne_adi,GJS Cu lub Cu,POPRAWNE_ADI\Cu_6mm_1000x,POPRAWNE_ADI\Cu_6mm_1000x\Cu_6mm_1000x-128.jpg,Cu_6mm_1000x-128.jpg,6.0,870,90,370,90,1052.7961137699929,858.0126483499662,12.699938827190953,,304.6666666666667,HB,3.47,2.54,0.35,0.012,0.044,0.035,0.7,0.25
Cu_6mm_OC2_*,poprawne_adi,GJS Cu lub Cu,POPRAWNE_ADI\Cu_6mm_1000x,POPRAWNE_ADI\Cu_6mm_1000x\Cu_6mm_1000x-129.jpg,Cu_6mm_1000x-129.jpg,6.0,870,90,370,90,1052.7961137699929,858.0126483499662,12.699938827190953,,304.6666666666667,HB,3.47,2.54,0.35,0.012,0.044,0.035,0.7,0.25
Cu_6mm_OC2_*,poprawne_adi,GJS Cu lub Cu,POPRAWNE_ADI\Cu_6mm_1000x,POPRAWNE_ADI\Cu_6mm_1000x\Cu_6mm_1000x-130.jpg,Cu_6mm_1000x-130.jpg,6.0,870,90,370,90,1052.7961137699929,858.0126483499662,12.699938827190953,,304.6666666666667,HB,3.47,2.54,0.35,0.012,0.044,0.035,0.7,0.25
Cu_6mm_OC2_*,poprawne_adi,GJS Cu lub Cu,POPRAWNE_ADI\Cu_6mm_1000x,POPRAWNE_ADI\Cu_6mm_1000x\Cu_6mm_1000x-131.jpg,Cu_6mm_1000x-131.jpg,6.0,870,90,370,90,1052.7961137699929,858.0126483499662,12.699938827190953,,304.6666666666667,HB,3.47,2.54,0.35,0.012,0.044,0.035,0.7,0.25
Cu_6mm_OC2_*,poprawne_adi,GJS Cu lub Cu,POPRAWNE_ADI\Cu_6mm_1000x,POPRAWNE_ADI\Cu_6mm_1000x\Cu_6mm_1000x-132.jpg,Cu_6mm_1000x-132.jpg,6.0,870,90,370,90,1052.7961137699929,858.0126483499662,12.699938827190953,,304.6666666666667,HB,3.47,2.54,0.35,0.012,0.044,0.035,0.7,0.25
Cu_6mm_OC2_*,poprawne_adi,GJS Cu lub Cu,POPRAWNE_ADI\Cu_6mm_1000x,POPRAWNE_ADI\Cu_6mm_1000x\Cu_6mm_1000x-133.jpg,Cu_6mm_1000x-133.jpg,6.0,870,90,370,90,1052.7961137699929,858.0126483499662,12.699938827190953,,304.6666666666667,HB,3.47,2.54,0.35,0.012,0.044,0.035,0.7,0.25
Cu_6mm_OC2_*,poprawne_adi,GJS Cu lub Cu,POPRAWNE_ADI\Cu_6mm_1000x,POPRAWNE_ADI\Cu_6mm_1000x\Cu_6mm_1000x-134.jpg,Cu_6mm_1000x-134.jpg,6.0,870,90,370,90,1052.7961137699929,858.0126483499662,12.699938827190953,,304.6666666666667,HB,3.47,2.54,0.35,0.012,0.044,0.035,0.7,0.25
Cu_6mm_OC2_*,poprawne_adi,GJS Cu lub Cu,POPRAWNE_ADI\Cu_6mm_1000x,POPRAWNE_ADI\Cu_6mm_1000x\Cu_6mm_1000x-135.jpg,Cu_6mm_1000x-135.jpg,6.0,870,90,370,90,1052.7961137699929,858.0126483499662,12.699938827190953,,304.6666666666667,HB,3.47,2.54,0.35,0.012,0.044,0.035,0.7,0.25
Cu_6mm_OC2_*,poprawne_adi,GJS Cu lub Cu,POPRAWNE_ADI\Cu_6mm_1000x,POPRAWNE_ADI\Cu_6mm_1000x\Cu_6mm_1000x-136.jpg,Cu_6mm_1000x-136.jpg,6.0,870,90,370,90,1052.7961137699929,858.0126483499662,12.699938827190953,,304.6666666666667,HB,3.47,2.54,0.35,0.012,0.044,0.035,0.7,0.25
Cu_6mm_OC2_*,poprawne_adi,GJS Cu lub Cu,POPRAWNE_ADI\Cu_6mm_1000x,POPRAWNE_ADI\Cu_6mm_1000x\Cu_6mm_1000x-137.jpg,Cu_6mm_1000x-137.jpg,6.0,870,90,370,90,1052.7961137699929,858.0126483499662,12.699938827190953,,304.6666666666667,HB,3.47,2.54,0.35,0.012,0.044,0.035,0.7,0.25
Cu_6mm_OC2_*,poprawne_adi,GJS Cu lub Cu,POPRAWNE_ADI\Cu_6mm_1000x,POPRAWNE_ADI\Cu_6mm_1000x\Cu_6mm_1000x-138.jpg,Cu_6mm_1000x-138.jpg,6.0,870,90,370,90,1052.7961137699929,858.0126483499662,12.699938827190953,,304.6666666666667,HB,3.47,2.54,0.35,0.012,0.044,0.035,0.7,0.25
Cu_6mm_OC2_*,poprawne_adi,GJS Cu lub Cu,POPRAWNE_ADI\Cu_6mm_1000x,POPRAWNE_ADI\Cu_6mm_1000x\Cu_6mm_1000x-139.jpg,Cu_6mm_1000x-139.jpg,6.0,870,90,370,90,1052.7961137699929,858.0126483499662,12.699938827190953,,304.6666666666667,HB,3.47,2.54,0.35,0.012,0.044,0.035,0.7,0.25
Cu_6mm_OC2_*,poprawne_adi,GJS Cu lub Cu,POPRAWNE_ADI\Cu_6mm_1000x,POPRAWNE_ADI\Cu_6mm_1000x\Cu_6mm_1000x-140.jpg,Cu_6mm_1000x-140.jpg,6.0,870,90,370,90,1052.7961137699929,858.0126483499662,12.699938827190953,,304.6666666666667,HB,3.47,2.54,0.35,0.012,0.044,0.035,0.7,0.25
Cu_6mm_OC2_*,poprawne_adi,GJS Cu lub Cu,POPRAWNE_ADI\Cu_6mm_1000x,POPRAWNE_ADI\Cu_6mm_1000x\Cu_6mm_1000x-141.jpg,Cu_6mm_1000x-141.jpg,6.0,870,90,370,90,1052.7961137699929,858.0126483499662,12.699938827190953,,304.6666666666667,HB,3.47,2.54,0.35,0.012,0.044,0.035,0.7,0.25
Cu_6mm_OC2_*,poprawne_adi,GJS Cu lub Cu,POPRAWNE_ADI\Cu_6mm_1000x,POPRAWNE_ADI\Cu_6mm_1000x\Cu_6mm_1000x-142.jpg,Cu_6mm_1000x-142.jpg,6.0,870,90,370,90,1052.7961137699929,858.0126483499662,12.699938827190953,,304.6666666666667,HB,3.47,2.54,0.35,0.012,0.044,0.035,0.7,0.25
Cu_6mm_OC2_*,poprawne_adi,GJS Cu lub Cu,POPRAWNE_ADI\Cu_6mm_1000x,POPRAWNE_ADI\Cu_6mm_1000x\Cu_6mm_1000x-143.jpg,Cu_6mm_1000x-143.jpg,6.0,870,90,370,90,1052.7961137699929,858.0126483499662,12.699938827190953,,304.6666666666667,HB,3.47,2.54,0.35,0.012,0.044,0.035,0.7,0.25
Cu_6mm_OC2_*,poprawne_adi,GJS Cu lub Cu,POPRAWNE_ADI\Cu_6mm_1000x,POPRAWNE_ADI\Cu_6mm_1000x\Cu_6mm_1000x-144.jpg,Cu_6mm_1000x-144.jpg,6.0,870,90,370,90,1052.7961137699929,858.0126483499662,12.699938827190953,,304.6666666666667,HB,3.47,2.54,0.35,0.012,0.044,0.035,0.7,0.25
Cu_6mm_OC2_*,poprawne_adi,GJS Cu lub Cu,POPRAWNE_ADI\Cu_6mm_1000x,POPRAWNE_ADI\Cu_6mm_1000x\Cu_6mm_1000x-145.jpg,Cu_6mm_1000x-145.jpg,6.0,870,90,370,90,1052.7961137699929,858.0126483499662,12.699938827190953,,304.6666666666667,HB,3.47,2.54,0.35,0.012,0.044,0.035,0.7,0.25
Cu_6mm_OC2_*,poprawne_adi,GJS Cu lub Cu,POPRAWNE_ADI\Cu_6mm_1000x,POPRAWNE_ADI\Cu_6mm_1000x\Cu_6mm_1000x-146.jpg,Cu_6mm_1000x-146.jpg,6.0,870,90,370,90,1052.7961137699929,858.0126483499662,12.699938827190953,,304.6666666666667,HB,3.47,2.54,0.35,0.012,0.044,0.035,0.7,0.25
Cu_6mm_OC2_*,poprawne_adi,GJS Cu lub Cu,POPRAWNE_ADI\Cu_6mm_1000x,POPRAWNE_ADI\Cu_6mm_1000x\Cu_6mm_1000x-147.jpg,Cu_6mm_1000x-147.jpg,6.0,870,90,370,90,1052.7961137699929,858.0126483499662,12.699938827190953,,304.6666666666667,HB,3.47,2.54,0.35,0.012,0.044,0.035,0.7,0.25
Cu_6mm_OC2_*,poprawne_adi,GJS Cu lub Cu,POPRAWNE_ADI\Cu_6mm_1000x,POPRAWNE_ADI\Cu_6mm_1000x\Cu_6mm_1000x-148.jpg,Cu_6mm_1000x-148.jpg,6.0,870,90,370,90,1052.7961137699929,858.0126483499662,12.699938827190953,,304.6666666666667,HB,3.47,2.54,0.35,0.012,0.044,0.035,0.7,0.25
Cu_6mm_OC2_*,poprawne_adi,GJS Cu lub Cu,POPRAWNE_ADI\Cu_6mm_1000x,POPRAWNE_ADI\Cu_6mm_1000x\Cu_6mm_1000x-149.jpg,Cu_6mm_1000x-149.jpg,6.0,870,90,370,90,1052.7961137699929,858.0126483499662,12.699938827190953,,304.6666666666667,HB,3.47,2.54,0.35,0.012,0.044,0.035,0.7,0.25
Cu_6mm_OC2_*,poprawne_adi,GJS Cu lub Cu,POPRAWNE_ADI\Cu_6mm_1000x,POPRAWNE_ADI\Cu_6mm_1000x\Cu_6mm_1000x-150.jpg,Cu_6mm_1000x-150.jpg,6.0,870,90,370,90,1052.7961137699929,858.0126483499662,12.699938827190953,,304.6666666666667,HB,3.47,2.54,0.35,0.012,0.044,0.035,0.7,0.25
Cu_6mm_OC2_*,poprawne_adi,GJS Cu lub Cu,POPRAWNE_ADI\Cu_6mm_1000x,POPRAWNE_ADI\Cu_6mm_1000x\Cu_6mm_1000x-151.jpg,Cu_6mm_1000x-151.jpg,6.0,870,90,370,90,1052.7961137699929,858.0126483499662,12.699938827190953,,304.6666666666667,HB,3.47,2.54,0.35,0.012,0.044,0.035,0.7,0.25
Cu_6mm_OC2_*,poprawne_adi,GJS Cu lub Cu,POPRAWNE_ADI\Cu_6mm_1000x,POPRAWNE_ADI\Cu_6mm_1000x\Cu_6mm_1000x-152.jpg,Cu_6mm_1000x-152.jpg,6.0,870,90,370,90,1052.7961137699929,858.0126483499662,12.699938827190953,,304.6666666666667,HB,3.47,2.54,0.35,0.012,0.044,0.035,0.7,0.25
Cu_6mm_OC2_*,poprawne_adi,GJS Cu lub Cu,POPRAWNE_ADI\Cu_6mm_1000x,POPRAWNE_ADI\Cu_6mm_1000x\Cu_6mm_1000x-153.jpg,Cu_6mm_1000x-153.jpg,6.0,870,90,370,90,1052.7961137699929,858.0126483499662,12.699938827190953,,304.6666666666667,HB,3.47,2.54,0.35,0.012,0.044,0.035,0.7,0.25
Cu_6mm_OC2_*,poprawne_adi,GJS Cu lub Cu,POPRAWNE_ADI\Cu_6mm_1000x,POPRAWNE_ADI\Cu_6mm_1000x\Cu_6mm_1000x-154.jpg,Cu_6mm_1000x-154.jpg,6.0,870,90,370,90,1052.7961137699929,858.0126483499662,12.699938827190953,,304.6666666666667,HB,3.47,2.54,0.35,0.012,0.044,0.035,0.7,0.25
Cu_6mm_OC2_*,poprawne_adi,GJS Cu lub Cu,POPRAWNE_ADI\Cu_6mm_1000x,POPRAWNE_ADI\Cu_6mm_1000x\Cu_6mm_1000x-155.jpg,Cu_6mm_1000x-155.jpg,6.0,870,90,370,90,1052.7961137699929,858.0126483499662,12.699938827190953,,304.6666666666667,HB,3.47,2.54,0.35,0.012,0.044,0.035,0.7,0.25
Cu_6mm_OC2_*,poprawne_adi,GJS Cu lub Cu,POPRAWNE_ADI\Cu_6mm_1000x,POPRAWNE_ADI\Cu_6mm_1000x\Cu_6mm_1000x-156.jpg,Cu_6mm_1000x-156.jpg,6.0,870,90,370,90,1052.7961137699929,858.0126483499662,12.699938827190953,,304.6666666666667,HB,3.47,2.54,0.35,0.012,0.044,0.035,0.7,0.25
Cu_6mm_OC2_*,poprawne_adi,GJS Cu lub Cu,POPRAWNE_ADI\Cu_6mm_1000x,POPRAWNE_ADI\Cu_6mm_1000x\Cu_6mm_1000x-157.jpg,Cu_6mm_1000x-157.jpg,6.0,870,90,370,90,1052.7961137699929,858.0126483499662,12.699938827190953,,304.6666666666667,HB,3.47,2.54,0.35,0.012,0.044,0.035,0.7,0.25
Cu_6mm_OC2_*,poprawne_adi,GJS Cu lub Cu,POPRAWNE_ADI\Cu_6mm_1000x,POPRAWNE_ADI\Cu_6mm_1000x\Cu_6mm_1000x-158.jpg,Cu_6mm_1000x-158.jpg,6.0,870,90,370,90,1052.7961137699929,858.0126483499662,12.699938827190953,,304.6666666666667,HB,3.47,2.54,0.35,0.012,0.044,0.035,0.7,0.25
Cu_6mm_OC2_*,poprawne_adi,GJS Cu lub Cu,POPRAWNE_ADI\Cu_6mm_1000x,POPRAWNE_ADI\Cu_6mm_1000x\Cu_6mm_1000x-159.jpg,Cu_6mm_1000x-159.jpg,6.0,870,90,370,90,1052.7961137699929,858.0126483499662,12.699938827190953,,304.6666666666667,HB,3.47,2.54,0.35,0.012,0.044,0.035,0.7,0.25
Cu_6mm_OC2_*,poprawne_adi,GJS Cu lub Cu,POPRAWNE_ADI\Cu_6mm_1000x,POPRAWNE_ADI\Cu_6mm_1000x\Cu_6mm_1000x-160.jpg,Cu_6mm_1000x-160.jpg,6.0,870,90,370,90,1052.7961137699929,858.0126483499662,12.699938827190953,,304.6666666666667,HB,3.47,2.54,0.35,0.012,0.044,0.035,0.7,0.25
Cu_6mm_OC2_*,poprawne_adi,GJS Cu lub Cu,POPRAWNE_ADI\Cu_6mm_1000x,POPRAWNE_ADI\Cu_6mm_1000x\Cu_6mm_1000x-161.jpg,Cu_6mm_1000x-161.jpg,6.0,870,90,370,90,1052.7961137699929,858.0126483499662,12.699938827190953,,304.6666666666667,HB,3.47,2.54,0.35,0.012,0.044,0.035,0.7,0.25
Cu_6mm_OC2_*,poprawne_adi,GJS Cu lub Cu,POPRAWNE_ADI\Cu_6mm_1000x,POPRAWNE_ADI\Cu_6mm_1000x\Cu_6mm_1000x-162.jpg,Cu_6mm_1000x-162.jpg,6.0,870,90,370,90,1052.7961137699929,858.0126483499662,12.699938827190953,,304.6666666666667,HB,3.47,2.54,0.35,0.012,0.044,0.035,0.7,0.25
Cu_6mm_OC2_*,poprawne_adi,GJS Cu lub Cu,POPRAWNE_ADI\Cu_6mm_1000x,POPRAWNE_ADI\Cu_6mm_1000x\Cu_6mm_1000x-163.jpg,Cu_6mm_1000x-163.jpg,6.0,870,90,370,90,1052.7961137699929,858.0126483499662,12.699938827190953,,304.6666666666667,HB,3.47,2.54,0.35,0.012,0.044,0.035,0.7,0.25
Cu_6mm_OC2_*,poprawne_adi,GJS Cu lub Cu,POPRAWNE_ADI\Cu_6mm_1000x,POPRAWNE_ADI\Cu_6mm_1000x\Cu_6mm_1000x-164.jpg,Cu_6mm_1000x-164.jpg,6.0,870,90,370,90,1052.7961137699929,858.0126483499662,12.699938827190953,,304.6666666666667,HB,3.47,2.54,0.35,0.012,0.044,0.035,0.7,0.25
Cu_6mm_OC2_*,poprawne_adi,GJS Cu lub Cu,POPRAWNE_ADI\Cu_6mm_1000x,POPRAWNE_ADI\Cu_6mm_1000x\Cu_6mm_1000x-165.jpg,Cu_6mm_1000x-165.jpg,6.0,870,90,370,90,1052.7961137699929,858.0126483499662,12.699938827190953,,304.6666666666667,HB,3.47,2.54,0.35,0.012,0.044,0.035,0.7,0.25
Cu_6mm_OC2_*,poprawne_adi,GJS Cu lub Cu,POPRAWNE_ADI\Cu_6mm_1000x,POPRAWNE_ADI\Cu_6mm_1000x\Cu_6mm_1000x-166.jpg,Cu_6mm_1000x-166.jpg,6.0,870,90,370,90,1052.7961137699929,858.0126483499662,12.699938827190953,,304.6666666666667,HB,3.47,2.54,0.35,0.012,0.044,0.035,0.7,0.25
Cu_6mm_OC2_*,poprawne_adi,GJS Cu lub Cu,POPRAWNE_ADI\Cu_6mm_1000x,POPRAWNE_ADI\Cu_6mm_1000x\Cu_6mm_1000x-167.jpg,Cu_6mm_1000x-167.jpg,6.0,870,90,370,90,1052.7961137699929,858.0126483499662,12.699938827190953,,304.6666666666667,HB,3.47,2.54,0.35,0.012,0.044,0.035,0.7,0.25
Cu_6mm_OC2_*,poprawne_adi,GJS Cu lub Cu,POPRAWNE_ADI\Cu_6mm_1000x,POPRAWNE_ADI\Cu_6mm_1000x\Cu_6mm_1000x-168.jpg,Cu_6mm_1000x-168.jpg,6.0,870,90,370,90,1052.7961137699929,858.0126483499662,12.699938827190953,,304.6666666666667,HB,3.47,2.54,0.35,0.012,0.044,0.035,0.7,0.25
Cu_6mm_OC2_*,poprawne_adi,GJS Cu lub Cu,POPRAWNE_ADI\Cu_6mm_1000x,POPRAWNE_ADI\Cu_6mm_1000x\Cu_6mm_1000x-169.jpg,Cu_6mm_1000x-169.jpg,6.0,870,90,370,90,1052.7961137699929,858.0126483499662,12.699938827190953,,304.6666666666667,HB,3.47,2.54,0.35,0.012,0.044,0.035,0.7,0.25
Cu_6mm_OC2_*,poprawne_adi,GJS Cu lub Cu,POPRAWNE_ADI\Cu_6mm_1000x,POPRAWNE_ADI\Cu_6mm_1000x\Cu_6mm_1000x-170.jpg,Cu_6mm_1000x-170.jpg,6.0,870,90,370,90,1052.7961137699929,858.0126483499662,12.699938827190953,,304.6666666666667,HB,3.47,2.54,0.35,0.012,0.044,0.035,0.7,0.25
Cu_6mm_OC2_*,poprawne_adi,GJS Cu lub Cu,POPRAWNE_ADI\Cu_6mm_1000x,POPRAWNE_ADI\Cu_6mm_1000x\Cu_6mm_1000x-171.jpg,Cu_6mm_1000x-171.jpg,6.0,870,90,370,90,1052.7961137699929,858.0126483499662,12.699938827190953,,304.6666666666667,HB,3.47,2.54,0.35,0.012,0.044,0.035,0.7,0.25
Cu_6mm_OC2_*,poprawne_adi,GJS Cu lub Cu,POPRAWNE_ADI\Cu_6mm_1000x,POPRAWNE_ADI\Cu_6mm_1000x\Cu_6mm_1000x-172.jpg,Cu_6mm_1000x-172.jpg,6.0,870,90,370,90,1052.7961137699929,858.0126483499662,12.699938827190953,,304.6666666666667,HB,3.47,2.54,0.35,0.012,0.044,0.035,0.7,0.25
Cu_6mm_OC2_*,poprawne_adi,GJS Cu lub Cu,POPRAWNE_ADI\Cu_6mm_1000x,POPRAWNE_ADI\Cu_6mm_1000x\Cu_6mm_1000x-173.jpg,Cu_6mm_1000x-173.jpg,6.0,870,90,370,90,1052.7961137699929,858.0126483499662,12.699938827190953,,304.6666666666667,HB,3.47,2.54,0.35,0.012,0.044,0.035,0.7,0.25
Cu_6mm_OC2_*,poprawne_adi,GJS Cu lub Cu,POPRAWNE_ADI\Cu_6mm_1000x,POPRAWNE_ADI\Cu_6mm_1000x\Cu_6mm_1000x-174.jpg,Cu_6mm_1000x-174.jpg,6.0,870,90,370,90,1052.7961137699929,858.0126483499662,12.699938827190953,,304.6666666666667,HB,3.47,2.54,0.35,0.012,0.044,0.035,0.7,0.25
Cu_6mm_OC2_*,poprawne_adi,GJS Cu lub Cu,POPRAWNE_ADI\Cu_6mm_1000x,POPRAWNE_ADI\Cu_6mm_1000x\Cu_6mm_1000x-175.jpg,Cu_6mm_1000x-175.jpg,6.0,870,90,370,90,1052.7961137699929,858.0126483499662,12.699938827190953,,304.6666666666667,HB,3.47,2.54,0.35,0.012,0.044,0.035,0.7,0.25
Cu_6mm_OC2_*,poprawne_adi,GJS Cu lub Cu,POPRAWNE_ADI\Cu_6mm_1000x,POPRAWNE_ADI\Cu_6mm_1000x\Cu_6mm_1000x-176.jpg,Cu_6mm_1000x-176.jpg,6.0,870,90,370,90,1052.7961137699929,858.0126483499662,12.699938827190953,,304.6666666666667,HB,3.47,2.54,0.35,0.012,0.044,0.035,0.7,0.25
Cu_6mm_OC2_*,poprawne_adi,GJS Cu lub Cu,POPRAWNE_ADI\Cu_6mm_1000x,POPRAWNE_ADI\Cu_6mm_1000x\Cu_6mm_1000x-177.jpg,Cu_6mm_1000x-177.jpg,6.0,870,90,370,90,1052.7961137699929,858.0126483499662,12.699938827190953,,304.6666666666667,HB,3.47,2.54,0.35,0.012,0.044,0.035,0.7,0.25
Cu_6mm_OC2_*,poprawne_adi,GJS Cu lub Cu,POPRAWNE_ADI\Cu_6mm_1000x,POPRAWNE_ADI\Cu_6mm_1000x\Cu_6mm_1000x-178.jpg,Cu_6mm_1000x-178.jpg,6.0,870,90,370,90,1052.7961137699929,858.0126483499662,12.699938827190953,,304.6666666666667,HB,3.47,2.54,0.35,0.012,0.044,0.035,0.7,0.25
Cu_6mm_OC2_*,poprawne_adi,GJS Cu lub Cu,POPRAWNE_ADI\Cu_6mm_1000x,POPRAWNE_ADI\Cu_6mm_1000x\Cu_6mm_1000x-179.jpg,Cu_6mm_1000x-179.jpg,6.0,870,90,370,90,1052.7961137699929,858.0126483499662,12.699938827190953,,304.6666666666667,HB,3.47,2.54,0.35,0.012,0.044,0.035,0.7,0.25
Cu_6mm_OC2_*,poprawne_adi,GJS Cu lub Cu,POPRAWNE_ADI\Cu_6mm_1000x,POPRAWNE_ADI\Cu_6mm_1000x\Cu_6mm_1000x-180.jpg,Cu_6mm_1000x-180.jpg,6.0,870,90,370,90,1052.7961137699929,858.0126483499662,12.699938827190953,,304.6666666666667,HB,3.47,2.54,0.35,0.012,0.044,0.035,0.7,0.25
Cu_6mm_OC2_*,poprawne_adi,GJS Cu lub Cu,POPRAWNE_ADI\Cu_6mm_1000x,POPRAWNE_ADI\Cu_6mm_1000x\Cu_6mm_1000x-181.jpg,Cu_6mm_1000x-181.jpg,6.0,870,90,370,90,1052.7961137699929,858.0126483499662,12.699938827190953,,304.6666666666667,HB,3.47,2.54,0.35,0.012,0.044,0.035,0.7,0.25
Cu_6mm_OC2_*,poprawne_adi,GJS Cu lub Cu,POPRAWNE_ADI\Cu_6mm_1000x,POPRAWNE_ADI\Cu_6mm_1000x\Cu_6mm_1000x-182.jpg,Cu_6mm_1000x-182.jpg,6.0,870,90,370,90,1052.7961137699929,858.0126483499662,12.699938827190953,,304.6666666666667,HB,3.47,2.54,0.35,0.012,0.044,0.035,0.7,0.25
Cu_6mm_OC2_*,poprawne_adi,GJS Cu lub Cu,POPRAWNE_ADI\Cu_6mm_1000x,POPRAWNE_ADI\Cu_6mm_1000x\Cu_6mm_1000x-183.jpg,Cu_6mm_1000x-183.jpg,6.0,870,90,370,90,1052.7961137699929,858.0126483499662,12.699938827190953,,304.6666666666667,HB,3.47,2.54,0.35,0.012,0.044,0.035,0.7,0.25
Cu_6mm_OC2_*,poprawne_adi,GJS Cu lub Cu,POPRAWNE_ADI\Cu_6mm_1000x,POPRAWNE_ADI\Cu_6mm_1000x\Cu_6mm_1000x-184.jpg,Cu_6mm_1000x-184.jpg,6.0,870,90,370,90,1052.7961137699929,858.0126483499662,12.699938827190953,,304.6666666666667,HB,3.47,2.54,0.35,0.012,0.044,0.035,0.7,0.25
Cu_6mm_OC2_*,poprawne_adi,GJS Cu lub Cu,POPRAWNE_ADI\Cu_6mm_1000x,POPRAWNE_ADI\Cu_6mm_1000x\Cu_6mm_1000x-185.jpg,Cu_6mm_1000x-185.jpg,6.0,870,90,370,90,1052.7961137699929,858.0126483499662,12.699938827190953,,304.6666666666667,HB,3.47,2.54,0.35,0.012,0.044,0.035,0.7,0.25
Cu_6mm_OC2_*,poprawne_adi,GJS Cu lub Cu,POPRAWNE_ADI\Cu_6mm_1000x,POPRAWNE_ADI\Cu_6mm_1000x\Cu_6mm_1000x-186.jpg,Cu_6mm_1000x-186.jpg,6.0,870,90,370,90,1052.7961137699929,858.0126483499662,12.699938827190953,,304.6666666666667,HB,3.47,2.54,0.35,0.012,0.044,0.035,0.7,0.25
Cu_6mm_OC2_*,poprawne_adi,GJS Cu lub Cu,POPRAWNE_ADI\Cu_6mm_1000x,POPRAWNE_ADI\Cu_6mm_1000x\Cu_6mm_1000x-187.jpg,Cu_6mm_1000x-187.jpg,6.0,870,90,370,90,1052.7961137699929,858.0126483499662,12.699938827190953,,304.6666666666667,HB,3.47,2.54,0.35,0.012,0.044,0.035,0.7,0.25
Cu_6mm_OC2_*,poprawne_adi,GJS Cu lub Cu,POPRAWNE_ADI\Cu_6mm_1000x,POPRAWNE_ADI\Cu_6mm_1000x\Cu_6mm_1000x-188.jpg,Cu_6mm_1000x-188.jpg,6.0,870,90,370,90,1052.7961137699929,858.0126483499662,12.699938827190953,,304.6666666666667,HB,3.47,2.54,0.35,0.012,0.044,0.035,0.7,0.25
Cu_6mm_OC2_*,poprawne_adi,GJS Cu lub Cu,POPRAWNE_ADI\Cu_6mm_1000x,POPRAWNE_ADI\Cu_6mm_1000x\Cu_6mm_1000x-189.jpg,Cu_6mm_1000x-189.jpg,6.0,870,90,370,90,1052.7961137699929,858.0126483499662,12.699938827190953,,304.6666666666667,HB,3.47,2.54,0.35,0.012,0.044,0.035,0.7,0.25
Cu_6mm_OC2_*,poprawne_adi,GJS Cu lub Cu,POPRAWNE_ADI\Cu_6mm_1000x,POPRAWNE_ADI\Cu_6mm_1000x\Cu_6mm_1000x-190.jpg,Cu_6mm_1000x-190.jpg,6.0,870,90,370,90,1052.7961137699929,858.0126483499662,12.699938827190953,,304.6666666666667,HB,3.47,2.54,0.35,0.012,0.044,0.035,0.7,0.25
Cu_6mm_OC2_*,poprawne_adi,GJS Cu lub Cu,POPRAWNE_ADI\Cu_6mm_1000x,POPRAWNE_ADI\Cu_6mm_1000x\Cu_6mm_1000x-191.jpg,Cu_6mm_1000x-191.jpg,6.0,870,90,370,90,1052.7961137699929,858.0126483499662,12.699938827190953,,304.6666666666667,HB,3.47,2.54,0.35,0.012,0.044,0.035,0.7,0.25
Cu_6mm_OC2_*,poprawne_adi,GJS Cu lub Cu,POPRAWNE_ADI\Cu_6mm_1000x,POPRAWNE_ADI\Cu_6mm_1000x\Cu_6mm_1000x-192.jpg,Cu_6mm_1000x-192.jpg,6.0,870,90,370,90,1052.7961137699929,858.0126483499662,12.699938827190953,,304.6666666666667,HB,3.47,2.54,0.35,0.012,0.044,0.035,0.7,0.25
Cu_6mm_OC2_*,poprawne_adi,GJS Cu lub Cu,POPRAWNE_ADI\Cu_6mm_1000x,POPRAWNE_ADI\Cu_6mm_1000x\Cu_6mm_1000x-193.jpg,Cu_6mm_1000x-193.jpg,6.0,870,90,370,90,1052.7961137699929,858.0126483499662,12.699938827190953,,304.6666666666667,HB,3.47,2.54,0.35,0.012,0.044,0.035,0.7,0.25
Cu_6mm_OC2_*,poprawne_adi,GJS Cu lub Cu,POPRAWNE_ADI\Cu_6mm_1000x,POPRAWNE_ADI\Cu_6mm_1000x\Cu_6mm_1000x-194.jpg,Cu_6mm_1000x-194.jpg,6.0,870,90,370,90,1052.7961137699929,858.0126483499662,12.699938827190953,,304.6666666666667,HB,3.47,2.54,0.35,0.012,0.044,0.035,0.7,0.25
Cu_6mm_OC2_*,poprawne_adi,GJS Cu lub Cu,POPRAWNE_ADI\Cu_6mm_1000x,POPRAWNE_ADI\Cu_6mm_1000x\Cu_6mm_1000x-195.jpg,Cu_6mm_1000x-195.jpg,6.0,870,90,370,90,1052.7961137699929,858.0126483499662,12.699938827190953,,304.6666666666667,HB,3.47,2.54,0.35,0.012,0.044,0.035,0.7,0.25
Cu_6mm_OC2_*,poprawne_adi,GJS Cu lub Cu,POPRAWNE_ADI\Cu_6mm_1000x,POPRAWNE_ADI\Cu_6mm_1000x\Cu_6mm_1000x-196.jpg,Cu_6mm_1000x-196.jpg,6.0,870,90,370,90,1052.7961137699929,858.0126483499662,12.699938827190953,,304.6666666666667,HB,3.47,2.54,0.35,0.012,0.044,0.035,0.7,0.25
Cu_6mm_OC2_*,poprawne_adi,GJS Cu lub Cu,POPRAWNE_ADI\Cu_6mm_1000x,POPRAWNE_ADI\Cu_6mm_1000x\Cu_6mm_1000x-197.jpg,Cu_6mm_1000x-197.jpg,6.0,870,90,370,90,1052.7961137699929,858.0126483499662,12.699938827190953,,304.6666666666667,HB,3.47,2.54,0.35,0.012,0.044,0.035,0.7,0.25
Cu_6mm_OC2_*,poprawne_adi,GJS Cu lub Cu,POPRAWNE_ADI\Cu_6mm_1000x,POPRAWNE_ADI\Cu_6mm_1000x\Cu_6mm_1000x-198.jpg,Cu_6mm_1000x-198.jpg,6.0,870,90,370,90,1052.7961137699929,858.0126483499662,12.699938827190953,,304.6666666666667,HB,3.47,2.54,0.35,0.012,0.044,0.035,0.7,0.25
Cu_6mm_OC2_*,poprawne_adi,GJS Cu lub Cu,POPRAWNE_ADI\Cu_6mm_1000x,POPRAWNE_ADI\Cu_6mm_1000x\Cu_6mm_1000x-199.jpg,Cu_6mm_1000x-199.jpg,6.0,870,90,370,90,1052.7961137699929,858.0126483499662,12.699938827190953,,304.6666666666667,HB,3.47,2.54,0.35,0.012,0.044,0.035,0.7,0.25
Cu_6mm_OC2_*,poprawne_adi,GJS Cu lub Cu,POPRAWNE_ADI\Cu_6mm_1000x,POPRAWNE_ADI\Cu_6mm_1000x\Cu_6mm_1000x-200.jpg,Cu_6mm_1000x-200.jpg,6.0,870,90,370,90,1052.7961137699929,858.0126483499662,12.699938827190953,,304.6666666666667,HB,3.47,2.54,0.35,0.012,0.044,0.035,0.7,0.25
Cu_6mm_OC2_*,poprawne_adi,GJS Cu lub Cu,POPRAWNE_ADI\Cu_6mm_1000x,POPRAWNE_ADI\Cu_6mm_1000x\Cu_6mm_1000x-201.jpg,Cu_6mm_1000x-201.jpg,6.0,870,90,370,90,1052.7961137699929,858.0126483499662,12.699938827190953,,304.6666666666667,HB,3.47,2.54,0.35,0.012,0.044,0.035,0.7,0.25
Cu_13mm_OC2_*,poprawne_adi,GJS Cu lub Cu,POPRAWNE_ADI\Cu_13mm_1000x,POPRAWNE_ADI\Cu_13mm_1000x\Cu_13mm_1000x-001.jpg,Cu_13mm_1000x-001.jpg,13.0,870,120,370,120,1013.0717079676151,818.5855640654772,13.406525169651406,146.6775,302.3333333333333,HB,3.47,2.54,0.35,0.012,0.044,0.035,0.7,0.25
Cu_13mm_OC2_*,poprawne_adi,GJS Cu lub Cu,POPRAWNE_ADI\Cu_13mm_1000x,POPRAWNE_ADI\Cu_13mm_1000x\Cu_13mm_1000x-002.jpg,Cu_13mm_1000x-002.jpg,13.0,870,120,370,120,1013.0717079676151,818.5855640654772,13.406525169651406,146.6775,302.3333333333333,HB,3.47,2.54,0.35,0.012,0.044,0.035,0.7,0.25
Cu_13mm_OC2_*,poprawne_adi,GJS Cu lub Cu,POPRAWNE_ADI\Cu_13mm_1000x,POPRAWNE_ADI\Cu_13mm_1000x\Cu_13mm_1000x-003.jpg,Cu_13mm_1000x-003.jpg,13.0,870,120,370,120,1013.0717079676151,818.5855640654772,13.406525169651406,146.6775,302.3333333333333,HB,3.47,2.54,0.35,0.012,0.044,0.035,0.7,0.25
Cu_13mm_OC2_*,poprawne_adi,GJS Cu lub Cu,POPRAWNE_ADI\Cu_13mm_1000x,POPRAWNE_ADI\Cu_13mm_1000x\Cu_13mm_1000x-004.jpg,Cu_13mm_1000x-004.jpg,13.0,870,120,370,120,1013.0717079676151,818.5855640654772,13.406525169651406,146.6775,302.3333333333333,HB,3.47,2.54,0.35,0.012,0.044,0.035,0.7,0.25
Cu_13mm_OC2_*,poprawne_adi,GJS Cu lub Cu,POPRAWNE_ADI\Cu_13mm_1000x,POPRAWNE_ADI\Cu_13mm_1000x\Cu_13mm_1000x-005.jpg,Cu_13mm_1000x-005.jpg,13.0,870,120,370,120,1013.0717079676151,818.5855640654772,13.406525169651406,146.6775,302.3333333333333,HB,3.47,2.54,0.35,0.012,0.044,0.035,0.7,0.25
Cu_13mm_OC2_*,poprawne_adi,GJS Cu lub Cu,POPRAWNE_ADI\Cu_13mm_1000x,POPRAWNE_ADI\Cu_13mm_1000x\Cu_13mm_1000x-006.jpg,Cu_13mm_1000x-006.jpg,13.0,870,120,370,120,1013.0717079676151,818.5855640654772,13.406525169651406,146.6775,302.3333333333333,HB,3.47,2.54,0.35,0.012,0.044,0.035,0.7,0.25
Cu_13mm_OC2_*,poprawne_adi,GJS Cu lub Cu,POPRAWNE_ADI\Cu_13mm_1000x,POPRAWNE_ADI\Cu_13mm_1000x\Cu_13mm_1000x-007.jpg,Cu_13mm_1000x-007.jpg,13.0,870,120,370,120,1013.0717079676151,818.5855640654772,13.406525169651406,146.6775,302.3333333333333,HB,3.47,2.54,0.35,0.012,0.044,0.035,0.7,0.25
Cu_13mm_OC2_*,poprawne_adi,GJS Cu lub Cu,POPRAWNE_ADI\Cu_13mm_1000x,POPRAWNE_ADI\Cu_13mm_1000x\Cu_13mm_1000x-008.jpg,Cu_13mm_1000x-008.jpg,13.0,870,120,370,120,1013.0717079676151,818.5855640654772,13.406525169651406,146.6775,302.3333333333333,HB,3.47,2.54,0.35,0.012,0.044,0.035,0.7,0.25
Cu_13mm_OC2_*,poprawne_adi,GJS Cu lub Cu,POPRAWNE_ADI\Cu_13mm_1000x,POPRAWNE_ADI\Cu_13mm_1000x\Cu_13mm_1000x-009.jpg,Cu_13mm_1000x-009.jpg,13.0,870,120,370,120,1013.0717079676151,818.5855640654772,13.406525169651406,146.6775,302.3333333333333,HB,3.47,2.54,0.35,0.012,0.044,0.035,0.7,0.25
Cu_13mm_OC2_*,poprawne_adi,GJS Cu lub Cu,POPRAWNE_ADI\Cu_13mm_1000x,POPRAWNE_ADI\Cu_13mm_1000x\Cu_13mm_1000x-010.jpg,Cu_13mm_1000x-010.jpg,13.0,870,120,370,120,1013.0717079676151,818.5855640654772,13.406525169651406,146.6775,302.3333333333333,HB,3.47,2.54,0.35,0.012,0.044,0.035,0.7,0.25
Cu_13mm_OC2_*,poprawne_adi,GJS Cu lub Cu,POPRAWNE_ADI\Cu_13mm_1000x,POPRAWNE_ADI\Cu_13mm_1000x\Cu_13mm_1000x-011.jpg,Cu_13mm_1000x-011.jpg,13.0,870,120,370,120,1013.0717079676151,818.5855640654772,13.406525169651406,146.6775,302.3333333333333,HB,3.47,2.54,0.35,0.012,0.044,0.035,0.7,0.25
Cu_13mm_OC2_*,poprawne_adi,GJS Cu lub Cu,POPRAWNE_ADI\Cu_13mm_1000x,POPRAWNE_ADI\Cu_13mm_1000x\Cu_13mm_1000x-012.jpg,Cu_13mm_1000x-012.jpg,13.0,870,120,370,120,1013.0717079676151,818.5855640654772,13.406525169651406,146.6775,302.3333333333333,HB,3.47,2.54,0.35,0.012,0.044,0.035,0.7,0.25
Cu_13mm_OC2_*,poprawne_adi,GJS Cu lub Cu,POPRAWNE_ADI\Cu_13mm_1000x,POPRAWNE_ADI\Cu_13mm_1000x\Cu_13mm_1000x-013.jpg,Cu_13mm_1000x-013.jpg,13.0,870,120,370,120,1013.0717079676151,818.5855640654772,13.406525169651406,146.6775,302.3333333333333,HB,3.47,2.54,0.35,0.012,0.044,0.035,0.7,0.25
Cu_13mm_OC2_*,poprawne_adi,GJS Cu lub Cu,POPRAWNE_ADI\Cu_13mm_1000x,POPRAWNE_ADI\Cu_13mm_1000x\Cu_13mm_1000x-014.jpg,Cu_13mm_1000x-014.jpg,13.0,870,120,370,120,1013.0717079676151,818.5855640654772,13.406525169651406,146.6775,302.3333333333333,HB,3.47,2.54,0.35,0.012,0.044,0.035,0.7,0.25
Cu_13mm_OC2_*,poprawne_adi,GJS Cu lub Cu,POPRAWNE_ADI\Cu_13mm_1000x,POPRAWNE_ADI\Cu_13mm_1000x\Cu_13mm_1000x-015.jpg,Cu_13mm_1000x-015.jpg,13.0,870,120,370,120,1013.0717079676151,818.5855640654772,13.406525169651406,146.6775,302.3333333333333,HB,3.47,2.54,0.35,0.012,0.044,0.035,0.7,0.25
Cu_13mm_OC2_*,poprawne_adi,GJS Cu lub Cu,POPRAWNE_ADI\Cu_13mm_1000x,POPRAWNE_ADI\Cu_13mm_1000x\Cu_13mm_1000x-016.jpg,Cu_13mm_1000x-016.jpg,13.0,870,120,370,120,1013.0717079676151,818.5855640654772,13.406525169651406,146.6775,302.3333333333333,HB,3.47,2.54,0.35,0.012,0.044,0.035,0.7,0.25
Cu_13mm_OC2_*,poprawne_adi,GJS Cu lub Cu,POPRAWNE_ADI\Cu_13mm_1000x,POPRAWNE_ADI\Cu_13mm_1000x\Cu_13mm_1000x-017.jpg,Cu_13mm_1000x-017.jpg,13.0,870,120,370,120,1013.0717079676151,818.5855640654772,13.406525169651406,146.6775,302.3333333333333,HB,3.47,2.54,0.35,0.012,0.044,0.035,0.7,0.25
Cu_13mm_OC2_*,poprawne_adi,GJS Cu lub Cu,POPRAWNE_ADI\Cu_13mm_1000x,POPRAWNE_ADI\Cu_13mm_1000x\Cu_13mm_1000x-018.jpg,Cu_13mm_1000x-018.jpg,13.0,870,120,370,120,1013.0717079676151,818.5855640654772,13.406525169651406,146.6775,302.3333333333333,HB,3.47,2.54,0.35,0.012,0.044,0.035,0.7,0.25
Cu_13mm_OC2_*,poprawne_adi,GJS Cu lub Cu,POPRAWNE_ADI\Cu_13mm_1000x,POPRAWNE_ADI\Cu_13mm_1000x\Cu_13mm_1000x-019.jpg,Cu_13mm_1000x-019.jpg,13.0,870,120,370,120,1013.0717079676151,818.5855640654772,13.406525169651406,146.6775,302.3333333333333,HB,3.47,2.54,0.35,0.012,0.044,0.035,0.7,0.25
Cu_13mm_OC2_*,poprawne_adi,GJS Cu lub Cu,POPRAWNE_ADI\Cu_13mm_1000x,POPRAWNE_ADI\Cu_13mm_1000x\Cu_13mm_1000x-020.jpg,Cu_13mm_1000x-020.jpg,13.0,870,120,370,120,1013.0717079676151,818.5855640654772,13.406525169651406,146.6775,302.3333333333333,HB,3.47,2.54,0.35,0.012,0.044,0.035,0.7,0.25
Cu_13mm_OC2_*,poprawne_adi,GJS Cu lub Cu,POPRAWNE_ADI\Cu_13mm_1000x,POPRAWNE_ADI\Cu_13mm_1000x\Cu_13mm_1000x-021.jpg,Cu_13mm_1000x-021.jpg,13.0,870,120,370,120,1013.0717079676151,818.5855640654772,13.406525169651406,146.6775,302.3333333333333,HB,3.47,2.54,0.35,0.012,0.044,0.035,0.7,0.25
Cu_13mm_OC2_*,poprawne_adi,GJS Cu lub Cu,POPRAWNE_ADI\Cu_13mm_1000x,POPRAWNE_ADI\Cu_13mm_1000x\Cu_13mm_1000x-022.jpg,Cu_13mm_1000x-022.jpg,13.0,870,120,370,120,1013.0717079676151,818.5855640654772,13.406525169651406,146.6775,302.3333333333333,HB,3.47,2.54,0.35,0.012,0.044,0.035,0.7,0.25
Cu_13mm_OC2_*,poprawne_adi,GJS Cu lub Cu,POPRAWNE_ADI\Cu_13mm_1000x,POPRAWNE_ADI\Cu_13mm_1000x\Cu_13mm_1000x-023.jpg,Cu_13mm_1000x-023.jpg,13.0,870,120,370,120,1013.0717079676151,818.5855640654772,13.406525169651406,146.6775,302.3333333333333,HB,3.47,2.54,0.35,0.012,0.044,0.035,0.7,0.25
Cu_13mm_OC2_*,poprawne_adi,GJS Cu lub Cu,POPRAWNE_ADI\Cu_13mm_1000x,POPRAWNE_ADI\Cu_13mm_1000x\Cu_13mm_1000x-024.jpg,Cu_13mm_1000x-024.jpg,13.0,870,120,370,120,1013.0717079676151,818.5855640654772,13.406525169651406,146.6775,302.3333333333333,HB,3.47,2.54,0.35,0.012,0.044,0.035,0.7,0.25
Cu_13mm_OC2_*,poprawne_adi,GJS Cu lub Cu,POPRAWNE_ADI\Cu_13mm_1000x,POPRAWNE_ADI\Cu_13mm_1000x\Cu_13mm_1000x-025.jpg,Cu_13mm_1000x-025.jpg,13.0,870,120,370,120,1013.0717079676151,818.5855640654772,13.406525169651406,146.6775,302.3333333333333,HB,3.47,2.54,0.35,0.012,0.044,0.035,0.7,0.25
Cu_13mm_OC2_*,poprawne_adi,GJS Cu lub Cu,POPRAWNE_ADI\Cu_13mm_1000x,POPRAWNE_ADI\Cu_13mm_1000x\Cu_13mm_1000x-026.jpg,Cu_13mm_1000x-026.jpg,13.0,870,120,370,120,1013.0717079676151,818.5855640654772,13.406525169651406,146.6775,302.3333333333333,HB,3.47,2.54,0.35,0.012,0.044,0.035,0.7,0.25
Cu_13mm_OC2_*,poprawne_adi,GJS Cu lub Cu,POPRAWNE_ADI\Cu_13mm_1000x,POPRAWNE_ADI\Cu_13mm_1000x\Cu_13mm_1000x-027.jpg,Cu_13mm_1000x-027.jpg,13.0,870,120,370,120,1013.0717079676151,818.5855640654772,13.406525169651406,146.6775,302.3333333333333,HB,3.47,2.54,0.35,0.012,0.044,0.035,0.7,0.25
Cu_13mm_OC2_*,poprawne_adi,GJS Cu lub Cu,POPRAWNE_ADI\Cu_13mm_1000x,POPRAWNE_ADI\Cu_13mm_1000x\Cu_13mm_1000x-028.jpg,Cu_13mm_1000x-028.jpg,13.0,870,120,370,120,1013.0717079676151,818.5855640654772,13.406525169651406,146.6775,302.3333333333333,HB,3.47,2.54,0.35,0.012,0.044,0.035,0.7,0.25
Cu_13mm_OC2_*,poprawne_adi,GJS Cu lub Cu,POPRAWNE_ADI\Cu_13mm_1000x,POPRAWNE_ADI\Cu_13mm_1000x\Cu_13mm_1000x-029.jpg,Cu_13mm_1000x-029.jpg,13.0,870,120,370,120,1013.0717079676151,818.5855640654772,13.406525169651406,146.6775,302.3333333333333,HB,3.47,2.54,0.35,0.012,0.044,0.035,0.7,0.25
Cu_13mm_OC2_*,poprawne_adi,GJS Cu lub Cu,POPRAWNE_ADI\Cu_13mm_1000x,POPRAWNE_ADI\Cu_13mm_1000x\Cu_13mm_1000x-030.jpg,Cu_13mm_1000x-030.jpg,13.0,870,120,370,120,1013.0717079676151,818.5855640654772,13.406525169651406,146.6775,302.3333333333333,HB,3.47,2.54,0.35,0.012,0.044,0.035,0.7,0.25
Cu_13mm_OC2_*,poprawne_adi,GJS Cu lub Cu,POPRAWNE_ADI\Cu_13mm_1000x,POPRAWNE_ADI\Cu_13mm_1000x\Cu_13mm_1000x-031.jpg,Cu_13mm_1000x-031.jpg,13.0,870,120,370,120,1013.0717079676151,818.5855640654772,13.406525169651406,146.6775,302.3333333333333,HB,3.47,2.54,0.35,0.012,0.044,0.035,0.7,0.25
Cu_13mm_OC2_*,poprawne_adi,GJS Cu lub Cu,POPRAWNE_ADI\Cu_13mm_1000x,POPRAWNE_ADI\Cu_13mm_1000x\Cu_13mm_1000x-032.jpg,Cu_13mm_1000x-032.jpg,13.0,870,120,370,120,1013.0717079676151,818.5855640654772,13.406525169651406,146.6775,302.3333333333333,HB,3.47,2.54,0.35,0.012,0.044,0.035,0.7,0.25
Cu_13mm_OC2_*,poprawne_adi,GJS Cu lub Cu,POPRAWNE_ADI\Cu_13mm_1000x,POPRAWNE_ADI\Cu_13mm_1000x\Cu_13mm_1000x-033.jpg,Cu_13mm_1000x-033.jpg,13.0,870,120,370,120,1013.0717079676151,818.5855640654772,13.406525169651406,146.6775,302.3333333333333,HB,3.47,2.54,0.35,0.012,0.044,0.035,0.7,0.25
Cu_13mm_OC2_*,poprawne_adi,GJS Cu lub Cu,POPRAWNE_ADI\Cu_13mm_1000x,POPRAWNE_ADI\Cu_13mm_1000x\Cu_13mm_1000x-034.jpg,Cu_13mm_1000x-034.jpg,13.0,870,120,370,120,1013.0717079676151,818.5855640654772,13.406525169651406,146.6775,302.3333333333333,HB,3.47,2.54,0.35,0.012,0.044,0.035,0.7,0.25
Cu_13mm_OC2_*,poprawne_adi,GJS Cu lub Cu,POPRAWNE_ADI\Cu_13mm_1000x,POPRAWNE_ADI\Cu_13mm_1000x\Cu_13mm_1000x-035.jpg,Cu_13mm_1000x-035.jpg,13.0,870,120,370,120,1013.0717079676151,818.5855640654772,13.406525169651406,146.6775,302.3333333333333,HB,3.47,2.54,0.35,0.012,0.044,0.035,0.7,0.25
Cu_13mm_OC2_*,poprawne_adi,GJS Cu lub Cu,POPRAWNE_ADI\Cu_13mm_1000x,POPRAWNE_ADI\Cu_13mm_1000x\Cu_13mm_1000x-036.jpg,Cu_13mm_1000x-036.jpg,13.0,870,120,370,120,1013.0717079676151,818.5855640654772,13.406525169651406,146.6775,302.3333333333333,HB,3.47,2.54,0.35,0.012,0.044,0.035,0.7,0.25
Cu_13mm_OC2_*,poprawne_adi,GJS Cu lub Cu,POPRAWNE_ADI\Cu_13mm_1000x,POPRAWNE_ADI\Cu_13mm_1000x\Cu_13mm_1000x-037.jpg,Cu_13mm_1000x-037.jpg,13.0,870,120,370,120,1013.0717079676151,818.5855640654772,13.406525169651406,146.6775,302.3333333333333,HB,3.47,2.54,0.35,0.012,0.044,0.035,0.7,0.25
Cu_13mm_OC2_*,poprawne_adi,GJS Cu lub Cu,POPRAWNE_ADI\Cu_13mm_1000x,POPRAWNE_ADI\Cu_13mm_1000x\Cu_13mm_1000x-038.jpg,Cu_13mm_1000x-038.jpg,13.0,870,120,370,120,1013.0717079676151,818.5855640654772,13.406525169651406,146.6775,302.3333333333333,HB,3.47,2.54,0.35,0.012,0.044,0.035,0.7,0.25
Cu_13mm_OC2_*,poprawne_adi,GJS Cu lub Cu,POPRAWNE_ADI\Cu_13mm_1000x,POPRAWNE_ADI\Cu_13mm_1000x\Cu_13mm_1000x-039.jpg,Cu_13mm_1000x-039.jpg,13.0,870,120,370,120,1013.0717079676151,818.5855640654772,13.406525169651406,146.6775,302.3333333333333,HB,3.47,2.54,0.35,0.012,0.044,0.035,0.7,0.25
Cu_13mm_OC2_*,poprawne_adi,GJS Cu lub Cu,POPRAWNE_ADI\Cu_13mm_1000x,POPRAWNE_ADI\Cu_13mm_1000x\Cu_13mm_1000x-040.jpg,Cu_13mm_1000x-040.jpg,13.0,870,120,370,120,1013.0717079676151,818.5855640654772,13.406525169651406,146.6775,302.3333333333333,HB,3.47,2.54,0.35,0.012,0.044,0.035,0.7,0.25
Cu_13mm_OC2_*,poprawne_adi,GJS Cu lub Cu,POPRAWNE_ADI\Cu_13mm_1000x,POPRAWNE_ADI\Cu_13mm_1000x\Cu_13mm_1000x-041.jpg,Cu_13mm_1000x-041.jpg,13.0,870,120,370,120,1013.0717079676151,818.5855640654772,13.406525169651406,146.6775,302.3333333333333,HB,3.47,2.54,0.35,0.012,0.044,0.035,0.7,0.25
Cu_13mm_OC2_*,poprawne_adi,GJS Cu lub Cu,POPRAWNE_ADI\Cu_13mm_1000x,POPRAWNE_ADI\Cu_13mm_1000x\Cu_13mm_1000x-042.jpg,Cu_13mm_1000x-042.jpg,13.0,870,120,370,120,1013.0717079676151,818.5855640654772,13.406525169651406,146.6775,302.3333333333333,HB,3.47,2.54,0.35,0.012,0.044,0.035,0.7,0.25
Cu_13mm_OC2_*,poprawne_adi,GJS Cu lub Cu,POPRAWNE_ADI\Cu_13mm_1000x,POPRAWNE_ADI\Cu_13mm_1000x\Cu_13mm_1000x-043.jpg,Cu_13mm_1000x-043.jpg,13.0,870,120,370,120,1013.0717079676151,818.5855640654772,13.406525169651406,146.6775,302.3333333333333,HB,3.47,2.54,0.35,0.012,0.044,0.035,0.7,0.25
Cu_13mm_OC2_*,poprawne_adi,GJS Cu lub Cu,POPRAWNE_ADI\Cu_13mm_1000x,POPRAWNE_ADI\Cu_13mm_1000x\Cu_13mm_1000x-044.jpg,Cu_13mm_1000x-044.jpg,13.0,870,120,370,120,1013.0717079676151,818.5855640654772,13.406525169651406,146.6775,302.3333333333333,HB,3.47,2.54,0.35,0.012,0.044,0.035,0.7,0.25
Cu_13mm_OC2_*,poprawne_adi,GJS Cu lub Cu,POPRAWNE_ADI\Cu_13mm_1000x,POPRAWNE_ADI\Cu_13mm_1000x\Cu_13mm_1000x-045.jpg,Cu_13mm_1000x-045.jpg,13.0,870,120,370,120,1013.0717079676151,818.5855640654772,13.406525169651406,146.6775,302.3333333333333,HB,3.47,2.54,0.35,0.012,0.044,0.035,0.7,0.25
Cu_13mm_OC2_*,poprawne_adi,GJS Cu lub Cu,POPRAWNE_ADI\Cu_13mm_1000x,POPRAWNE_ADI\Cu_13mm_1000x\Cu_13mm_1000x-046.jpg,Cu_13mm_1000x-046.jpg,13.0,870,120,370,120,1013.0717079676151,818.5855640654772,13.406525169651406,146.6775,302.3333333333333,HB,3.47,2.54,0.35,0.012,0.044,0.035,0.7,0.25
Cu_13mm_OC2_*,poprawne_adi,GJS Cu lub Cu,POPRAWNE_ADI\Cu_13mm_1000x,POPRAWNE_ADI\Cu_13mm_1000x\Cu_13mm_1000x-047.jpg,Cu_13mm_1000x-047.jpg,13.0,870,120,370,120,1013.0717079676151,818.5855640654772,13.406525169651406,146.6775,302.3333333333333,HB,3.47,2.54,0.35,0.012,0.044,0.035,0.7,0.25
Cu_13mm_OC2_*,poprawne_adi,GJS Cu lub Cu,POPRAWNE_ADI\Cu_13mm_1000x,POPRAWNE_ADI\Cu_13mm_1000x\Cu_13mm_1000x-048.jpg,Cu_13mm_1000x-048.jpg,13.0,870,120,370,120,1013.0717079676151,818.5855640654772,13.406525169651406,146.6775,302.3333333333333,HB,3.47,2.54,0.35,0.012,0.044,0.035,0.7,0.25
Cu_13mm_OC2_*,poprawne_adi,GJS Cu lub Cu,POPRAWNE_ADI\Cu_13mm_1000x,POPRAWNE_ADI\Cu_13mm_1000x\Cu_13mm_1000x-049.jpg,Cu_13mm_1000x-049.jpg,13.0,870,120,370,120,1013.0717079676151,818.5855640654772,13.406525169651406,146.6775,302.3333333333333,HB,3.47,2.54,0.35,0.012,0.044,0.035,0.7,0.25
Cu_13mm_OC2_*,poprawne_adi,GJS Cu lub Cu,POPRAWNE_ADI\Cu_13mm_1000x,POPRAWNE_ADI\Cu_13mm_1000x\Cu_13mm_1000x-050.jpg,Cu_13mm_1000x-050.jpg,13.0,870,120,370,120,1013.0717079676151,818.5855640654772,13.406525169651406,146.6775,302.3333333333333,HB,3.47,2.54,0.35,0.012,0.044,0.035,0.7,0.25
Cu_13mm_OC2_*,poprawne_adi,GJS Cu lub Cu,POPRAWNE_ADI\Cu_13mm_1000x,POPRAWNE_ADI\Cu_13mm_1000x\Cu_13mm_1000x-051.jpg,Cu_13mm_1000x-051.jpg,13.0,870,120,370,120,1013.0717079676151,818.5855640654772,13.406525169651406,146.6775,302.3333333333333,HB,3.47,2.54,0.35,0.012,0.044,0.035,0.7,0.25
Cu_13mm_OC2_*,poprawne_adi,GJS Cu lub Cu,POPRAWNE_ADI\Cu_13mm_1000x,POPRAWNE_ADI\Cu_13mm_1000x\Cu_13mm_1000x-052.jpg,Cu_13mm_1000x-052.jpg,13.0,870,120,370,120,1013.0717079676151,818.5855640654772,13.406525169651406,146.6775,302.3333333333333,HB,3.47,2.54,0.35,0.012,0.044,0.035,0.7,0.25
Cu_13mm_OC2_*,poprawne_adi,GJS Cu lub Cu,POPRAWNE_ADI\Cu_13mm_1000x,POPRAWNE_ADI\Cu_13mm_1000x\Cu_13mm_1000x-053.jpg,Cu_13mm_1000x-053.jpg,13.0,870,120,370,120,1013.0717079676151,818.5855640654772,13.406525169651406,146.6775,302.3333333333333,HB,3.47,2.54,0.35,0.012,0.044,0.035,0.7,0.25
Cu_13mm_OC2_*,poprawne_adi,GJS Cu lub Cu,POPRAWNE_ADI\Cu_13mm_1000x,POPRAWNE_ADI\Cu_13mm_1000x\Cu_13mm_1000x-054.jpg,Cu_13mm_1000x-054.jpg,13.0,870,120,370,120,1013.0717079676151,818.5855640654772,13.406525169651406,146.6775,302.3333333333333,HB,3.47,2.54,0.35,0.012,0.044,0.035,0.7,0.25
Cu_13mm_OC2_*,poprawne_adi,GJS Cu lub Cu,POPRAWNE_ADI\Cu_13mm_1000x,POPRAWNE_ADI\Cu_13mm_1000x\Cu_13mm_1000x-055.jpg,Cu_13mm_1000x-055.jpg,13.0,870,120,370,120,1013.0717079676151,818.5855640654772,13.406525169651406,146.6775,302.3333333333333,HB,3.47,2.54,0.35,0.012,0.044,0.035,0.7,0.25
Cu_13mm_OC2_*,poprawne_adi,GJS Cu lub Cu,POPRAWNE_ADI\Cu_13mm_1000x,POPRAWNE_ADI\Cu_13mm_1000x\Cu_13mm_1000x-056.jpg,Cu_13mm_1000x-056.jpg,13.0,870,120,370,120,1013.0717079676151,818.5855640654772,13.406525169651406,146.6775,302.3333333333333,HB,3.47,2.54,0.35,0.012,0.044,0.035,0.7,0.25
Cu_13mm_OC2_*,poprawne_adi,GJS Cu lub Cu,POPRAWNE_ADI\Cu_13mm_1000x,POPRAWNE_ADI\Cu_13mm_1000x\Cu_13mm_1000x-057.jpg,Cu_13mm_1000x-057.jpg,13.0,870,120,370,120,1013.0717079676151,818.5855640654772,13.406525169651406,146.6775,302.3333333333333,HB,3.47,2.54,0.35,0.012,0.044,0.035,0.7,0.25
Cu_13mm_OC2_*,poprawne_adi,GJS Cu lub Cu,POPRAWNE_ADI\Cu_13mm_1000x,POPRAWNE_ADI\Cu_13mm_1000x\Cu_13mm_1000x-058.jpg,Cu_13mm_1000x-058.jpg,13.0,870,120,370,120,1013.0717079676151,818.5855640654772,13.406525169651406,146.6775,302.3333333333333,HB,3.47,2.54,0.35,0.012,0.044,0.035,0.7,0.25
Cu_13mm_OC2_*,poprawne_adi,GJS Cu lub Cu,POPRAWNE_ADI\Cu_13mm_1000x,POPRAWNE_ADI\Cu_13mm_1000x\Cu_13mm_1000x-059.jpg,Cu_13mm_1000x-059.jpg,13.0,870,120,370,120,1013.0717079676151,818.5855640654772,13.406525169651406,146.6775,302.3333333333333,HB,3.47,2.54,0.35,0.012,0.044,0.035,0.7,0.25
Cu_13mm_OC2_*,poprawne_adi,GJS Cu lub Cu,POPRAWNE_ADI\Cu_13mm_1000x,POPRAWNE_ADI\Cu_13mm_1000x\Cu_13mm_1000x-060.jpg,Cu_13mm_1000x-060.jpg,13.0,870,120,370,120,1013.0717079676151,818.5855640654772,13.406525169651406,146.6775,302.3333333333333,HB,3.47,2.54,0.35,0.012,0.044,0.035,0.7,0.25
Cu_13mm_OC2_*,poprawne_adi,GJS Cu lub Cu,POPRAWNE_ADI\Cu_13mm_1000x,POPRAWNE_ADI\Cu_13mm_1000x\Cu_13mm_1000x-061.jpg,Cu_13mm_1000x-061.jpg,13.0,870,120,370,120,1013.0717079676151,818.5855640654772,13.406525169651406,146.6775,302.3333333333333,HB,3.47,2.54,0.35,0.012,0.044,0.035,0.7,0.25
Cu_13mm_OC2_*,poprawne_adi,GJS Cu lub Cu,POPRAWNE_ADI\Cu_13mm_1000x,POPRAWNE_ADI\Cu_13mm_1000x\Cu_13mm_1000x-062.jpg,Cu_13mm_1000x-062.jpg,13.0,870,120,370,120,1013.0717079676151,818.5855640654772,13.406525169651406,146.6775,302.3333333333333,HB,3.47,2.54,0.35,0.012,0.044,0.035,0.7,0.25
Cu_13mm_OC2_*,poprawne_adi,GJS Cu lub Cu,POPRAWNE_ADI\Cu_13mm_1000x,POPRAWNE_ADI\Cu_13mm_1000x\Cu_13mm_1000x-063.jpg,Cu_13mm_1000x-063.jpg,13.0,870,120,370,120,1013.0717079676151,818.5855640654772,13.406525169651406,146.6775,302.3333333333333,HB,3.47,2.54,0.35,0.012,0.044,0.035,0.7,0.25
Cu_13mm_OC2_*,poprawne_adi,GJS Cu lub Cu,POPRAWNE_ADI\Cu_13mm_1000x,POPRAWNE_ADI\Cu_13mm_1000x\Cu_13mm_1000x-064.jpg,Cu_13mm_1000x-064.jpg,13.0,870,120,370,120,1013.0717079676151,818.5855640654772,13.406525169651406,146.6775,302.3333333333333,HB,3.47,2.54,0.35,0.012,0.044,0.035,0.7,0.25
Cu_13mm_OC2_*,poprawne_adi,GJS Cu lub Cu,POPRAWNE_ADI\Cu_13mm_1000x,POPRAWNE_ADI\Cu_13mm_1000x\Cu_13mm_1000x-065.jpg,Cu_13mm_1000x-065.jpg,13.0,870,120,370,120,1013.0717079676151,818.5855640654772,13.406525169651406,146.6775,302.3333333333333,HB,3.47,2.54,0.35,0.012,0.044,0.035,0.7,0.25
Cu_13mm_OC2_*,poprawne_adi,GJS Cu lub Cu,POPRAWNE_ADI\Cu_13mm_1000x,POPRAWNE_ADI\Cu_13mm_1000x\Cu_13mm_1000x-066.jpg,Cu_13mm_1000x-066.jpg,13.0,870,120,370,120,1013.0717079676151,818.5855640654772,13.406525169651406,146.6775,302.3333333333333,HB,3.47,2.54,0.35,0.012,0.044,0.035,0.7,0.25
Cu_13mm_OC2_*,poprawne_adi,GJS Cu lub Cu,POPRAWNE_ADI\Cu_13mm_1000x,POPRAWNE_ADI\Cu_13mm_1000x\Cu_13mm_1000x-067.jpg,Cu_13mm_1000x-067.jpg,13.0,870,120,370,120,1013.0717079676151,818.5855640654772,13.406525169651406,146.6775,302.3333333333333,HB,3.47,2.54,0.35,0.012,0.044,0.035,0.7,0.25
Cu_13mm_OC2_*,poprawne_adi,GJS Cu lub Cu,POPRAWNE_ADI\Cu_13mm_1000x,POPRAWNE_ADI\Cu_13mm_1000x\Cu_13mm_1000x-068.jpg,Cu_13mm_1000x-068.jpg,13.0,870,120,370,120,1013.0717079676151,818.5855640654772,13.406525169651406,146.6775,302.3333333333333,HB,3.47,2.54,0.35,0.012,0.044,0.035,0.7,0.25
Cu_13mm_OC2_*,poprawne_adi,GJS Cu lub Cu,POPRAWNE_ADI\Cu_13mm_1000x,POPRAWNE_ADI\Cu_13mm_1000x\Cu_13mm_1000x-069.jpg,Cu_13mm_1000x-069.jpg,13.0,870,120,370,120,1013.0717079676151,818.5855640654772,13.406525169651406,146.6775,302.3333333333333,HB,3.47,2.54,0.35,0.012,0.044,0.035,0.7,0.25
Cu_13mm_OC2_*,poprawne_adi,GJS Cu lub Cu,POPRAWNE_ADI\Cu_13mm_1000x,POPRAWNE_ADI\Cu_13mm_1000x\Cu_13mm_1000x-070.jpg,Cu_13mm_1000x-070.jpg,13.0,870,120,370,120,1013.0717079676151,818.5855640654772,13.406525169651406,146.6775,302.3333333333333,HB,3.47,2.54,0.35,0.012,0.044,0.035,0.7,0.25
Cu_13mm_OC2_*,poprawne_adi,GJS Cu lub Cu,POPRAWNE_ADI\Cu_13mm_1000x,POPRAWNE_ADI\Cu_13mm_1000x\Cu_13mm_1000x-071.jpg,Cu_13mm_1000x-071.jpg,13.0,870,120,370,120,1013.0717079676151,818.5855640654772,13.406525169651406,146.6775,302.3333333333333,HB,3.47,2.54,0.35,0.012,0.044,0.035,0.7,0.25
Cu_13mm_OC2_*,poprawne_adi,GJS Cu lub Cu,POPRAWNE_ADI\Cu_13mm_1000x,POPRAWNE_ADI\Cu_13mm_1000x\Cu_13mm_1000x-072.jpg,Cu_13mm_1000x-072.jpg,13.0,870,120,370,120,1013.0717079676151,818.5855640654772,13.406525169651406,146.6775,302.3333333333333,HB,3.47,2.54,0.35,0.012,0.044,0.035,0.7,0.25
Cu_13mm_OC2_*,poprawne_adi,GJS Cu lub Cu,POPRAWNE_ADI\Cu_13mm_1000x,POPRAWNE_ADI\Cu_13mm_1000x\Cu_13mm_1000x-073.jpg,Cu_13mm_1000x-073.jpg,13.0,870,120,370,120,1013.0717079676151,818.5855640654772,13.406525169651406,146.6775,302.3333333333333,HB,3.47,2.54,0.35,0.012,0.044,0.035,0.7,0.25
Cu_13mm_OC2_*,poprawne_adi,GJS Cu lub Cu,POPRAWNE_ADI\Cu_13mm_1000x,POPRAWNE_ADI\Cu_13mm_1000x\Cu_13mm_1000x-074.jpg,Cu_13mm_1000x-074.jpg,13.0,870,120,370,120,1013.0717079676151,818.5855640654772,13.406525169651406,146.6775,302.3333333333333,HB,3.47,2.54,0.35,0.012,0.044,0.035,0.7,0.25
Cu_13mm_OC2_*,poprawne_adi,GJS Cu lub Cu,POPRAWNE_ADI\Cu_13mm_1000x,POPRAWNE_ADI\Cu_13mm_1000x\Cu_13mm_1000x-075.jpg,Cu_13mm_1000x-075.jpg,13.0,870,120,370,120,1013.0717079676151,818.5855640654772,13.406525169651406,146.6775,302.3333333333333,HB,3.47,2.54,0.35,0.012,0.044,0.035,0.7,0.25
Cu_13mm_OC2_*,poprawne_adi,GJS Cu lub Cu,POPRAWNE_ADI\Cu_13mm_1000x,POPRAWNE_ADI\Cu_13mm_1000x\Cu_13mm_1000x-076.jpg,Cu_13mm_1000x-076.jpg,13.0,870,120,370,120,1013.0717079676151,818.5855640654772,13.406525169651406,146.6775,302.3333333333333,HB,3.47,2.54,0.35,0.012,0.044,0.035,0.7,0.25
Cu_13mm_OC2_*,poprawne_adi,GJS Cu lub Cu,POPRAWNE_ADI\Cu_13mm_1000x,POPRAWNE_ADI\Cu_13mm_1000x\Cu_13mm_1000x-077.jpg,Cu_13mm_1000x-077.jpg,13.0,870,120,370,120,1013.0717079676151,818.5855640654772,13.406525169651406,146.6775,302.3333333333333,HB,3.47,2.54,0.35,0.012,0.044,0.035,0.7,0.25
Cu_13mm_OC2_*,poprawne_adi,GJS Cu lub Cu,POPRAWNE_ADI\Cu_13mm_1000x,POPRAWNE_ADI\Cu_13mm_1000x\Cu_13mm_1000x-078.jpg,Cu_13mm_1000x-078.jpg,13.0,870,120,370,120,1013.0717079676151,818.5855640654772,13.406525169651406,146.6775,302.3333333333333,HB,3.47,2.54,0.35,0.012,0.044,0.035,0.7,0.25
Cu_13mm_OC2_*,poprawne_adi,GJS Cu lub Cu,POPRAWNE_ADI\Cu_13mm_1000x,POPRAWNE_ADI\Cu_13mm_1000x\Cu_13mm_1000x-079.jpg,Cu_13mm_1000x-079.jpg,13.0,870,120,370,120,1013.0717079676151,818.5855640654772,13.406525169651406,146.6775,302.3333333333333,HB,3.47,2.54,0.35,0.012,0.044,0.035,0.7,0.25
Cu_13mm_OC2_*,poprawne_adi,GJS Cu lub Cu,POPRAWNE_ADI\Cu_13mm_1000x,POPRAWNE_ADI\Cu_13mm_1000x\Cu_13mm_1000x-080.jpg,Cu_13mm_1000x-080.jpg,13.0,870,120,370,120,1013.0717079676151,818.5855640654772,13.406525169651406,146.6775,302.3333333333333,HB,3.47,2.54,0.35,0.012,0.044,0.035,0.7,0.25
Cu_13mm_OC2_*,poprawne_adi,GJS Cu lub Cu,POPRAWNE_ADI\Cu_13mm_1000x,POPRAWNE_ADI\Cu_13mm_1000x\Cu_13mm_1000x-081.jpg,Cu_13mm_1000x-081.jpg,13.0,870,120,370,120,1013.0717079676151,818.5855640654772,13.406525169651406,146.6775,302.3333333333333,HB,3.47,2.54,0.35,0.012,0.044,0.035,0.7,0.25
Cu_13mm_OC2_*,poprawne_adi,GJS Cu lub Cu,POPRAWNE_ADI\Cu_13mm_1000x,POPRAWNE_ADI\Cu_13mm_1000x\Cu_13mm_1000x-082.jpg,Cu_13mm_1000x-082.jpg,13.0,870,120,370,120,1013.0717079676151,818.5855640654772,13.406525169651406,146.6775,302.3333333333333,HB,3.47,2.54,0.35,0.012,0.044,0.035,0.7,0.25
Cu_13mm_OC2_*,poprawne_adi,GJS Cu lub Cu,POPRAWNE_ADI\Cu_13mm_1000x,POPRAWNE_ADI\Cu_13mm_1000x\Cu_13mm_1000x-083.jpg,Cu_13mm_1000x-083.jpg,13.0,870,120,370,120,1013.0717079676151,818.5855640654772,13.406525169651406,146.6775,302.3333333333333,HB,3.47,2.54,0.35,0.012,0.044,0.035,0.7,0.25
Cu_13mm_OC2_*,poprawne_adi,GJS Cu lub Cu,POPRAWNE_ADI\Cu_13mm_1000x,POPRAWNE_ADI\Cu_13mm_1000x\Cu_13mm_1000x-084.jpg,Cu_13mm_1000x-084.jpg,13.0,870,120,370,120,1013.0717079676151,818.5855640654772,13.406525169651406,146.6775,302.3333333333333,HB,3.47,2.54,0.35,0.012,0.044,0.035,0.7,0.25
Cu_13mm_OC2_*,poprawne_adi,GJS Cu lub Cu,POPRAWNE_ADI\Cu_13mm_1000x,POPRAWNE_ADI\Cu_13mm_1000x\Cu_13mm_1000x-085.jpg,Cu_13mm_1000x-085.jpg,13.0,870,120,370,120,1013.0717079676151,818.5855640654772,13.406525169651406,146.6775,302.3333333333333,HB,3.47,2.54,0.35,0.012,0.044,0.035,0.7,0.25
Cu_13mm_OC2_*,poprawne_adi,GJS Cu lub Cu,POPRAWNE_ADI\Cu_13mm_1000x,POPRAWNE_ADI\Cu_13mm_1000x\Cu_13mm_1000x-086.jpg,Cu_13mm_1000x-086.jpg,13.0,870,120,370,120,1013.0717079676151,818.5855640654772,13.406525169651406,146.6775,302.3333333333333,HB,3.47,2.54,0.35,0.012,0.044,0.035,0.7,0.25
Cu_13mm_OC2_*,poprawne_adi,GJS Cu lub Cu,POPRAWNE_ADI\Cu_13mm_1000x,POPRAWNE_ADI\Cu_13mm_1000x\Cu_13mm_1000x-087.jpg,Cu_13mm_1000x-087.jpg,13.0,870,120,370,120,1013.0717079676151,818.5855640654772,13.406525169651406,146.6775,302.3333333333333,HB,3.47,2.54,0.35,0.012,0.044,0.035,0.7,0.25
Cu_13mm_OC2_*,poprawne_adi,GJS Cu lub Cu,POPRAWNE_ADI\Cu_13mm_1000x,POPRAWNE_ADI\Cu_13mm_1000x\Cu_13mm_1000x-088.jpg,Cu_13mm_1000x-088.jpg,13.0,870,120,370,120,1013.0717079676151,818.5855640654772,13.406525169651406,146.6775,302.3333333333333,HB,3.47,2.54,0.35,0.012,0.044,0.035,0.7,0.25
Cu_13mm_OC2_*,poprawne_adi,GJS Cu lub Cu,POPRAWNE_ADI\Cu_13mm_1000x,POPRAWNE_ADI\Cu_13mm_1000x\Cu_13mm_1000x-089.jpg,Cu_13mm_1000x-089.jpg,13.0,870,120,370,120,1013.0717079676151,818.5855640654772,13.406525169651406,146.6775,302.3333333333333,HB,3.47,2.54,0.35,0.012,0.044,0.035,0.7,0.25
Cu_13mm_OC2_*,poprawne_adi,GJS Cu lub Cu,POPRAWNE_ADI\Cu_13mm_1000x,POPRAWNE_ADI\Cu_13mm_1000x\Cu_13mm_1000x-090.jpg,Cu_13mm_1000x-090.jpg,13.0,870,120,370,120,1013.0717079676151,818.5855640654772,13.406525169651406,146.6775,302.3333333333333,HB,3.47,2.54,0.35,0.012,0.044,0.035,0.7,0.25
Cu_13mm_OC2_*,poprawne_adi,GJS Cu lub Cu,POPRAWNE_ADI\Cu_13mm_1000x,POPRAWNE_ADI\Cu_13mm_1000x\Cu_13mm_1000x-091.jpg,Cu_13mm_1000x-091.jpg,13.0,870,120,370,120,1013.0717079676151,818.5855640654772,13.406525169651406,146.6775,302.3333333333333,HB,3.47,2.54,0.35,0.012,0.044,0.035,0.7,0.25
Cu_13mm_OC2_*,poprawne_adi,GJS Cu lub Cu,POPRAWNE_ADI\Cu_13mm_1000x,POPRAWNE_ADI\Cu_13mm_1000x\Cu_13mm_1000x-092.jpg,Cu_13mm_1000x-092.jpg,13.0,870,120,370,120,1013.0717079676151,818.5855640654772,13.406525169651406,146.6775,302.3333333333333,HB,3.47,2.54,0.35,0.012,0.044,0.035,0.7,0.25
Cu_13mm_OC2_*,poprawne_adi,GJS Cu lub Cu,POPRAWNE_ADI\Cu_13mm_1000x,POPRAWNE_ADI\Cu_13mm_1000x\Cu_13mm_1000x-093.jpg,Cu_13mm_1000x-093.jpg,13.0,870,120,370,120,1013.0717079676151,818.5855640654772,13.406525169651406,146.6775,302.3333333333333,HB,3.47,2.54,0.35,0.012,0.044,0.035,0.7,0.25
Cu_13mm_OC2_*,poprawne_adi,GJS Cu lub Cu,POPRAWNE_ADI\Cu_13mm_1000x,POPRAWNE_ADI\Cu_13mm_1000x\Cu_13mm_1000x-094.jpg,Cu_13mm_1000x-094.jpg,13.0,870,120,370,120,1013.0717079676151,818.5855640654772,13.406525169651406,146.6775,302.3333333333333,HB,3.47,2.54,0.35,0.012,0.044,0.035,0.7,0.25
Cu_13mm_OC2_*,poprawne_adi,GJS Cu lub Cu,POPRAWNE_ADI\Cu_13mm_1000x,POPRAWNE_ADI\Cu_13mm_1000x\Cu_13mm_1000x-095.jpg,Cu_13mm_1000x-095.jpg,13.0,870,120,370,120,1013.0717079676151,818.5855640654772,13.406525169651406,146.6775,302.3333333333333,HB,3.47,2.54,0.35,0.012,0.044,0.035,0.7,0.25
Cu_13mm_OC2_*,poprawne_adi,GJS Cu lub Cu,POPRAWNE_ADI\Cu_13mm_1000x,POPRAWNE_ADI\Cu_13mm_1000x\Cu_13mm_1000x-096.jpg,Cu_13mm_1000x-096.jpg,13.0,870,120,370,120,1013.0717079676151,818.5855640654772,13.406525169651406,146.6775,302.3333333333333,HB,3.47,2.54,0.35,0.012,0.044,0.035,0.7,0.25
Cu_13mm_OC2_*,poprawne_adi,GJS Cu lub Cu,POPRAWNE_ADI\Cu_13mm_1000x,POPRAWNE_ADI\Cu_13mm_1000x\Cu_13mm_1000x-097.jpg,Cu_13mm_1000x-097.jpg,13.0,870,120,370,120,1013.0717079676151,818.5855640654772,13.406525169651406,146.6775,302.3333333333333,HB,3.47,2.54,0.35,0.012,0.044,0.035,0.7,0.25
Cu_13mm_OC2_*,poprawne_adi,GJS Cu lub Cu,POPRAWNE_ADI\Cu_13mm_1000x,POPRAWNE_ADI\Cu_13mm_1000x\Cu_13mm_1000x-098.jpg,Cu_13mm_1000x-098.jpg,13.0,870,120,370,120,1013.0717079676151,818.5855640654772,13.406525169651406,146.6775,302.3333333333333,HB,3.47,2.54,0.35,0.012,0.044,0.035,0.7,0.25
Cu_13mm_OC2_*,poprawne_adi,GJS Cu lub Cu,POPRAWNE_ADI\Cu_13mm_1000x,POPRAWNE_ADI\Cu_13mm_1000x\Cu_13mm_1000x-099.jpg,Cu_13mm_1000x-099.jpg,13.0,870,120,370,120,1013.0717079676151,818.5855640654772,13.406525169651406,146.6775,302.3333333333333,HB,3.47,2.54,0.35,0.012,0.044,0.035,0.7,0.25
Cu_13mm_OC2_*,poprawne_adi,GJS Cu lub Cu,POPRAWNE_ADI\Cu_13mm_1000x,POPRAWNE_ADI\Cu_13mm_1000x\Cu_13mm_1000x-100.jpg,Cu_13mm_1000x-100.jpg,13.0,870,120,370,120,1013.0717079676151,818.5855640654772,13.406525169651406,146.6775,302.3333333333333,HB,3.47,2.54,0.35,0.012,0.044,0.035,0.7,0.25
Cu_13mm_OC2_*,poprawne_adi,GJS Cu lub Cu,POPRAWNE_ADI\Cu_13mm_1000x,POPRAWNE_ADI\Cu_13mm_1000x\Cu_13mm_1000x-101.jpg,Cu_13mm_1000x-101.jpg,13.0,870,120,370,120,1013.0717079676151,818.5855640654772,13.406525169651406,146.6775,302.3333333333333,HB,3.47,2.54,0.35,0.012,0.044,0.035,0.7,0.25
Cu_13mm_OC2_*,poprawne_adi,GJS Cu lub Cu,POPRAWNE_ADI\Cu_13mm_1000x,POPRAWNE_ADI\Cu_13mm_1000x\Cu_13mm_1000x-102.jpg,Cu_13mm_1000x-102.jpg,13.0,870,120,370,120,1013.0717079676151,818.5855640654772,13.406525169651406,146.6775,302.3333333333333,HB,3.47,2.54,0.35,0.012,0.044,0.035,0.7,0.25
Cu_13mm_OC2_*,poprawne_adi,GJS Cu lub Cu,POPRAWNE_ADI\Cu_13mm_1000x,POPRAWNE_ADI\Cu_13mm_1000x\Cu_13mm_1000x-103.jpg,Cu_13mm_1000x-103.jpg,13.0,870,120,370,120,1013.0717079676151,818.5855640654772,13.406525169651406,146.6775,302.3333333333333,HB,3.47,2.54,0.35,0.012,0.044,0.035,0.7,0.25
Cu_13mm_OC2_*,poprawne_adi,GJS Cu lub Cu,POPRAWNE_ADI\Cu_13mm_1000x,POPRAWNE_ADI\Cu_13mm_1000x\Cu_13mm_1000x-104.jpg,Cu_13mm_1000x-104.jpg,13.0,870,120,370,120,1013.0717079676151,818.5855640654772,13.406525169651406,146.6775,302.3333333333333,HB,3.47,2.54,0.35,0.012,0.044,0.035,0.7,0.25
Cu_13mm_OC2_*,poprawne_adi,GJS Cu lub Cu,POPRAWNE_ADI\Cu_13mm_1000x,POPRAWNE_ADI\Cu_13mm_1000x\Cu_13mm_1000x-105.jpg,Cu_13mm_1000x-105.jpg,13.0,870,120,370,120,1013.0717079676151,818.5855640654772,13.406525169651406,146.6775,302.3333333333333,HB,3.47,2.54,0.35,0.012,0.044,0.035,0.7,0.25
Cu_13mm_OC2_*,poprawne_adi,GJS Cu lub Cu,POPRAWNE_ADI\Cu_13mm_1000x,POPRAWNE_ADI\Cu_13mm_1000x\Cu_13mm_1000x-106.jpg,Cu_13mm_1000x-106.jpg,13.0,870,120,370,120,1013.0717079676151,818.5855640654772,13.406525169651406,146.6775,302.3333333333333,HB,3.47,2.54,0.35,0.012,0.044,0.035,0.7,0.25
Cu_13mm_OC2_*,poprawne_adi,GJS Cu lub Cu,POPRAWNE_ADI\Cu_13mm_1000x,POPRAWNE_ADI\Cu_13mm_1000x\Cu_13mm_1000x-107.jpg,Cu_13mm_1000x-107.jpg,13.0,870,120,370,120,1013.0717079676151,818.5855640654772,13.406525169651406,146.6775,302.3333333333333,HB,3.47,2.54,0.35,0.012,0.044,0.035,0.7,0.25
Cu_13mm_OC2_*,poprawne_adi,GJS Cu lub Cu,POPRAWNE_ADI\Cu_13mm_1000x,POPRAWNE_ADI\Cu_13mm_1000x\Cu_13mm_1000x-108.jpg,Cu_13mm_1000x-108.jpg,13.0,870,120,370,120,1013.0717079676151,818.5855640654772,13.406525169651406,146.6775,302.3333333333333,HB,3.47,2.54,0.35,0.012,0.044,0.035,0.7,0.25
Cu_13mm_OC2_*,poprawne_adi,GJS Cu lub Cu,POPRAWNE_ADI\Cu_13mm_1000x,POPRAWNE_ADI\Cu_13mm_1000x\Cu_13mm_1000x-109.jpg,Cu_13mm_1000x-109.jpg,13.0,870,120,370,120,1013.0717079676151,818.5855640654772,13.406525169651406,146.6775,302.3333333333333,HB,3.47,2.54,0.35,0.012,0.044,0.035,0.7,0.25
Cu_13mm_OC2_*,poprawne_adi,GJS Cu lub Cu,POPRAWNE_ADI\Cu_13mm_1000x,POPRAWNE_ADI\Cu_13mm_1000x\Cu_13mm_1000x-110.jpg,Cu_13mm_1000x-110.jpg,13.0,870,120,370,120,1013.0717079676151,818.5855640654772,13.406525169651406,146.6775,302.3333333333333,HB,3.47,2.54,0.35,0.012,0.044,0.035,0.7,0.25
Cu_13mm_OC2_*,poprawne_adi,GJS Cu lub Cu,POPRAWNE_ADI\Cu_13mm_1000x,POPRAWNE_ADI\Cu_13mm_1000x\Cu_13mm_1000x-111.jpg,Cu_13mm_1000x-111.jpg,13.0,870,120,370,120,1013.0717079676151,818.5855640654772,13.406525169651406,146.6775,302.3333333333333,HB,3.47,2.54,0.35,0.012,0.044,0.035,0.7,0.25
Cu_13mm_OC2_*,poprawne_adi,GJS Cu lub Cu,POPRAWNE_ADI\Cu_13mm_1000x,POPRAWNE_ADI\Cu_13mm_1000x\Cu_13mm_1000x-112.jpg,Cu_13mm_1000x-112.jpg,13.0,870,120,370,120,1013.0717079676151,818.5855640654772,13.406525169651406,146.6775,302.3333333333333,HB,3.47,2.54,0.35,0.012,0.044,0.035,0.7,0.25
Cu_13mm_OC2_*,poprawne_adi,GJS Cu lub Cu,POPRAWNE_ADI\Cu_13mm_1000x,POPRAWNE_ADI\Cu_13mm_1000x\Cu_13mm_1000x-113.jpg,Cu_13mm_1000x-113.jpg,13.0,870,120,370,120,1013.0717079676151,818.5855640654772,13.406525169651406,146.6775,302.3333333333333,HB,3.47,2.54,0.35,0.012,0.044,0.035,0.7,0.25
Cu_13mm_OC2_*,poprawne_adi,GJS Cu lub Cu,POPRAWNE_ADI\Cu_13mm_1000x,POPRAWNE_ADI\Cu_13mm_1000x\Cu_13mm_1000x-114.jpg,Cu_13mm_1000x-114.jpg,13.0,870,120,370,120,1013.0717079676151,818.5855640654772,13.406525169651406,146.6775,302.3333333333333,HB,3.47,2.54,0.35,0.012,0.044,0.035,0.7,0.25
Cu_13mm_OC2_*,poprawne_adi,GJS Cu lub Cu,POPRAWNE_ADI\Cu_13mm_1000x,POPRAWNE_ADI\Cu_13mm_1000x\Cu_13mm_1000x-115.jpg,Cu_13mm_1000x-115.jpg,13.0,870,120,370,120,1013.0717079676151,818.5855640654772,13.406525169651406,146.6775,302.3333333333333,HB,3.47,2.54,0.35,0.012,0.044,0.035,0.7,0.25
Cu_13mm_OC2_*,poprawne_adi,GJS Cu lub Cu,POPRAWNE_ADI\Cu_13mm_1000x,POPRAWNE_ADI\Cu_13mm_1000x\Cu_13mm_1000x-116.jpg,Cu_13mm_1000x-116.jpg,13.0,870,120,370,120,1013.0717079676151,818.5855640654772,13.406525169651406,146.6775,302.3333333333333,HB,3.47,2.54,0.35,0.012,0.044,0.035,0.7,0.25
Cu_13mm_OC2_*,poprawne_adi,GJS Cu lub Cu,POPRAWNE_ADI\Cu_13mm_1000x,POPRAWNE_ADI\Cu_13mm_1000x\Cu_13mm_1000x-117.jpg,Cu_13mm_1000x-117.jpg,13.0,870,120,370,120,1013.0717079676151,818.5855640654772,13.406525169651406,146.6775,302.3333333333333,HB,3.47,2.54,0.35,0.012,0.044,0.035,0.7,0.25
Cu_13mm_OC2_*,poprawne_adi,GJS Cu lub Cu,POPRAWNE_ADI\Cu_13mm_1000x,POPRAWNE_ADI\Cu_13mm_1000x\Cu_13mm_1000x-118.jpg,Cu_13mm_1000x-118.jpg,13.0,870,120,370,120,1013.0717079676151,818.5855640654772,13.406525169651406,146.6775,302.3333333333333,HB,3.47,2.54,0.35,0.012,0.044,0.035,0.7,0.25
Cu_13mm_OC2_*,poprawne_adi,GJS Cu lub Cu,POPRAWNE_ADI\Cu_13mm_1000x,POPRAWNE_ADI\Cu_13mm_1000x\Cu_13mm_1000x-119.jpg,Cu_13mm_1000x-119.jpg,13.0,870,120,370,120,1013.0717079676151,818.5855640654772,13.406525169651406,146.6775,302.3333333333333,HB,3.47,2.54,0.35,0.012,0.044,0.035,0.7,0.25
Cu_13mm_OC2_*,poprawne_adi,GJS Cu lub Cu,POPRAWNE_ADI\Cu_13mm_1000x,POPRAWNE_ADI\Cu_13mm_1000x\Cu_13mm_1000x-120.jpg,Cu_13mm_1000x-120.jpg,13.0,870,120,370,120,1013.0717079676151,818.5855640654772,13.406525169651406,146.6775,302.3333333333333,HB,3.47,2.54,0.35,0.012,0.044,0.035,0.7,0.25
Cu_13mm_OC2_*,poprawne_adi,GJS Cu lub Cu,POPRAWNE_ADI\Cu_13mm_1000x,POPRAWNE_ADI\Cu_13mm_1000x\Cu_13mm_1000x-121.jpg,Cu_13mm_1000x-121.jpg,13.0,870,120,370,120,1013.0717079676151,818.5855640654772,13.406525169651406,146.6775,302.3333333333333,HB,3.47,2.54,0.35,0.012,0.044,0.035,0.7,0.25
Cu_13mm_OC2_*,poprawne_adi,GJS Cu lub Cu,POPRAWNE_ADI\Cu_13mm_1000x,POPRAWNE_ADI\Cu_13mm_1000x\Cu_13mm_1000x-122.jpg,Cu_13mm_1000x-122.jpg,13.0,870,120,370,120,1013.0717079676151,818.5855640654772,13.406525169651406,146.6775,302.3333333333333,HB,3.47,2.54,0.35,0.012,0.044,0.035,0.7,0.25
Cu_13mm_OC2_*,poprawne_adi,GJS Cu lub Cu,POPRAWNE_ADI\Cu_13mm_1000x,POPRAWNE_ADI\Cu_13mm_1000x\Cu_13mm_1000x-123.jpg,Cu_13mm_1000x-123.jpg,13.0,870,120,370,120,1013.0717079676151,818.5855640654772,13.406525169651406,146.6775,302.3333333333333,HB,3.47,2.54,0.35,0.012,0.044,0.035,0.7,0.25
Cu_13mm_OC2_*,poprawne_adi,GJS Cu lub Cu,POPRAWNE_ADI\Cu_13mm_1000x,POPRAWNE_ADI\Cu_13mm_1000x\Cu_13mm_1000x-124.jpg,Cu_13mm_1000x-124.jpg,13.0,870,120,370,120,1013.0717079676151,818.5855640654772,13.406525169651406,146.6775,302.3333333333333,HB,3.47,2.54,0.35,0.012,0.044,0.035,0.7,0.25
Cu_13mm_OC2_*,poprawne_adi,GJS Cu lub Cu,POPRAWNE_ADI\Cu_13mm_1000x,POPRAWNE_ADI\Cu_13mm_1000x\Cu_13mm_1000x-125.jpg,Cu_13mm_1000x-125.jpg,13.0,870,120,370,120,1013.0717079676151,818.5855640654772,13.406525169651406,146.6775,302.3333333333333,HB,3.47,2.54,0.35,0.012,0.044,0.035,0.7,0.25
Cu_13mm_OC2_*,poprawne_adi,GJS Cu lub Cu,POPRAWNE_ADI\Cu_13mm_1000x,POPRAWNE_ADI\Cu_13mm_1000x\Cu_13mm_1000x-126.jpg,Cu_13mm_1000x-126.jpg,13.0,870,120,370,120,1013.0717079676151,818.5855640654772,13.406525169651406,146.6775,302.3333333333333,HB,3.47,2.54,0.35,0.012,0.044,0.035,0.7,0.25
Cu_13mm_OC2_*,poprawne_adi,GJS Cu lub Cu,POPRAWNE_ADI\Cu_13mm_1000x,POPRAWNE_ADI\Cu_13mm_1000x\Cu_13mm_1000x-127.jpg,Cu_13mm_1000x-127.jpg,13.0,870,120,370,120,1013.0717079676151,818.5855640654772,13.406525169651406,146.6775,302.3333333333333,HB,3.47,2.54,0.35,0.012,0.044,0.035,0.7,0.25
Cu_13mm_OC2_*,poprawne_adi,GJS Cu lub Cu,POPRAWNE_ADI\Cu_13mm_1000x,POPRAWNE_ADI\Cu_13mm_1000x\Cu_13mm_1000x-128.jpg,Cu_13mm_1000x-128.jpg,13.0,870,120,370,120,1013.0717079676151,818.5855640654772,13.406525169651406,146.6775,302.3333333333333,HB,3.47,2.54,0.35,0.012,0.044,0.035,0.7,0.25
Cu_13mm_OC2_*,poprawne_adi,GJS Cu lub Cu,POPRAWNE_ADI\Cu_13mm_1000x,POPRAWNE_ADI\Cu_13mm_1000x\Cu_13mm_1000x-129.jpg,Cu_13mm_1000x-129.jpg,13.0,870,120,370,120,1013.0717079676151,818.5855640654772,13.406525169651406,146.6775,302.3333333333333,HB,3.47,2.54,0.35,0.012,0.044,0.035,0.7,0.25
Cu_13mm_OC2_*,poprawne_adi,GJS Cu lub Cu,POPRAWNE_ADI\Cu_13mm_1000x,POPRAWNE_ADI\Cu_13mm_1000x\Cu_13mm_1000x-130.jpg,Cu_13mm_1000x-130.jpg,13.0,870,120,370,120,1013.0717079676151,818.5855640654772,13.406525169651406,146.6775,302.3333333333333,HB,3.47,2.54,0.35,0.012,0.044,0.035,0.7,0.25
Cu_13mm_OC2_*,poprawne_adi,GJS Cu lub Cu,POPRAWNE_ADI\Cu_13mm_1000x,POPRAWNE_ADI\Cu_13mm_1000x\Cu_13mm_1000x-131.jpg,Cu_13mm_1000x-131.jpg,13.0,870,120,370,120,1013.0717079676151,818.5855640654772,13.406525169651406,146.6775,302.3333333333333,HB,3.47,2.54,0.35,0.012,0.044,0.035,0.7,0.25
Cu_13mm_OC2_*,poprawne_adi,GJS Cu lub Cu,POPRAWNE_ADI\Cu_13mm_1000x,POPRAWNE_ADI\Cu_13mm_1000x\Cu_13mm_1000x-132.jpg,Cu_13mm_1000x-132.jpg,13.0,870,120,370,120,1013.0717079676151,818.5855640654772,13.406525169651406,146.6775,302.3333333333333,HB,3.47,2.54,0.35,0.012,0.044,0.035,0.7,0.25
Cu_13mm_OC2_*,poprawne_adi,GJS Cu lub Cu,POPRAWNE_ADI\Cu_13mm_1000x,POPRAWNE_ADI\Cu_13mm_1000x\Cu_13mm_1000x-133.jpg,Cu_13mm_1000x-133.jpg,13.0,870,120,370,120,1013.0717079676151,818.5855640654772,13.406525169651406,146.6775,302.3333333333333,HB,3.47,2.54,0.35,0.012,0.044,0.035,0.7,0.25
Cu_13mm_OC2_*,poprawne_adi,GJS Cu lub Cu,POPRAWNE_ADI\Cu_13mm_1000x,POPRAWNE_ADI\Cu_13mm_1000x\Cu_13mm_1000x-134.jpg,Cu_13mm_1000x-134.jpg,13.0,870,120,370,120,1013.0717079676151,818.5855640654772,13.406525169651406,146.6775,302.3333333333333,HB,3.47,2.54,0.35,0.012,0.044,0.035,0.7,0.25
Cu_13mm_OC2_*,poprawne_adi,GJS Cu lub Cu,POPRAWNE_ADI\Cu_13mm_1000x,POPRAWNE_ADI\Cu_13mm_1000x\Cu_13mm_1000x-135.jpg,Cu_13mm_1000x-135.jpg,13.0,870,120,370,120,1013.0717079676151,818.5855640654772,13.406525169651406,146.6775,302.3333333333333,HB,3.47,2.54,0.35,0.012,0.044,0.035,0.7,0.25
Cu_13mm_OC2_*,poprawne_adi,GJS Cu lub Cu,POPRAWNE_ADI\Cu_13mm_1000x,POPRAWNE_ADI\Cu_13mm_1000x\Cu_13mm_1000x-136.jpg,Cu_13mm_1000x-136.jpg,13.0,870,120,370,120,1013.0717079676151,818.5855640654772,13.406525169651406,146.6775,302.3333333333333,HB,3.47,2.54,0.35,0.012,0.044,0.035,0.7,0.25
Cu_13mm_OC2_*,poprawne_adi,GJS Cu lub Cu,POPRAWNE_ADI\Cu_13mm_1000x,POPRAWNE_ADI\Cu_13mm_1000x\Cu_13mm_1000x-137.jpg,Cu_13mm_1000x-137.jpg,13.0,870,120,370,120,1013.0717079676151,818.5855640654772,13.406525169651406,146.6775,302.3333333333333,HB,3.47,2.54,0.35,0.012,0.044,0.035,0.7,0.25
Cu_13mm_OC2_*,poprawne_adi,GJS Cu lub Cu,POPRAWNE_ADI\Cu_13mm_1000x,POPRAWNE_ADI\Cu_13mm_1000x\Cu_13mm_1000x-138.jpg,Cu_13mm_1000x-138.jpg,13.0,870,120,370,120,1013.0717079676151,818.5855640654772,13.406525169651406,146.6775,302.3333333333333,HB,3.47,2.54,0.35,0.012,0.044,0.035,0.7,0.25
Cu_13mm_OC2_*,poprawne_adi,GJS Cu lub Cu,POPRAWNE_ADI\Cu_13mm_1000x,POPRAWNE_ADI\Cu_13mm_1000x\Cu_13mm_1000x-139.jpg,Cu_13mm_1000x-139.jpg,13.0,870,120,370,120,1013.0717079676151,818.5855640654772,13.406525169651406,146.6775,302.3333333333333,HB,3.47,2.54,0.35,0.012,0.044,0.035,0.7,0.25
Cu_13mm_OC2_*,poprawne_adi,GJS Cu lub Cu,POPRAWNE_ADI\Cu_13mm_1000x,POPRAWNE_ADI\Cu_13mm_1000x\Cu_13mm_1000x-140.jpg,Cu_13mm_1000x-140.jpg,13.0,870,120,370,120,1013.0717079676151,818.5855640654772,13.406525169651406,146.6775,302.3333333333333,HB,3.47,2.54,0.35,0.012,0.044,0.035,0.7,0.25
Cu_13mm_OC2_*,poprawne_adi,GJS Cu lub Cu,POPRAWNE_ADI\Cu_13mm_1000x,POPRAWNE_ADI\Cu_13mm_1000x\Cu_13mm_1000x-141.jpg,Cu_13mm_1000x-141.jpg,13.0,870,120,370,120,1013.0717079676151,818.5855640654772,13.406525169651406,146.6775,302.3333333333333,HB,3.47,2.54,0.35,0.012,0.044,0.035,0.7,0.25
Cu_13mm_OC2_*,poprawne_adi,GJS Cu lub Cu,POPRAWNE_ADI\Cu_13mm_1000x,POPRAWNE_ADI\Cu_13mm_1000x\Cu_13mm_1000x-142.jpg,Cu_13mm_1000x-142.jpg,13.0,870,120,370,120,1013.0717079676151,818.5855640654772,13.406525169651406,146.6775,302.3333333333333,HB,3.47,2.54,0.35,0.012,0.044,0.035,0.7,0.25
Cu_13mm_OC2_*,poprawne_adi,GJS Cu lub Cu,POPRAWNE_ADI\Cu_13mm_1000x,POPRAWNE_ADI\Cu_13mm_1000x\Cu_13mm_1000x-143.jpg,Cu_13mm_1000x-143.jpg,13.0,870,120,370,120,1013.0717079676151,818.5855640654772,13.406525169651406,146.6775,302.3333333333333,HB,3.47,2.54,0.35,0.012,0.044,0.035,0.7,0.25
Cu_13mm_OC2_*,poprawne_adi,GJS Cu lub Cu,POPRAWNE_ADI\Cu_13mm_1000x,POPRAWNE_ADI\Cu_13mm_1000x\Cu_13mm_1000x-144.jpg,Cu_13mm_1000x-144.jpg,13.0,870,120,370,120,1013.0717079676151,818.5855640654772,13.406525169651406,146.6775,302.3333333333333,HB,3.47,2.54,0.35,0.012,0.044,0.035,0.7,0.25
Cu_13mm_OC2_*,poprawne_adi,GJS Cu lub Cu,POPRAWNE_ADI\Cu_13mm_1000x,POPRAWNE_ADI\Cu_13mm_1000x\Cu_13mm_1000x-145.jpg,Cu_13mm_1000x-145.jpg,13.0,870,120,370,120,1013.0717079676151,818.5855640654772,13.406525169651406,146.6775,302.3333333333333,HB,3.47,2.54,0.35,0.012,0.044,0.035,0.7,0.25
Cu_13mm_OC2_*,poprawne_adi,GJS Cu lub Cu,POPRAWNE_ADI\Cu_13mm_1000x,POPRAWNE_ADI\Cu_13mm_1000x\Cu_13mm_1000x-146.jpg,Cu_13mm_1000x-146.jpg,13.0,870,120,370,120,1013.0717079676151,818.5855640654772,13.406525169651406,146.6775,302.3333333333333,HB,3.47,2.54,0.35,0.012,0.044,0.035,0.7,0.25
Cu_13mm_OC2_*,poprawne_adi,GJS Cu lub Cu,POPRAWNE_ADI\Cu_13mm_1000x,POPRAWNE_ADI\Cu_13mm_1000x\Cu_13mm_1000x-147.jpg,Cu_13mm_1000x-147.jpg,13.0,870,120,370,120,1013.0717079676151,818.5855640654772,13.406525169651406,146.6775,302.3333333333333,HB,3.47,2.54,0.35,0.012,0.044,0.035,0.7,0.25
Cu_13mm_OC2_*,poprawne_adi,GJS Cu lub Cu,POPRAWNE_ADI\Cu_13mm_1000x,POPRAWNE_ADI\Cu_13mm_1000x\Cu_13mm_1000x-148.jpg,Cu_13mm_1000x-148.jpg,13.0,870,120,370,120,1013.0717079676151,818.5855640654772,13.406525169651406,146.6775,302.3333333333333,HB,3.47,2.54,0.35,0.012,0.044,0.035,0.7,0.25
Cu_13mm_OC2_*,poprawne_adi,GJS Cu lub Cu,POPRAWNE_ADI\Cu_13mm_1000x,POPRAWNE_ADI\Cu_13mm_1000x\Cu_13mm_1000x-149.jpg,Cu_13mm_1000x-149.jpg,13.0,870,120,370,120,1013.0717079676151,818.5855640654772,13.406525169651406,146.6775,302.3333333333333,HB,3.47,2.54,0.35,0.012,0.044,0.035,0.7,0.25
Cu_13mm_OC2_*,poprawne_adi,GJS Cu lub Cu,POPRAWNE_ADI\Cu_13mm_1000x,POPRAWNE_ADI\Cu_13mm_1000x\Cu_13mm_1000x-150.jpg,Cu_13mm_1000x-150.jpg,13.0,870,120,370,120,1013.0717079676151,818.5855640654772,13.406525169651406,146.6775,302.3333333333333,HB,3.47,2.54,0.35,0.012,0.044,0.035,0.7,0.25
Cu_13mm_OC2_*,poprawne_adi,GJS Cu lub Cu,POPRAWNE_ADI\Cu_13mm_1000x,POPRAWNE_ADI\Cu_13mm_1000x\Cu_13mm_1000x-151.jpg,Cu_13mm_1000x-151.jpg,13.0,870,120,370,120,1013.0717079676151,818.5855640654772,13.406525169651406,146.6775,302.3333333333333,HB,3.47,2.54,0.35,0.012,0.044,0.035,0.7,0.25
Cu_13mm_OC2_*,poprawne_adi,GJS Cu lub Cu,POPRAWNE_ADI\Cu_13mm_1000x,POPRAWNE_ADI\Cu_13mm_1000x\Cu_13mm_1000x-152.jpg,Cu_13mm_1000x-152.jpg,13.0,870,120,370,120,1013.0717079676151,818.5855640654772,13.406525169651406,146.6775,302.3333333333333,HB,3.47,2.54,0.35,0.012,0.044,0.035,0.7,0.25
Cu_13mm_OC2_*,poprawne_adi,GJS Cu lub Cu,POPRAWNE_ADI\Cu_13mm_1000x,POPRAWNE_ADI\Cu_13mm_1000x\Cu_13mm_1000x-153.jpg,Cu_13mm_1000x-153.jpg,13.0,870,120,370,120,1013.0717079676151,818.5855640654772,13.406525169651406,146.6775,302.3333333333333,HB,3.47,2.54,0.35,0.012,0.044,0.035,0.7,0.25
Cu_13mm_OC2_*,poprawne_adi,GJS Cu lub Cu,POPRAWNE_ADI\Cu_13mm_1000x,POPRAWNE_ADI\Cu_13mm_1000x\Cu_13mm_1000x-154.jpg,Cu_13mm_1000x-154.jpg,13.0,870,120,370,120,1013.0717079676151,818.5855640654772,13.406525169651406,146.6775,302.3333333333333,HB,3.47,2.54,0.35,0.012,0.044,0.035,0.7,0.25
Cu_13mm_OC2_*,poprawne_adi,GJS Cu lub Cu,POPRAWNE_ADI\Cu_13mm_1000x,POPRAWNE_ADI\Cu_13mm_1000x\Cu_13mm_1000x-155.jpg,Cu_13mm_1000x-155.jpg,13.0,870,120,370,120,1013.0717079676151,818.5855640654772,13.406525169651406,146.6775,302.3333333333333,HB,3.47,2.54,0.35,0.012,0.044,0.035,0.7,0.25
Cu_13mm_OC2_*,poprawne_adi,GJS Cu lub Cu,POPRAWNE_ADI\Cu_13mm_1000x,POPRAWNE_ADI\Cu_13mm_1000x\Cu_13mm_1000x-156.jpg,Cu_13mm_1000x-156.jpg,13.0,870,120,370,120,1013.0717079676151,818.5855640654772,13.406525169651406,146.6775,302.3333333333333,HB,3.47,2.54,0.35,0.012,0.044,0.035,0.7,0.25
Cu_13mm_OC2_*,poprawne_adi,GJS Cu lub Cu,POPRAWNE_ADI\Cu_13mm_1000x,POPRAWNE_ADI\Cu_13mm_1000x\Cu_13mm_1000x-157.jpg,Cu_13mm_1000x-157.jpg,13.0,870,120,370,120,1013.0717079676151,818.5855640654772,13.406525169651406,146.6775,302.3333333333333,HB,3.47,2.54,0.35,0.012,0.044,0.035,0.7,0.25
Cu_13mm_OC2_*,poprawne_adi,GJS Cu lub Cu,POPRAWNE_ADI\Cu_13mm_1000x,POPRAWNE_ADI\Cu_13mm_1000x\Cu_13mm_1000x-158.jpg,Cu_13mm_1000x-158.jpg,13.0,870,120,370,120,1013.0717079676151,818.5855640654772,13.406525169651406,146.6775,302.3333333333333,HB,3.47,2.54,0.35,0.012,0.044,0.035,0.7,0.25
Cu_13mm_OC2_*,poprawne_adi,GJS Cu lub Cu,POPRAWNE_ADI\Cu_13mm_1000x,POPRAWNE_ADI\Cu_13mm_1000x\Cu_13mm_1000x-159.jpg,Cu_13mm_1000x-159.jpg,13.0,870,120,370,120,1013.0717079676151,818.5855640654772,13.406525169651406,146.6775,302.3333333333333,HB,3.47,2.54,0.35,0.012,0.044,0.035,0.7,0.25
Cu_13mm_OC2_*,poprawne_adi,GJS Cu lub Cu,POPRAWNE_ADI\Cu_13mm_1000x,POPRAWNE_ADI\Cu_13mm_1000x\Cu_13mm_1000x-160.jpg,Cu_13mm_1000x-160.jpg,13.0,870,120,370,120,1013.0717079676151,818.5855640654772,13.406525169651406,146.6775,302.3333333333333,HB,3.47,2.54,0.35,0.012,0.044,0.035,0.7,0.25
Cu_13mm_OC2_*,poprawne_adi,GJS Cu lub Cu,POPRAWNE_ADI\Cu_13mm_1000x,POPRAWNE_ADI\Cu_13mm_1000x\Cu_13mm_1000x-161.jpg,Cu_13mm_1000x-161.jpg,13.0,870,120,370,120,1013.0717079676151,818.5855640654772,13.406525169651406,146.6775,302.3333333333333,HB,3.47,2.54,0.35,0.012,0.044,0.035,0.7,0.25
Cu_13mm_OC2_*,poprawne_adi,GJS Cu lub Cu,POPRAWNE_ADI\Cu_13mm_1000x,POPRAWNE_ADI\Cu_13mm_1000x\Cu_13mm_1000x-162.jpg,Cu_13mm_1000x-162.jpg,13.0,870,120,370,120,1013.0717079676151,818.5855640654772,13.406525169651406,146.6775,302.3333333333333,HB,3.47,2.54,0.35,0.012,0.044,0.035,0.7,0.25
Cu_13mm_OC2_*,poprawne_adi,GJS Cu lub Cu,POPRAWNE_ADI\Cu_13mm_1000x,POPRAWNE_ADI\Cu_13mm_1000x\Cu_13mm_1000x-163.jpg,Cu_13mm_1000x-163.jpg,13.0,870,120,370,120,1013.0717079676151,818.5855640654772,13.406525169651406,146.6775,302.3333333333333,HB,3.47,2.54,0.35,0.012,0.044,0.035,0.7,0.25
Cu_13mm_OC2_*,poprawne_adi,GJS Cu lub Cu,POPRAWNE_ADI\Cu_13mm_1000x,POPRAWNE_ADI\Cu_13mm_1000x\Cu_13mm_1000x-164.jpg,Cu_13mm_1000x-164.jpg,13.0,870,120,370,120,1013.0717079676151,818.5855640654772,13.406525169651406,146.6775,302.3333333333333,HB,3.47,2.54,0.35,0.012,0.044,0.035,0.7,0.25
Cu_13mm_OC2_*,poprawne_adi,GJS Cu lub Cu,POPRAWNE_ADI\Cu_13mm_1000x,POPRAWNE_ADI\Cu_13mm_1000x\Cu_13mm_1000x-165.jpg,Cu_13mm_1000x-165.jpg,13.0,870,120,370,120,1013.0717079676151,818.5855640654772,13.406525169651406,146.6775,302.3333333333333,HB,3.47,2.54,0.35,0.012,0.044,0.035,0.7,0.25
Cu_13mm_OC2_*,poprawne_adi,GJS Cu lub Cu,POPRAWNE_ADI\Cu_13mm_1000x,POPRAWNE_ADI\Cu_13mm_1000x\Cu_13mm_1000x-166.jpg,Cu_13mm_1000x-166.jpg,13.0,870,120,370,120,1013.0717079676151,818.5855640654772,13.406525169651406,146.6775,302.3333333333333,HB,3.47,2.54,0.35,0.012,0.044,0.035,0.7,0.25
Cu_13mm_OC2_*,poprawne_adi,GJS Cu lub Cu,POPRAWNE_ADI\Cu_13mm_1000x,POPRAWNE_ADI\Cu_13mm_1000x\Cu_13mm_1000x-167.jpg,Cu_13mm_1000x-167.jpg,13.0,870,120,370,120,1013.0717079676151,818.5855640654772,13.406525169651406,146.6775,302.3333333333333,HB,3.47,2.54,0.35,0.012,0.044,0.035,0.7,0.25
Cu_13mm_OC2_*,poprawne_adi,GJS Cu lub Cu,POPRAWNE_ADI\Cu_13mm_1000x,POPRAWNE_ADI\Cu_13mm_1000x\Cu_13mm_1000x-168.jpg,Cu_13mm_1000x-168.jpg,13.0,870,120,370,120,1013.0717079676151,818.5855640654772,13.406525169651406,146.6775,302.3333333333333,HB,3.47,2.54,0.35,0.012,0.044,0.035,0.7,0.25
Cu_13mm_OC2_*,poprawne_adi,GJS Cu lub Cu,POPRAWNE_ADI\Cu_13mm_1000x,POPRAWNE_ADI\Cu_13mm_1000x\Cu_13mm_1000x-169.jpg,Cu_13mm_1000x-169.jpg,13.0,870,120,370,120,1013.0717079676151,818.5855640654772,13.406525169651406,146.6775,302.3333333333333,HB,3.47,2.54,0.35,0.012,0.044,0.035,0.7,0.25
Cu_13mm_OC2_*,poprawne_adi,GJS Cu lub Cu,POPRAWNE_ADI\Cu_13mm_1000x,POPRAWNE_ADI\Cu_13mm_1000x\Cu_13mm_1000x-170.jpg,Cu_13mm_1000x-170.jpg,13.0,870,120,370,120,1013.0717079676151,818.5855640654772,13.406525169651406,146.6775,302.3333333333333,HB,3.47,2.54,0.35,0.012,0.044,0.035,0.7,0.25
Cu_13mm_OC2_*,poprawne_adi,GJS Cu lub Cu,POPRAWNE_ADI\Cu_13mm_1000x,POPRAWNE_ADI\Cu_13mm_1000x\Cu_13mm_1000x-171.jpg,Cu_13mm_1000x-171.jpg,13.0,870,120,370,120,1013.0717079676151,818.5855640654772,13.406525169651406,146.6775,302.3333333333333,HB,3.47,2.54,0.35,0.012,0.044,0.035,0.7,0.25
Cu_13mm_OC2_*,poprawne_adi,GJS Cu lub Cu,POPRAWNE_ADI\Cu_13mm_1000x,POPRAWNE_ADI\Cu_13mm_1000x\Cu_13mm_1000x-172.jpg,Cu_13mm_1000x-172.jpg,13.0,870,120,370,120,1013.0717079676151,818.5855640654772,13.406525169651406,146.6775,302.3333333333333,HB,3.47,2.54,0.35,0.012,0.044,0.035,0.7,0.25
Cu_13mm_OC2_*,poprawne_adi,GJS Cu lub Cu,POPRAWNE_ADI\Cu_13mm_1000x,POPRAWNE_ADI\Cu_13mm_1000x\Cu_13mm_1000x-173.jpg,Cu_13mm_1000x-173.jpg,13.0,870,120,370,120,1013.0717079676151,818.5855640654772,13.406525169651406,146.6775,302.3333333333333,HB,3.47,2.54,0.35,0.012,0.044,0.035,0.7,0.25
Cu_13mm_OC2_*,poprawne_adi,GJS Cu lub Cu,POPRAWNE_ADI\Cu_13mm_1000x,POPRAWNE_ADI\Cu_13mm_1000x\Cu_13mm_1000x-174.jpg,Cu_13mm_1000x-174.jpg,13.0,870,120,370,120,1013.0717079676151,818.5855640654772,13.406525169651406,146.6775,302.3333333333333,HB,3.47,2.54,0.35,0.012,0.044,0.035,0.7,0.25
Cu_13mm_OC2_*,poprawne_adi,GJS Cu lub Cu,POPRAWNE_ADI\Cu_13mm_1000x,POPRAWNE_ADI\Cu_13mm_1000x\Cu_13mm_1000x-175.jpg,Cu_13mm_1000x-175.jpg,13.0,870,120,370,120,1013.0717079676151,818.5855640654772,13.406525169651406,146.6775,302.3333333333333,HB,3.47,2.54,0.35,0.012,0.044,0.035,0.7,0.25
Cu_13mm_OC2_*,poprawne_adi,GJS Cu lub Cu,POPRAWNE_ADI\Cu_13mm_1000x,POPRAWNE_ADI\Cu_13mm_1000x\Cu_13mm_1000x-176.jpg,Cu_13mm_1000x-176.jpg,13.0,870,120,370,120,1013.0717079676151,818.5855640654772,13.406525169651406,146.6775,302.3333333333333,HB,3.47,2.54,0.35,0.012,0.044,0.035,0.7,0.25
Cu_13mm_OC2_*,poprawne_adi,GJS Cu lub Cu,POPRAWNE_ADI\Cu_13mm_1000x,POPRAWNE_ADI\Cu_13mm_1000x\Cu_13mm_1000x-177.jpg,Cu_13mm_1000x-177.jpg,13.0,870,120,370,120,1013.0717079676151,818.5855640654772,13.406525169651406,146.6775,302.3333333333333,HB,3.47,2.54,0.35,0.012,0.044,0.035,0.7,0.25
Cu_13mm_OC2_*,poprawne_adi,GJS Cu lub Cu,POPRAWNE_ADI\Cu_13mm_1000x,POPRAWNE_ADI\Cu_13mm_1000x\Cu_13mm_1000x-178.jpg,Cu_13mm_1000x-178.jpg,13.0,870,120,370,120,1013.0717079676151,818.5855640654772,13.406525169651406,146.6775,302.3333333333333,HB,3.47,2.54,0.35,0.012,0.044,0.035,0.7,0.25
Cu_13mm_OC2_*,poprawne_adi,GJS Cu lub Cu,POPRAWNE_ADI\Cu_13mm_1000x,POPRAWNE_ADI\Cu_13mm_1000x\Cu_13mm_1000x-179.jpg,Cu_13mm_1000x-179.jpg,13.0,870,120,370,120,1013.0717079676151,818.5855640654772,13.406525169651406,146.6775,302.3333333333333,HB,3.47,2.54,0.35,0.012,0.044,0.035,0.7,0.25
Cu_13mm_OC2_*,poprawne_adi,GJS Cu lub Cu,POPRAWNE_ADI\Cu_13mm_1000x,POPRAWNE_ADI\Cu_13mm_1000x\Cu_13mm_1000x-180.jpg,Cu_13mm_1000x-180.jpg,13.0,870,120,370,120,1013.0717079676151,818.5855640654772,13.406525169651406,146.6775,302.3333333333333,HB,3.47,2.54,0.35,0.012,0.044,0.035,0.7,0.25
Cu_13mm_OC2_*,poprawne_adi,GJS Cu lub Cu,POPRAWNE_ADI\Cu_13mm_1000x,POPRAWNE_ADI\Cu_13mm_1000x\Cu_13mm_1000x-181.jpg,Cu_13mm_1000x-181.jpg,13.0,870,120,370,120,1013.0717079676151,818.5855640654772,13.406525169651406,146.6775,302.3333333333333,HB,3.47,2.54,0.35,0.012,0.044,0.035,0.7,0.25
Cu_13mm_OC2_*,poprawne_adi,GJS Cu lub Cu,POPRAWNE_ADI\Cu_13mm_1000x,POPRAWNE_ADI\Cu_13mm_1000x\Cu_13mm_1000x-182.jpg,Cu_13mm_1000x-182.jpg,13.0,870,120,370,120,1013.0717079676151,818.5855640654772,13.406525169651406,146.6775,302.3333333333333,HB,3.47,2.54,0.35,0.012,0.044,0.035,0.7,0.25
Cu_13mm_OC2_*,poprawne_adi,GJS Cu lub Cu,POPRAWNE_ADI\Cu_13mm_1000x,POPRAWNE_ADI\Cu_13mm_1000x\Cu_13mm_1000x-183.jpg,Cu_13mm_1000x-183.jpg,13.0,870,120,370,120,1013.0717079676151,818.5855640654772,13.406525169651406,146.6775,302.3333333333333,HB,3.47,2.54,0.35,0.012,0.044,0.035,0.7,0.25
Cu_13mm_OC2_*,poprawne_adi,GJS Cu lub Cu,POPRAWNE_ADI\Cu_13mm_1000x,POPRAWNE_ADI\Cu_13mm_1000x\Cu_13mm_1000x-184.jpg,Cu_13mm_1000x-184.jpg,13.0,870,120,370,120,1013.0717079676151,818.5855640654772,13.406525169651406,146.6775,302.3333333333333,HB,3.47,2.54,0.35,0.012,0.044,0.035,0.7,0.25
Cu_13mm_OC2_*,poprawne_adi,GJS Cu lub Cu,POPRAWNE_ADI\Cu_13mm_1000x,POPRAWNE_ADI\Cu_13mm_1000x\Cu_13mm_1000x-185.jpg,Cu_13mm_1000x-185.jpg,13.0,870,120,370,120,1013.0717079676151,818.5855640654772,13.406525169651406,146.6775,302.3333333333333,HB,3.47,2.54,0.35,0.012,0.044,0.035,0.7,0.25
Cu_13mm_OC2_*,poprawne_adi,GJS Cu lub Cu,POPRAWNE_ADI\Cu_13mm_1000x,POPRAWNE_ADI\Cu_13mm_1000x\Cu_13mm_1000x-186.jpg,Cu_13mm_1000x-186.jpg,13.0,870,120,370,120,1013.0717079676151,818.5855640654772,13.406525169651406,146.6775,302.3333333333333,HB,3.47,2.54,0.35,0.012,0.044,0.035,0.7,0.25
Cu_13mm_OC2_*,poprawne_adi,GJS Cu lub Cu,POPRAWNE_ADI\Cu_13mm_1000x,POPRAWNE_ADI\Cu_13mm_1000x\Cu_13mm_1000x-187.jpg,Cu_13mm_1000x-187.jpg,13.0,870,120,370,120,1013.0717079676151,818.5855640654772,13.406525169651406,146.6775,302.3333333333333,HB,3.47,2.54,0.35,0.012,0.044,0.035,0.7,0.25
Cu_13mm_OC2_*,poprawne_adi,GJS Cu lub Cu,POPRAWNE_ADI\Cu_13mm_1000x,POPRAWNE_ADI\Cu_13mm_1000x\Cu_13mm_1000x-188.jpg,Cu_13mm_1000x-188.jpg,13.0,870,120,370,120,1013.0717079676151,818.5855640654772,13.406525169651406,146.6775,302.3333333333333,HB,3.47,2.54,0.35,0.012,0.044,0.035,0.7,0.25
Cu_13mm_OC2_*,poprawne_adi,GJS Cu lub Cu,POPRAWNE_ADI\Cu_13mm_1000x,POPRAWNE_ADI\Cu_13mm_1000x\Cu_13mm_1000x-189.jpg,Cu_13mm_1000x-189.jpg,13.0,870,120,370,120,1013.0717079676151,818.5855640654772,13.406525169651406,146.6775,302.3333333333333,HB,3.47,2.54,0.35,0.012,0.044,0.035,0.7,0.25
Cu_13mm_OC2_*,poprawne_adi,GJS Cu lub Cu,POPRAWNE_ADI\Cu_13mm_1000x,POPRAWNE_ADI\Cu_13mm_1000x\Cu_13mm_1000x-190.jpg,Cu_13mm_1000x-190.jpg,13.0,870,120,370,120,1013.0717079676151,818.5855640654772,13.406525169651406,146.6775,302.3333333333333,HB,3.47,2.54,0.35,0.012,0.044,0.035,0.7,0.25
Cu_13mm_OC2_*,poprawne_adi,GJS Cu lub Cu,POPRAWNE_ADI\Cu_13mm_1000x,POPRAWNE_ADI\Cu_13mm_1000x\Cu_13mm_1000x-191.jpg,Cu_13mm_1000x-191.jpg,13.0,870,120,370,120,1013.0717079676151,818.5855640654772,13.406525169651406,146.6775,302.3333333333333,HB,3.47,2.54,0.35,0.012,0.044,0.035,0.7,0.25
Cu_13mm_OC2_*,poprawne_adi,GJS Cu lub Cu,POPRAWNE_ADI\Cu_13mm_1000x,POPRAWNE_ADI\Cu_13mm_1000x\Cu_13mm_1000x-192.jpg,Cu_13mm_1000x-192.jpg,13.0,870,120,370,120,1013.0717079676151,818.5855640654772,13.406525169651406,146.6775,302.3333333333333,HB,3.47,2.54,0.35,0.012,0.044,0.035,0.7,0.25
Cu_13mm_OC2_*,poprawne_adi,GJS Cu lub Cu,POPRAWNE_ADI\Cu_13mm_1000x,POPRAWNE_ADI\Cu_13mm_1000x\Cu_13mm_1000x-193.jpg,Cu_13mm_1000x-193.jpg,13.0,870,120,370,120,1013.0717079676151,818.5855640654772,13.406525169651406,146.6775,302.3333333333333,HB,3.47,2.54,0.35,0.012,0.044,0.035,0.7,0.25
Cu_13mm_OC2_*,poprawne_adi,GJS Cu lub Cu,POPRAWNE_ADI\Cu_13mm_1000x,POPRAWNE_ADI\Cu_13mm_1000x\Cu_13mm_1000x-194.jpg,Cu_13mm_1000x-194.jpg,13.0,870,120,370,120,1013.0717079676151,818.5855640654772,13.406525169651406,146.6775,302.3333333333333,HB,3.47,2.54,0.35,0.012,0.044,0.035,0.7,0.25
Cu_13mm_OC2_*,poprawne_adi,GJS Cu lub Cu,POPRAWNE_ADI\Cu_13mm_1000x,POPRAWNE_ADI\Cu_13mm_1000x\Cu_13mm_1000x-195.jpg,Cu_13mm_1000x-195.jpg,13.0,870,120,370,120,1013.0717079676151,818.5855640654772,13.406525169651406,146.6775,302.3333333333333,HB,3.47,2.54,0.35,0.012,0.044,0.035,0.7,0.25
Cu_13mm_OC2_*,poprawne_adi,GJS Cu lub Cu,POPRAWNE_ADI\Cu_13mm_1000x,POPRAWNE_ADI\Cu_13mm_1000x\Cu_13mm_1000x-196.jpg,Cu_13mm_1000x-196.jpg,13.0,870,120,370,120,1013.0717079676151,818.5855640654772,13.406525169651406,146.6775,302.3333333333333,HB,3.47,2.54,0.35,0.012,0.044,0.035,0.7,0.25
Cu_13mm_OC2_*,poprawne_adi,GJS Cu lub Cu,POPRAWNE_ADI\Cu_13mm_1000x,POPRAWNE_ADI\Cu_13mm_1000x\Cu_13mm_1000x-197.jpg,Cu_13mm_1000x-197.jpg,13.0,870,120,370,120,1013.0717079676151,818.5855640654772,13.406525169651406,146.6775,302.3333333333333,HB,3.47,2.54,0.35,0.012,0.044,0.035,0.7,0.25
Cu_13mm_OC2_*,poprawne_adi,GJS Cu lub Cu,POPRAWNE_ADI\Cu_13mm_1000x,POPRAWNE_ADI\Cu_13mm_1000x\Cu_13mm_1000x-198.jpg,Cu_13mm_1000x-198.jpg,13.0,870,120,370,120,1013.0717079676151,818.5855640654772,13.406525169651406,146.6775,302.3333333333333,HB,3.47,2.54,0.35,0.012,0.044,0.035,0.7,0.25
Cu_13mm_OC2_*,poprawne_adi,GJS Cu lub Cu,POPRAWNE_ADI\Cu_13mm_1000x,POPRAWNE_ADI\Cu_13mm_1000x\Cu_13mm_1000x-199.jpg,Cu_13mm_1000x-199.jpg,13.0,870,120,370,120,1013.0717079676151,818.5855640654772,13.406525169651406,146.6775,302.3333333333333,HB,3.47,2.54,0.35,0.012,0.044,0.035,0.7,0.25
Cu_13mm_OC2_*,poprawne_adi,GJS Cu lub Cu,POPRAWNE_ADI\Cu_13mm_1000x,POPRAWNE_ADI\Cu_13mm_1000x\Cu_13mm_1000x-200.jpg,Cu_13mm_1000x-200.jpg,13.0,870,120,370,120,1013.0717079676151,818.5855640654772,13.406525169651406,146.6775,302.3333333333333,HB,3.47,2.54,0.35,0.012,0.044,0.035,0.7,0.25
GJS2 3mm,poprawne_adi,GJS.2,POPRAWNE_ADI\GJS.2_3mm_1000x,POPRAWNE_ADI\GJS.2_3mm_1000x\GJS.2_3mm_1000x-001.jpg,GJS.2_3mm_1000x-001.jpg,3.0,870,90,370,90,997.8,779.8,10.2,,313.0,HB,3.47,2.6,0.29,0.012,0.047,0.041,0.07,0.05
GJS2 3mm,poprawne_adi,GJS.2,POPRAWNE_ADI\GJS.2_3mm_1000x,POPRAWNE_ADI\GJS.2_3mm_1000x\GJS.2_3mm_1000x-002.jpg,GJS.2_3mm_1000x-002.jpg,3.0,870,90,370,90,997.8,779.8,10.2,,313.0,HB,3.47,2.6,0.29,0.012,0.047,0.041,0.07,0.05
GJS2 3mm,poprawne_adi,GJS.2,POPRAWNE_ADI\GJS.2_3mm_1000x,POPRAWNE_ADI\GJS.2_3mm_1000x\GJS.2_3mm_1000x-003.jpg,GJS.2_3mm_1000x-003.jpg,3.0,870,90,370,90,997.8,779.8,10.2,,313.0,HB,3.47,2.6,0.29,0.012,0.047,0.041,0.07,0.05
GJS2 3mm,poprawne_adi,GJS.2,POPRAWNE_ADI\GJS.2_3mm_1000x,POPRAWNE_ADI\GJS.2_3mm_1000x\GJS.2_3mm_1000x-004.jpg,GJS.2_3mm_1000x-004.jpg,3.0,870,90,370,90,997.8,779.8,10.2,,313.0,HB,3.47,2.6,0.29,0.012,0.047,0.041,0.07,0.05
GJS2 3mm,poprawne_adi,GJS.2,POPRAWNE_ADI\GJS.2_3mm_1000x,POPRAWNE_ADI\GJS.2_3mm_1000x\GJS.2_3mm_1000x-005.jpg,GJS.2_3mm_1000x-005.jpg,3.0,870,90,370,90,997.8,779.8,10.2,,313.0,HB,3.47,2.6,0.29,0.012,0.047,0.041,0.07,0.05
GJS2 3mm,poprawne_adi,GJS.2,POPRAWNE_ADI\GJS.2_3mm_1000x,POPRAWNE_ADI\GJS.2_3mm_1000x\GJS.2_3mm_1000x-006.jpg,GJS.2_3mm_1000x-006.jpg,3.0,870,90,370,90,997.8,779.8,10.2,,313.0,HB,3.47,2.6,0.29,0.012,0.047,0.041,0.07,0.05
GJS2 3mm,poprawne_adi,GJS.2,POPRAWNE_ADI\GJS.2_3mm_1000x,POPRAWNE_ADI\GJS.2_3mm_1000x\GJS.2_3mm_1000x-007.jpg,GJS.2_3mm_1000x-007.jpg,3.0,870,90,370,90,997.8,779.8,10.2,,313.0,HB,3.47,2.6,0.29,0.012,0.047,0.041,0.07,0.05
GJS2 3mm,poprawne_adi,GJS.2,POPRAWNE_ADI\GJS.2_3mm_1000x,POPRAWNE_ADI\GJS.2_3mm_1000x\GJS.2_3mm_1000x-008.jpg,GJS.2_3mm_1000x-008.jpg,3.0,870,90,370,90,997.8,779.8,10.2,,313.0,HB,3.47,2.6,0.29,0.012,0.047,0.041,0.07,0.05
GJS2 3mm,poprawne_adi,GJS.2,POPRAWNE_ADI\GJS.2_3mm_1000x,POPRAWNE_ADI\GJS.2_3mm_1000x\GJS.2_3mm_1000x-009.jpg,GJS.2_3mm_1000x-009.jpg,3.0,870,90,370,90,997.8,779.8,10.2,,313.0,HB,3.47,2.6,0.29,0.012,0.047,0.041,0.07,0.05
GJS2 3mm,poprawne_adi,GJS.2,POPRAWNE_ADI\GJS.2_3mm_1000x,POPRAWNE_ADI\GJS.2_3mm_1000x\GJS.2_3mm_1000x-010.jpg,GJS.2_3mm_1000x-010.jpg,3.0,870,90,370,90,997.8,779.8,10.2,,313.0,HB,3.47,2.6,0.29,0.012,0.047,0.041,0.07,0.05
GJS2 3mm,poprawne_adi,GJS.2,POPRAWNE_ADI\GJS.2_3mm_1000x,POPRAWNE_ADI\GJS.2_3mm_1000x\GJS.2_3mm_1000x-011.jpg,GJS.2_3mm_1000x-011.jpg,3.0,870,90,370,90,997.8,779.8,10.2,,313.0,HB,3.47,2.6,0.29,0.012,0.047,0.041,0.07,0.05
GJS2 3mm,poprawne_adi,GJS.2,POPRAWNE_ADI\GJS.2_3mm_1000x,POPRAWNE_ADI\GJS.2_3mm_1000x\GJS.2_3mm_1000x-012.jpg,GJS.2_3mm_1000x-012.jpg,3.0,870,90,370,90,997.8,779.8,10.2,,313.0,HB,3.47,2.6,0.29,0.012,0.047,0.041,0.07,0.05
GJS2 3mm,poprawne_adi,GJS.2,POPRAWNE_ADI\GJS.2_3mm_1000x,POPRAWNE_ADI\GJS.2_3mm_1000x\GJS.2_3mm_1000x-013.jpg,GJS.2_3mm_1000x-013.jpg,3.0,870,90,370,90,997.8,779.8,10.2,,313.0,HB,3.47,2.6,0.29,0.012,0.047,0.041,0.07,0.05
GJS2 3mm,poprawne_adi,GJS.2,POPRAWNE_ADI\GJS.2_3mm_1000x,POPRAWNE_ADI\GJS.2_3mm_1000x\GJS.2_3mm_1000x-014.jpg,GJS.2_3mm_1000x-014.jpg,3.0,870,90,370,90,997.8,779.8,10.2,,313.0,HB,3.47,2.6,0.29,0.012,0.047,0.041,0.07,0.05
GJS2 3mm,poprawne_adi,GJS.2,POPRAWNE_ADI\GJS.2_3mm_1000x,POPRAWNE_ADI\GJS.2_3mm_1000x\GJS.2_3mm_1000x-015.jpg,GJS.2_3mm_1000x-015.jpg,3.0,870,90,370,90,997.8,779.8,10.2,,313.0,HB,3.47,2.6,0.29,0.012,0.047,0.041,0.07,0.05
GJS2 3mm,poprawne_adi,GJS.2,POPRAWNE_ADI\GJS.2_3mm_1000x,POPRAWNE_ADI\GJS.2_3mm_1000x\GJS.2_3mm_1000x-016.jpg,GJS.2_3mm_1000x-016.jpg,3.0,870,90,370,90,997.8,779.8,10.2,,313.0,HB,3.47,2.6,0.29,0.012,0.047,0.041,0.07,0.05
GJS2 3mm,poprawne_adi,GJS.2,POPRAWNE_ADI\GJS.2_3mm_1000x,POPRAWNE_ADI\GJS.2_3mm_1000x\GJS.2_3mm_1000x-017.jpg,GJS.2_3mm_1000x-017.jpg,3.0,870,90,370,90,997.8,779.8,10.2,,313.0,HB,3.47,2.6,0.29,0.012,0.047,0.041,0.07,0.05
GJS2 3mm,poprawne_adi,GJS.2,POPRAWNE_ADI\GJS.2_3mm_1000x,POPRAWNE_ADI\GJS.2_3mm_1000x\GJS.2_3mm_1000x-018.jpg,GJS.2_3mm_1000x-018.jpg,3.0,870,90,370,90,997.8,779.8,10.2,,313.0,HB,3.47,2.6,0.29,0.012,0.047,0.041,0.07,0.05
GJS2 3mm,poprawne_adi,GJS.2,POPRAWNE_ADI\GJS.2_3mm_1000x,POPRAWNE_ADI\GJS.2_3mm_1000x\GJS.2_3mm_1000x-019.jpg,GJS.2_3mm_1000x-019.jpg,3.0,870,90,370,90,997.8,779.8,10.2,,313.0,HB,3.47,2.6,0.29,0.012,0.047,0.041,0.07,0.05
GJS2 3mm,poprawne_adi,GJS.2,POPRAWNE_ADI\GJS.2_3mm_1000x,POPRAWNE_ADI\GJS.2_3mm_1000x\GJS.2_3mm_1000x-020.jpg,GJS.2_3mm_1000x-020.jpg,3.0,870,90,370,90,997.8,779.8,10.2,,313.0,HB,3.47,2.6,0.29,0.012,0.047,0.041,0.07,0.05
GJS2 3mm,poprawne_adi,GJS.2,POPRAWNE_ADI\GJS.2_3mm_1000x,POPRAWNE_ADI\GJS.2_3mm_1000x\GJS.2_3mm_1000x-021.jpg,GJS.2_3mm_1000x-021.jpg,3.0,870,90,370,90,997.8,779.8,10.2,,313.0,HB,3.47,2.6,0.29,0.012,0.047,0.041,0.07,0.05
GJS2 3mm,poprawne_adi,GJS.2,POPRAWNE_ADI\GJS.2_3mm_1000x,POPRAWNE_ADI\GJS.2_3mm_1000x\GJS.2_3mm_1000x-022.jpg,GJS.2_3mm_1000x-022.jpg,3.0,870,90,370,90,997.8,779.8,10.2,,313.0,HB,3.47,2.6,0.29,0.012,0.047,0.041,0.07,0.05
GJS2 3mm,poprawne_adi,GJS.2,POPRAWNE_ADI\GJS.2_3mm_1000x,POPRAWNE_ADI\GJS.2_3mm_1000x\GJS.2_3mm_1000x-023.jpg,GJS.2_3mm_1000x-023.jpg,3.0,870,90,370,90,997.8,779.8,10.2,,313.0,HB,3.47,2.6,0.29,0.012,0.047,0.041,0.07,0.05
GJS2 3mm,poprawne_adi,GJS.2,POPRAWNE_ADI\GJS.2_3mm_1000x,POPRAWNE_ADI\GJS.2_3mm_1000x\GJS.2_3mm_1000x-024.jpg,GJS.2_3mm_1000x-024.jpg,3.0,870,90,370,90,997.8,779.8,10.2,,313.0,HB,3.47,2.6,0.29,0.012,0.047,0.041,0.07,0.05
GJS2 3mm,poprawne_adi,GJS.2,POPRAWNE_ADI\GJS.2_3mm_1000x,POPRAWNE_ADI\GJS.2_3mm_1000x\GJS.2_3mm_1000x-025.jpg,GJS.2_3mm_1000x-025.jpg,3.0,870,90,370,90,997.8,779.8,10.2,,313.0,HB,3.47,2.6,0.29,0.012,0.047,0.041,0.07,0.05
GJS2 3mm,poprawne_adi,GJS.2,POPRAWNE_ADI\GJS.2_3mm_1000x,POPRAWNE_ADI\GJS.2_3mm_1000x\GJS.2_3mm_1000x-026.jpg,GJS.2_3mm_1000x-026.jpg,3.0,870,90,370,90,997.8,779.8,10.2,,313.0,HB,3.47,2.6,0.29,0.012,0.047,0.041,0.07,0.05
GJS2 3mm,poprawne_adi,GJS.2,POPRAWNE_ADI\GJS.2_3mm_1000x,POPRAWNE_ADI\GJS.2_3mm_1000x\GJS.2_3mm_1000x-027.jpg,GJS.2_3mm_1000x-027.jpg,3.0,870,90,370,90,997.8,779.8,10.2,,313.0,HB,3.47,2.6,0.29,0.012,0.047,0.041,0.07,0.05
GJS2 3mm,poprawne_adi,GJS.2,POPRAWNE_ADI\GJS.2_3mm_1000x,POPRAWNE_ADI\GJS.2_3mm_1000x\GJS.2_3mm_1000x-028.jpg,GJS.2_3mm_1000x-028.jpg,3.0,870,90,370,90,997.8,779.8,10.2,,313.0,HB,3.47,2.6,0.29,0.012,0.047,0.041,0.07,0.05
GJS2 3mm,poprawne_adi,GJS.2,POPRAWNE_ADI\GJS.2_3mm_1000x,POPRAWNE_ADI\GJS.2_3mm_1000x\GJS.2_3mm_1000x-029.jpg,GJS.2_3mm_1000x-029.jpg,3.0,870,90,370,90,997.8,779.8,10.2,,313.0,HB,3.47,2.6,0.29,0.012,0.047,0.041,0.07,0.05
GJS2 3mm,poprawne_adi,GJS.2,POPRAWNE_ADI\GJS.2_3mm_1000x,POPRAWNE_ADI\GJS.2_3mm_1000x\GJS.2_3mm_1000x-030.jpg,GJS.2_3mm_1000x-030.jpg,3.0,870,90,370,90,997.8,779.8,10.2,,313.0,HB,3.47,2.6,0.29,0.012,0.047,0.041,0.07,0.05
GJS2 3mm,poprawne_adi,GJS.2,POPRAWNE_ADI\GJS.2_3mm_1000x,POPRAWNE_ADI\GJS.2_3mm_1000x\GJS.2_3mm_1000x-031.jpg,GJS.2_3mm_1000x-031.jpg,3.0,870,90,370,90,997.8,779.8,10.2,,313.0,HB,3.47,2.6,0.29,0.012,0.047,0.041,0.07,0.05
GJS2 3mm,poprawne_adi,GJS.2,POPRAWNE_ADI\GJS.2_3mm_1000x,POPRAWNE_ADI\GJS.2_3mm_1000x\GJS.2_3mm_1000x-032.jpg,GJS.2_3mm_1000x-032.jpg,3.0,870,90,370,90,997.8,779.8,10.2,,313.0,HB,3.47,2.6,0.29,0.012,0.047,0.041,0.07,0.05
GJS2 3mm,poprawne_adi,GJS.2,POPRAWNE_ADI\GJS.2_3mm_1000x,POPRAWNE_ADI\GJS.2_3mm_1000x\GJS.2_3mm_1000x-033.jpg,GJS.2_3mm_1000x-033.jpg,3.0,870,90,370,90,997.8,779.8,10.2,,313.0,HB,3.47,2.6,0.29,0.012,0.047,0.041,0.07,0.05
GJS2 3mm,poprawne_adi,GJS.2,POPRAWNE_ADI\GJS.2_3mm_1000x,POPRAWNE_ADI\GJS.2_3mm_1000x\GJS.2_3mm_1000x-034.jpg,GJS.2_3mm_1000x-034.jpg,3.0,870,90,370,90,997.8,779.8,10.2,,313.0,HB,3.47,2.6,0.29,0.012,0.047,0.041,0.07,0.05
GJS2 3mm,poprawne_adi,GJS.2,POPRAWNE_ADI\GJS.2_3mm_1000x,POPRAWNE_ADI\GJS.2_3mm_1000x\GJS.2_3mm_1000x-035.jpg,GJS.2_3mm_1000x-035.jpg,3.0,870,90,370,90,997.8,779.8,10.2,,313.0,HB,3.47,2.6,0.29,0.012,0.047,0.041,0.07,0.05
GJS2 3mm,poprawne_adi,GJS.2,POPRAWNE_ADI\GJS.2_3mm_1000x,POPRAWNE_ADI\GJS.2_3mm_1000x\GJS.2_3mm_1000x-036.jpg,GJS.2_3mm_1000x-036.jpg,3.0,870,90,370,90,997.8,779.8,10.2,,313.0,HB,3.47,2.6,0.29,0.012,0.047,0.041,0.07,0.05
GJS2 3mm,poprawne_adi,GJS.2,POPRAWNE_ADI\GJS.2_3mm_1000x,POPRAWNE_ADI\GJS.2_3mm_1000x\GJS.2_3mm_1000x-037.jpg,GJS.2_3mm_1000x-037.jpg,3.0,870,90,370,90,997.8,779.8,10.2,,313.0,HB,3.47,2.6,0.29,0.012,0.047,0.041,0.07,0.05
GJS2 3mm,poprawne_adi,GJS.2,POPRAWNE_ADI\GJS.2_3mm_1000x,POPRAWNE_ADI\GJS.2_3mm_1000x\GJS.2_3mm_1000x-038.jpg,GJS.2_3mm_1000x-038.jpg,3.0,870,90,370,90,997.8,779.8,10.2,,313.0,HB,3.47,2.6,0.29,0.012,0.047,0.041,0.07,0.05
GJS2 3mm,poprawne_adi,GJS.2,POPRAWNE_ADI\GJS.2_3mm_1000x,POPRAWNE_ADI\GJS.2_3mm_1000x\GJS.2_3mm_1000x-039.jpg,GJS.2_3mm_1000x-039.jpg,3.0,870,90,370,90,997.8,779.8,10.2,,313.0,HB,3.47,2.6,0.29,0.012,0.047,0.041,0.07,0.05
GJS2 3mm,poprawne_adi,GJS.2,POPRAWNE_ADI\GJS.2_3mm_1000x,POPRAWNE_ADI\GJS.2_3mm_1000x\GJS.2_3mm_1000x-040.jpg,GJS.2_3mm_1000x-040.jpg,3.0,870,90,370,90,997.8,779.8,10.2,,313.0,HB,3.47,2.6,0.29,0.012,0.047,0.041,0.07,0.05
GJS2 3mm,poprawne_adi,GJS.2,POPRAWNE_ADI\GJS.2_3mm_1000x,POPRAWNE_ADI\GJS.2_3mm_1000x\GJS.2_3mm_1000x-041.jpg,GJS.2_3mm_1000x-041.jpg,3.0,870,90,370,90,997.8,779.8,10.2,,313.0,HB,3.47,2.6,0.29,0.012,0.047,0.041,0.07,0.05
GJS2 3mm,poprawne_adi,GJS.2,POPRAWNE_ADI\GJS.2_3mm_1000x,POPRAWNE_ADI\GJS.2_3mm_1000x\GJS.2_3mm_1000x-042.jpg,GJS.2_3mm_1000x-042.jpg,3.0,870,90,370,90,997.8,779.8,10.2,,313.0,HB,3.47,2.6,0.29,0.012,0.047,0.041,0.07,0.05
GJS2 3mm,poprawne_adi,GJS.2,POPRAWNE_ADI\GJS.2_3mm_1000x,POPRAWNE_ADI\GJS.2_3mm_1000x\GJS.2_3mm_1000x-043.jpg,GJS.2_3mm_1000x-043.jpg,3.0,870,90,370,90,997.8,779.8,10.2,,313.0,HB,3.47,2.6,0.29,0.012,0.047,0.041,0.07,0.05
GJS2 3mm,poprawne_adi,GJS.2,POPRAWNE_ADI\GJS.2_3mm_1000x,POPRAWNE_ADI\GJS.2_3mm_1000x\GJS.2_3mm_1000x-044.jpg,GJS.2_3mm_1000x-044.jpg,3.0,870,90,370,90,997.8,779.8,10.2,,313.0,HB,3.47,2.6,0.29,0.012,0.047,0.041,0.07,0.05
GJS2 3mm,poprawne_adi,GJS.2,POPRAWNE_ADI\GJS.2_3mm_1000x,POPRAWNE_ADI\GJS.2_3mm_1000x\GJS.2_3mm_1000x-045.jpg,GJS.2_3mm_1000x-045.jpg,3.0,870,90,370,90,997.8,779.8,10.2,,313.0,HB,3.47,2.6,0.29,0.012,0.047,0.041,0.07,0.05
GJS2 3mm,poprawne_adi,GJS.2,POPRAWNE_ADI\GJS.2_3mm_1000x,POPRAWNE_ADI\GJS.2_3mm_1000x\GJS.2_3mm_1000x-046.jpg,GJS.2_3mm_1000x-046.jpg,3.0,870,90,370,90,997.8,779.8,10.2,,313.0,HB,3.47,2.6,0.29,0.012,0.047,0.041,0.07,0.05
GJS2 3mm,poprawne_adi,GJS.2,POPRAWNE_ADI\GJS.2_3mm_1000x,POPRAWNE_ADI\GJS.2_3mm_1000x\GJS.2_3mm_1000x-047.jpg,GJS.2_3mm_1000x-047.jpg,3.0,870,90,370,90,997.8,779.8,10.2,,313.0,HB,3.47,2.6,0.29,0.012,0.047,0.041,0.07,0.05
GJS2 3mm,poprawne_adi,GJS.2,POPRAWNE_ADI\GJS.2_3mm_1000x,POPRAWNE_ADI\GJS.2_3mm_1000x\GJS.2_3mm_1000x-048.jpg,GJS.2_3mm_1000x-048.jpg,3.0,870,90,370,90,997.8,779.8,10.2,,313.0,HB,3.47,2.6,0.29,0.012,0.047,0.041,0.07,0.05
GJS2 3mm,poprawne_adi,GJS.2,POPRAWNE_ADI\GJS.2_3mm_1000x,POPRAWNE_ADI\GJS.2_3mm_1000x\GJS.2_3mm_1000x-049.jpg,GJS.2_3mm_1000x-049.jpg,3.0,870,90,370,90,997.8,779.8,10.2,,313.0,HB,3.47,2.6,0.29,0.012,0.047,0.041,0.07,0.05
GJS2 3mm,poprawne_adi,GJS.2,POPRAWNE_ADI\GJS.2_3mm_1000x,POPRAWNE_ADI\GJS.2_3mm_1000x\GJS.2_3mm_1000x-050.jpg,GJS.2_3mm_1000x-050.jpg,3.0,870,90,370,90,997.8,779.8,10.2,,313.0,HB,3.47,2.6,0.29,0.012,0.047,0.041,0.07,0.05
GJS2 3mm,poprawne_adi,GJS.2,POPRAWNE_ADI\GJS.2_3mm_1000x,POPRAWNE_ADI\GJS.2_3mm_1000x\GJS.2_3mm_1000x-051.jpg,GJS.2_3mm_1000x-051.jpg,3.0,870,90,370,90,997.8,779.8,10.2,,313.0,HB,3.47,2.6,0.29,0.012,0.047,0.041,0.07,0.05
GJS2 3mm,poprawne_adi,GJS.2,POPRAWNE_ADI\GJS.2_3mm_1000x,POPRAWNE_ADI\GJS.2_3mm_1000x\GJS.2_3mm_1000x-052.jpg,GJS.2_3mm_1000x-052.jpg,3.0,870,90,370,90,997.8,779.8,10.2,,313.0,HB,3.47,2.6,0.29,0.012,0.047,0.041,0.07,0.05
GJS2 3mm,poprawne_adi,GJS.2,POPRAWNE_ADI\GJS.2_3mm_1000x,POPRAWNE_ADI\GJS.2_3mm_1000x\GJS.2_3mm_1000x-053.jpg,GJS.2_3mm_1000x-053.jpg,3.0,870,90,370,90,997.8,779.8,10.2,,313.0,HB,3.47,2.6,0.29,0.012,0.047,0.041,0.07,0.05
GJS2 3mm,poprawne_adi,GJS.2,POPRAWNE_ADI\GJS.2_3mm_1000x,POPRAWNE_ADI\GJS.2_3mm_1000x\GJS.2_3mm_1000x-054.jpg,GJS.2_3mm_1000x-054.jpg,3.0,870,90,370,90,997.8,779.8,10.2,,313.0,HB,3.47,2.6,0.29,0.012,0.047,0.041,0.07,0.05
GJS2 3mm,poprawne_adi,GJS.2,POPRAWNE_ADI\GJS.2_3mm_1000x,POPRAWNE_ADI\GJS.2_3mm_1000x\GJS.2_3mm_1000x-055.jpg,GJS.2_3mm_1000x-055.jpg,3.0,870,90,370,90,997.8,779.8,10.2,,313.0,HB,3.47,2.6,0.29,0.012,0.047,0.041,0.07,0.05
GJS2 3mm,poprawne_adi,GJS.2,POPRAWNE_ADI\GJS.2_3mm_1000x,POPRAWNE_ADI\GJS.2_3mm_1000x\GJS.2_3mm_1000x-056.jpg,GJS.2_3mm_1000x-056.jpg,3.0,870,90,370,90,997.8,779.8,10.2,,313.0,HB,3.47,2.6,0.29,0.012,0.047,0.041,0.07,0.05
GJS2 3mm,poprawne_adi,GJS.2,POPRAWNE_ADI\GJS.2_3mm_1000x,POPRAWNE_ADI\GJS.2_3mm_1000x\GJS.2_3mm_1000x-057.jpg,GJS.2_3mm_1000x-057.jpg,3.0,870,90,370,90,997.8,779.8,10.2,,313.0,HB,3.47,2.6,0.29,0.012,0.047,0.041,0.07,0.05
GJS2 3mm,poprawne_adi,GJS.2,POPRAWNE_ADI\GJS.2_3mm_1000x,POPRAWNE_ADI\GJS.2_3mm_1000x\GJS.2_3mm_1000x-058.jpg,GJS.2_3mm_1000x-058.jpg,3.0,870,90,370,90,997.8,779.8,10.2,,313.0,HB,3.47,2.6,0.29,0.012,0.047,0.041,0.07,0.05
GJS2 3mm,poprawne_adi,GJS.2,POPRAWNE_ADI\GJS.2_3mm_1000x,POPRAWNE_ADI\GJS.2_3mm_1000x\GJS.2_3mm_1000x-059.jpg,GJS.2_3mm_1000x-059.jpg,3.0,870,90,370,90,997.8,779.8,10.2,,313.0,HB,3.47,2.6,0.29,0.012,0.047,0.041,0.07,0.05
GJS2 3mm,poprawne_adi,GJS.2,POPRAWNE_ADI\GJS.2_3mm_1000x,POPRAWNE_ADI\GJS.2_3mm_1000x\GJS.2_3mm_1000x-060.jpg,GJS.2_3mm_1000x-060.jpg,3.0,870,90,370,90,997.8,779.8,10.2,,313.0,HB,3.47,2.6,0.29,0.012,0.047,0.041,0.07,0.05
GJS2 3mm,poprawne_adi,GJS.2,POPRAWNE_ADI\GJS.2_3mm_1000x,POPRAWNE_ADI\GJS.2_3mm_1000x\GJS.2_3mm_1000x-061.jpg,GJS.2_3mm_1000x-061.jpg,3.0,870,90,370,90,997.8,779.8,10.2,,313.0,HB,3.47,2.6,0.29,0.012,0.047,0.041,0.07,0.05
GJS2 3mm,poprawne_adi,GJS.2,POPRAWNE_ADI\GJS.2_3mm_1000x,POPRAWNE_ADI\GJS.2_3mm_1000x\GJS.2_3mm_1000x-062.jpg,GJS.2_3mm_1000x-062.jpg,3.0,870,90,370,90,997.8,779.8,10.2,,313.0,HB,3.47,2.6,0.29,0.012,0.047,0.041,0.07,0.05
GJS2 3mm,poprawne_adi,GJS.2,POPRAWNE_ADI\GJS.2_3mm_1000x,POPRAWNE_ADI\GJS.2_3mm_1000x\GJS.2_3mm_1000x-063.jpg,GJS.2_3mm_1000x-063.jpg,3.0,870,90,370,90,997.8,779.8,10.2,,313.0,HB,3.47,2.6,0.29,0.012,0.047,0.041,0.07,0.05
GJS2 3mm,poprawne_adi,GJS.2,POPRAWNE_ADI\GJS.2_3mm_1000x,POPRAWNE_ADI\GJS.2_3mm_1000x\GJS.2_3mm_1000x-064.jpg,GJS.2_3mm_1000x-064.jpg,3.0,870,90,370,90,997.8,779.8,10.2,,313.0,HB,3.47,2.6,0.29,0.012,0.047,0.041,0.07,0.05
GJS2 3mm,poprawne_adi,GJS.2,POPRAWNE_ADI\GJS.2_3mm_1000x,POPRAWNE_ADI\GJS.2_3mm_1000x\GJS.2_3mm_1000x-065.jpg,GJS.2_3mm_1000x-065.jpg,3.0,870,90,370,90,997.8,779.8,10.2,,313.0,HB,3.47,2.6,0.29,0.012,0.047,0.041,0.07,0.05
GJS2 3mm,poprawne_adi,GJS.2,POPRAWNE_ADI\GJS.2_3mm_1000x,POPRAWNE_ADI\GJS.2_3mm_1000x\GJS.2_3mm_1000x-066.jpg,GJS.2_3mm_1000x-066.jpg,3.0,870,90,370,90,997.8,779.8,10.2,,313.0,HB,3.47,2.6,0.29,0.012,0.047,0.041,0.07,0.05
GJS2 3mm,poprawne_adi,GJS.2,POPRAWNE_ADI\GJS.2_3mm_1000x,POPRAWNE_ADI\GJS.2_3mm_1000x\GJS.2_3mm_1000x-067.jpg,GJS.2_3mm_1000x-067.jpg,3.0,870,90,370,90,997.8,779.8,10.2,,313.0,HB,3.47,2.6,0.29,0.012,0.047,0.041,0.07,0.05
GJS2 3mm,poprawne_adi,GJS.2,POPRAWNE_ADI\GJS.2_3mm_1000x,POPRAWNE_ADI\GJS.2_3mm_1000x\GJS.2_3mm_1000x-068.jpg,GJS.2_3mm_1000x-068.jpg,3.0,870,90,370,90,997.8,779.8,10.2,,313.0,HB,3.47,2.6,0.29,0.012,0.047,0.041,0.07,0.05
GJS2 3mm,poprawne_adi,GJS.2,POPRAWNE_ADI\GJS.2_3mm_1000x,POPRAWNE_ADI\GJS.2_3mm_1000x\GJS.2_3mm_1000x-069.jpg,GJS.2_3mm_1000x-069.jpg,3.0,870,90,370,90,997.8,779.8,10.2,,313.0,HB,3.47,2.6,0.29,0.012,0.047,0.041,0.07,0.05
GJS2 3mm,poprawne_adi,GJS.2,POPRAWNE_ADI\GJS.2_3mm_1000x,POPRAWNE_ADI\GJS.2_3mm_1000x\GJS.2_3mm_1000x-070.jpg,GJS.2_3mm_1000x-070.jpg,3.0,870,90,370,90,997.8,779.8,10.2,,313.0,HB,3.47,2.6,0.29,0.012,0.047,0.041,0.07,0.05
GJS2 3mm,poprawne_adi,GJS.2,POPRAWNE_ADI\GJS.2_3mm_1000x,POPRAWNE_ADI\GJS.2_3mm_1000x\GJS.2_3mm_1000x-071.jpg,GJS.2_3mm_1000x-071.jpg,3.0,870,90,370,90,997.8,779.8,10.2,,313.0,HB,3.47,2.6,0.29,0.012,0.047,0.041,0.07,0.05
GJS2 3mm,poprawne_adi,GJS.2,POPRAWNE_ADI\GJS.2_3mm_1000x,POPRAWNE_ADI\GJS.2_3mm_1000x\GJS.2_3mm_1000x-072.jpg,GJS.2_3mm_1000x-072.jpg,3.0,870,90,370,90,997.8,779.8,10.2,,313.0,HB,3.47,2.6,0.29,0.012,0.047,0.041,0.07,0.05
GJS2 3mm,poprawne_adi,GJS.2,POPRAWNE_ADI\GJS.2_3mm_1000x,POPRAWNE_ADI\GJS.2_3mm_1000x\GJS.2_3mm_1000x-073.jpg,GJS.2_3mm_1000x-073.jpg,3.0,870,90,370,90,997.8,779.8,10.2,,313.0,HB,3.47,2.6,0.29,0.012,0.047,0.041,0.07,0.05
GJS2 3mm,poprawne_adi,GJS.2,POPRAWNE_ADI\GJS.2_3mm_1000x,POPRAWNE_ADI\GJS.2_3mm_1000x\GJS.2_3mm_1000x-074.jpg,GJS.2_3mm_1000x-074.jpg,3.0,870,90,370,90,997.8,779.8,10.2,,313.0,HB,3.47,2.6,0.29,0.012,0.047,0.041,0.07,0.05
GJS2 3mm,poprawne_adi,GJS.2,POPRAWNE_ADI\GJS.2_3mm_1000x,POPRAWNE_ADI\GJS.2_3mm_1000x\GJS.2_3mm_1000x-075.jpg,GJS.2_3mm_1000x-075.jpg,3.0,870,90,370,90,997.8,779.8,10.2,,313.0,HB,3.47,2.6,0.29,0.012,0.047,0.041,0.07,0.05
GJS2 3mm,poprawne_adi,GJS.2,POPRAWNE_ADI\GJS.2_3mm_1000x,POPRAWNE_ADI\GJS.2_3mm_1000x\GJS.2_3mm_1000x-076.jpg,GJS.2_3mm_1000x-076.jpg,3.0,870,90,370,90,997.8,779.8,10.2,,313.0,HB,3.47,2.6,0.29,0.012,0.047,0.041,0.07,0.05
GJS2 3mm,poprawne_adi,GJS.2,POPRAWNE_ADI\GJS.2_3mm_1000x,POPRAWNE_ADI\GJS.2_3mm_1000x\GJS.2_3mm_1000x-077.jpg,GJS.2_3mm_1000x-077.jpg,3.0,870,90,370,90,997.8,779.8,10.2,,313.0,HB,3.47,2.6,0.29,0.012,0.047,0.041,0.07,0.05
GJS2 3mm,poprawne_adi,GJS.2,POPRAWNE_ADI\GJS.2_3mm_1000x,POPRAWNE_ADI\GJS.2_3mm_1000x\GJS.2_3mm_1000x-078.jpg,GJS.2_3mm_1000x-078.jpg,3.0,870,90,370,90,997.8,779.8,10.2,,313.0,HB,3.47,2.6,0.29,0.012,0.047,0.041,0.07,0.05
GJS2 3mm,poprawne_adi,GJS.2,POPRAWNE_ADI\GJS.2_3mm_1000x,POPRAWNE_ADI\GJS.2_3mm_1000x\GJS.2_3mm_1000x-079.jpg,GJS.2_3mm_1000x-079.jpg,3.0,870,90,370,90,997.8,779.8,10.2,,313.0,HB,3.47,2.6,0.29,0.012,0.047,0.041,0.07,0.05
GJS2 3mm,poprawne_adi,GJS.2,POPRAWNE_ADI\GJS.2_3mm_1000x,POPRAWNE_ADI\GJS.2_3mm_1000x\GJS.2_3mm_1000x-080.jpg,GJS.2_3mm_1000x-080.jpg,3.0,870,90,370,90,997.8,779.8,10.2,,313.0,HB,3.47,2.6,0.29,0.012,0.047,0.041,0.07,0.05
GJS2 3mm,poprawne_adi,GJS.2,POPRAWNE_ADI\GJS.2_3mm_1000x,POPRAWNE_ADI\GJS.2_3mm_1000x\GJS.2_3mm_1000x-081.jpg,GJS.2_3mm_1000x-081.jpg,3.0,870,90,370,90,997.8,779.8,10.2,,313.0,HB,3.47,2.6,0.29,0.012,0.047,0.041,0.07,0.05
GJS2 3mm,poprawne_adi,GJS.2,POPRAWNE_ADI\GJS.2_3mm_1000x,POPRAWNE_ADI\GJS.2_3mm_1000x\GJS.2_3mm_1000x-082.jpg,GJS.2_3mm_1000x-082.jpg,3.0,870,90,370,90,997.8,779.8,10.2,,313.0,HB,3.47,2.6,0.29,0.012,0.047,0.041,0.07,0.05
GJS2 3mm,poprawne_adi,GJS.2,POPRAWNE_ADI\GJS.2_3mm_1000x,POPRAWNE_ADI\GJS.2_3mm_1000x\GJS.2_3mm_1000x-083.jpg,GJS.2_3mm_1000x-083.jpg,3.0,870,90,370,90,997.8,779.8,10.2,,313.0,HB,3.47,2.6,0.29,0.012,0.047,0.041,0.07,0.05
GJS2 3mm,poprawne_adi,GJS.2,POPRAWNE_ADI\GJS.2_3mm_1000x,POPRAWNE_ADI\GJS.2_3mm_1000x\GJS.2_3mm_1000x-084.jpg,GJS.2_3mm_1000x-084.jpg,3.0,870,90,370,90,997.8,779.8,10.2,,313.0,HB,3.47,2.6,0.29,0.012,0.047,0.041,0.07,0.05
GJS2 3mm,poprawne_adi,GJS.2,POPRAWNE_ADI\GJS.2_3mm_1000x,POPRAWNE_ADI\GJS.2_3mm_1000x\GJS.2_3mm_1000x-085.jpg,GJS.2_3mm_1000x-085.jpg,3.0,870,90,370,90,997.8,779.8,10.2,,313.0,HB,3.47,2.6,0.29,0.012,0.047,0.041,0.07,0.05
GJS2 3mm,poprawne_adi,GJS.2,POPRAWNE_ADI\GJS.2_3mm_1000x,POPRAWNE_ADI\GJS.2_3mm_1000x\GJS.2_3mm_1000x-086.jpg,GJS.2_3mm_1000x-086.jpg,3.0,870,90,370,90,997.8,779.8,10.2,,313.0,HB,3.47,2.6,0.29,0.012,0.047,0.041,0.07,0.05
GJS2 3mm,poprawne_adi,GJS.2,POPRAWNE_ADI\GJS.2_3mm_1000x,POPRAWNE_ADI\GJS.2_3mm_1000x\GJS.2_3mm_1000x-087.jpg,GJS.2_3mm_1000x-087.jpg,3.0,870,90,370,90,997.8,779.8,10.2,,313.0,HB,3.47,2.6,0.29,0.012,0.047,0.041,0.07,0.05
GJS2 3mm,poprawne_adi,GJS.2,POPRAWNE_ADI\GJS.2_3mm_1000x,POPRAWNE_ADI\GJS.2_3mm_1000x\GJS.2_3mm_1000x-088.jpg,GJS.2_3mm_1000x-088.jpg,3.0,870,90,370,90,997.8,779.8,10.2,,313.0,HB,3.47,2.6,0.29,0.012,0.047,0.041,0.07,0.05
GJS2 3mm,poprawne_adi,GJS.2,POPRAWNE_ADI\GJS.2_3mm_1000x,POPRAWNE_ADI\GJS.2_3mm_1000x\GJS.2_3mm_1000x-089.jpg,GJS.2_3mm_1000x-089.jpg,3.0,870,90,370,90,997.8,779.8,10.2,,313.0,HB,3.47,2.6,0.29,0.012,0.047,0.041,0.07,0.05
GJS2 3mm,poprawne_adi,GJS.2,POPRAWNE_ADI\GJS.2_3mm_1000x,POPRAWNE_ADI\GJS.2_3mm_1000x\GJS.2_3mm_1000x-090.jpg,GJS.2_3mm_1000x-090.jpg,3.0,870,90,370,90,997.8,779.8,10.2,,313.0,HB,3.47,2.6,0.29,0.012,0.047,0.041,0.07,0.05
GJS2 3mm,poprawne_adi,GJS.2,POPRAWNE_ADI\GJS.2_3mm_1000x,POPRAWNE_ADI\GJS.2_3mm_1000x\GJS.2_3mm_1000x-091.jpg,GJS.2_3mm_1000x-091.jpg,3.0,870,90,370,90,997.8,779.8,10.2,,313.0,HB,3.47,2.6,0.29,0.012,0.047,0.041,0.07,0.05
GJS2 3mm,poprawne_adi,GJS.2,POPRAWNE_ADI\GJS.2_3mm_1000x,POPRAWNE_ADI\GJS.2_3mm_1000x\GJS.2_3mm_1000x-092.jpg,GJS.2_3mm_1000x-092.jpg,3.0,870,90,370,90,997.8,779.8,10.2,,313.0,HB,3.47,2.6,0.29,0.012,0.047,0.041,0.07,0.05
GJS2 3mm,poprawne_adi,GJS.2,POPRAWNE_ADI\GJS.2_3mm_1000x,POPRAWNE_ADI\GJS.2_3mm_1000x\GJS.2_3mm_1000x-093.jpg,GJS.2_3mm_1000x-093.jpg,3.0,870,90,370,90,997.8,779.8,10.2,,313.0,HB,3.47,2.6,0.29,0.012,0.047,0.041,0.07,0.05
GJS2 3mm,poprawne_adi,GJS.2,POPRAWNE_ADI\GJS.2_3mm_1000x,POPRAWNE_ADI\GJS.2_3mm_1000x\GJS.2_3mm_1000x-094.jpg,GJS.2_3mm_1000x-094.jpg,3.0,870,90,370,90,997.8,779.8,10.2,,313.0,HB,3.47,2.6,0.29,0.012,0.047,0.041,0.07,0.05
GJS2 3mm,poprawne_adi,GJS.2,POPRAWNE_ADI\GJS.2_3mm_1000x,POPRAWNE_ADI\GJS.2_3mm_1000x\GJS.2_3mm_1000x-095.jpg,GJS.2_3mm_1000x-095.jpg,3.0,870,90,370,90,997.8,779.8,10.2,,313.0,HB,3.47,2.6,0.29,0.012,0.047,0.041,0.07,0.05
GJS2 3mm,poprawne_adi,GJS.2,POPRAWNE_ADI\GJS.2_3mm_1000x,POPRAWNE_ADI\GJS.2_3mm_1000x\GJS.2_3mm_1000x-096.jpg,GJS.2_3mm_1000x-096.jpg,3.0,870,90,370,90,997.8,779.8,10.2,,313.0,HB,3.47,2.6,0.29,0.012,0.047,0.041,0.07,0.05
GJS2 3mm,poprawne_adi,GJS.2,POPRAWNE_ADI\GJS.2_3mm_1000x,POPRAWNE_ADI\GJS.2_3mm_1000x\GJS.2_3mm_1000x-097.jpg,GJS.2_3mm_1000x-097.jpg,3.0,870,90,370,90,997.8,779.8,10.2,,313.0,HB,3.47,2.6,0.29,0.012,0.047,0.041,0.07,0.05
GJS2 3mm,poprawne_adi,GJS.2,POPRAWNE_ADI\GJS.2_3mm_1000x,POPRAWNE_ADI\GJS.2_3mm_1000x\GJS.2_3mm_1000x-098.jpg,GJS.2_3mm_1000x-098.jpg,3.0,870,90,370,90,997.8,779.8,10.2,,313.0,HB,3.47,2.6,0.29,0.012,0.047,0.041,0.07,0.05
GJS2 3mm,poprawne_adi,GJS.2,POPRAWNE_ADI\GJS.2_3mm_1000x,POPRAWNE_ADI\GJS.2_3mm_1000x\GJS.2_3mm_1000x-099.jpg,GJS.2_3mm_1000x-099.jpg,3.0,870,90,370,90,997.8,779.8,10.2,,313.0,HB,3.47,2.6,0.29,0.012,0.047,0.041,0.07,0.05
GJS2 3mm,poprawne_adi,GJS.2,POPRAWNE_ADI\GJS.2_3mm_1000x,POPRAWNE_ADI\GJS.2_3mm_1000x\GJS.2_3mm_1000x-100.jpg,GJS.2_3mm_1000x-100.jpg,3.0,870,90,370,90,997.8,779.8,10.2,,313.0,HB,3.47,2.6,0.29,0.012,0.047,0.041,0.07,0.05
GJS2 3mm,poprawne_adi,GJS.2,POPRAWNE_ADI\GJS.2_3mm_1000x,POPRAWNE_ADI\GJS.2_3mm_1000x\GJS.2_3mm_1000x-101.jpg,GJS.2_3mm_1000x-101.jpg,3.0,870,90,370,90,997.8,779.8,10.2,,313.0,HB,3.47,2.6,0.29,0.012,0.047,0.041,0.07,0.05
GJS2 3mm,poprawne_adi,GJS.2,POPRAWNE_ADI\GJS.2_3mm_1000x,POPRAWNE_ADI\GJS.2_3mm_1000x\GJS.2_3mm_1000x-102.jpg,GJS.2_3mm_1000x-102.jpg,3.0,870,90,370,90,997.8,779.8,10.2,,313.0,HB,3.47,2.6,0.29,0.012,0.047,0.041,0.07,0.05
GJS2 3mm,poprawne_adi,GJS.2,POPRAWNE_ADI\GJS.2_3mm_1000x,POPRAWNE_ADI\GJS.2_3mm_1000x\GJS.2_3mm_1000x-103.jpg,GJS.2_3mm_1000x-103.jpg,3.0,870,90,370,90,997.8,779.8,10.2,,313.0,HB,3.47,2.6,0.29,0.012,0.047,0.041,0.07,0.05
GJS2 3mm,poprawne_adi,GJS.2,POPRAWNE_ADI\GJS.2_3mm_1000x,POPRAWNE_ADI\GJS.2_3mm_1000x\GJS.2_3mm_1000x-104.jpg,GJS.2_3mm_1000x-104.jpg,3.0,870,90,370,90,997.8,779.8,10.2,,313.0,HB,3.47,2.6,0.29,0.012,0.047,0.041,0.07,0.05
GJS2 3mm,poprawne_adi,GJS.2,POPRAWNE_ADI\GJS.2_3mm_1000x,POPRAWNE_ADI\GJS.2_3mm_1000x\GJS.2_3mm_1000x-105.jpg,GJS.2_3mm_1000x-105.jpg,3.0,870,90,370,90,997.8,779.8,10.2,,313.0,HB,3.47,2.6,0.29,0.012,0.047,0.041,0.07,0.05
GJS2 3mm,poprawne_adi,GJS.2,POPRAWNE_ADI\GJS.2_3mm_1000x,POPRAWNE_ADI\GJS.2_3mm_1000x\GJS.2_3mm_1000x-106.jpg,GJS.2_3mm_1000x-106.jpg,3.0,870,90,370,90,997.8,779.8,10.2,,313.0,HB,3.47,2.6,0.29,0.012,0.047,0.041,0.07,0.05
GJS2 3mm,poprawne_adi,GJS.2,POPRAWNE_ADI\GJS.2_3mm_1000x,POPRAWNE_ADI\GJS.2_3mm_1000x\GJS.2_3mm_1000x-107.jpg,GJS.2_3mm_1000x-107.jpg,3.0,870,90,370,90,997.8,779.8,10.2,,313.0,HB,3.47,2.6,0.29,0.012,0.047,0.041,0.07,0.05
GJS2 3mm,poprawne_adi,GJS.2,POPRAWNE_ADI\GJS.2_3mm_1000x,POPRAWNE_ADI\GJS.2_3mm_1000x\GJS.2_3mm_1000x-108.jpg,GJS.2_3mm_1000x-108.jpg,3.0,870,90,370,90,997.8,779.8,10.2,,313.0,HB,3.47,2.6,0.29,0.012,0.047,0.041,0.07,0.05
GJS2 3mm,poprawne_adi,GJS.2,POPRAWNE_ADI\GJS.2_3mm_1000x,POPRAWNE_ADI\GJS.2_3mm_1000x\GJS.2_3mm_1000x-109.jpg,GJS.2_3mm_1000x-109.jpg,3.0,870,90,370,90,997.8,779.8,10.2,,313.0,HB,3.47,2.6,0.29,0.012,0.047,0.041,0.07,0.05
GJS2 3mm,poprawne_adi,GJS.2,POPRAWNE_ADI\GJS.2_3mm_1000x,POPRAWNE_ADI\GJS.2_3mm_1000x\GJS.2_3mm_1000x-110.jpg,GJS.2_3mm_1000x-110.jpg,3.0,870,90,370,90,997.8,779.8,10.2,,313.0,HB,3.47,2.6,0.29,0.012,0.047,0.041,0.07,0.05
GJS2 3mm,poprawne_adi,GJS.2,POPRAWNE_ADI\GJS.2_3mm_1000x,POPRAWNE_ADI\GJS.2_3mm_1000x\GJS.2_3mm_1000x-111.jpg,GJS.2_3mm_1000x-111.jpg,3.0,870,90,370,90,997.8,779.8,10.2,,313.0,HB,3.47,2.6,0.29,0.012,0.047,0.041,0.07,0.05
GJS2 3mm,poprawne_adi,GJS.2,POPRAWNE_ADI\GJS.2_3mm_1000x,POPRAWNE_ADI\GJS.2_3mm_1000x\GJS.2_3mm_1000x-112.jpg,GJS.2_3mm_1000x-112.jpg,3.0,870,90,370,90,997.8,779.8,10.2,,313.0,HB,3.47,2.6,0.29,0.012,0.047,0.041,0.07,0.05
GJS2 3mm,poprawne_adi,GJS.2,POPRAWNE_ADI\GJS.2_3mm_1000x,POPRAWNE_ADI\GJS.2_3mm_1000x\GJS.2_3mm_1000x-113.jpg,GJS.2_3mm_1000x-113.jpg,3.0,870,90,370,90,997.8,779.8,10.2,,313.0,HB,3.47,2.6,0.29,0.012,0.047,0.041,0.07,0.05
GJS2 3mm,poprawne_adi,GJS.2,POPRAWNE_ADI\GJS.2_3mm_1000x,POPRAWNE_ADI\GJS.2_3mm_1000x\GJS.2_3mm_1000x-114.jpg,GJS.2_3mm_1000x-114.jpg,3.0,870,90,370,90,997.8,779.8,10.2,,313.0,HB,3.47,2.6,0.29,0.012,0.047,0.041,0.07,0.05
GJS2 3mm,poprawne_adi,GJS.2,POPRAWNE_ADI\GJS.2_3mm_1000x,POPRAWNE_ADI\GJS.2_3mm_1000x\GJS.2_3mm_1000x-115.jpg,GJS.2_3mm_1000x-115.jpg,3.0,870,90,370,90,997.8,779.8,10.2,,313.0,HB,3.47,2.6,0.29,0.012,0.047,0.041,0.07,0.05
GJS2 3mm,poprawne_adi,GJS.2,POPRAWNE_ADI\GJS.2_3mm_1000x,POPRAWNE_ADI\GJS.2_3mm_1000x\GJS.2_3mm_1000x-116.jpg,GJS.2_3mm_1000x-116.jpg,3.0,870,90,370,90,997.8,779.8,10.2,,313.0,HB,3.47,2.6,0.29,0.012,0.047,0.041,0.07,0.05
GJS2 3mm,poprawne_adi,GJS.2,POPRAWNE_ADI\GJS.2_3mm_1000x,POPRAWNE_ADI\GJS.2_3mm_1000x\GJS.2_3mm_1000x-117.jpg,GJS.2_3mm_1000x-117.jpg,3.0,870,90,370,90,997.8,779.8,10.2,,313.0,HB,3.47,2.6,0.29,0.012,0.047,0.041,0.07,0.05
GJS2 3mm,poprawne_adi,GJS.2,POPRAWNE_ADI\GJS.2_3mm_1000x,POPRAWNE_ADI\GJS.2_3mm_1000x\GJS.2_3mm_1000x-118.jpg,GJS.2_3mm_1000x-118.jpg,3.0,870,90,370,90,997.8,779.8,10.2,,313.0,HB,3.47,2.6,0.29,0.012,0.047,0.041,0.07,0.05
GJS2 3mm,poprawne_adi,GJS.2,POPRAWNE_ADI\GJS.2_3mm_1000x,POPRAWNE_ADI\GJS.2_3mm_1000x\GJS.2_3mm_1000x-119.jpg,GJS.2_3mm_1000x-119.jpg,3.0,870,90,370,90,997.8,779.8,10.2,,313.0,HB,3.47,2.6,0.29,0.012,0.047,0.041,0.07,0.05
GJS2 3mm,poprawne_adi,GJS.2,POPRAWNE_ADI\GJS.2_3mm_1000x,POPRAWNE_ADI\GJS.2_3mm_1000x\GJS.2_3mm_1000x-120.jpg,GJS.2_3mm_1000x-120.jpg,3.0,870,90,370,90,997.8,779.8,10.2,,313.0,HB,3.47,2.6,0.29,0.012,0.047,0.041,0.07,0.05
GJS2 3mm,poprawne_adi,GJS.2,POPRAWNE_ADI\GJS.2_3mm_1000x,POPRAWNE_ADI\GJS.2_3mm_1000x\GJS.2_3mm_1000x-121.jpg,GJS.2_3mm_1000x-121.jpg,3.0,870,90,370,90,997.8,779.8,10.2,,313.0,HB,3.47,2.6,0.29,0.012,0.047,0.041,0.07,0.05
GJS2 3mm,poprawne_adi,GJS.2,POPRAWNE_ADI\GJS.2_3mm_1000x,POPRAWNE_ADI\GJS.2_3mm_1000x\GJS.2_3mm_1000x-122.jpg,GJS.2_3mm_1000x-122.jpg,3.0,870,90,370,90,997.8,779.8,10.2,,313.0,HB,3.47,2.6,0.29,0.012,0.047,0.041,0.07,0.05
GJS2 3mm,poprawne_adi,GJS.2,POPRAWNE_ADI\GJS.2_3mm_1000x,POPRAWNE_ADI\GJS.2_3mm_1000x\GJS.2_3mm_1000x-123.jpg,GJS.2_3mm_1000x-123.jpg,3.0,870,90,370,90,997.8,779.8,10.2,,313.0,HB,3.47,2.6,0.29,0.012,0.047,0.041,0.07,0.05
GJS2 3mm,poprawne_adi,GJS.2,POPRAWNE_ADI\GJS.2_3mm_1000x,POPRAWNE_ADI\GJS.2_3mm_1000x\GJS.2_3mm_1000x-124.jpg,GJS.2_3mm_1000x-124.jpg,3.0,870,90,370,90,997.8,779.8,10.2,,313.0,HB,3.47,2.6,0.29,0.012,0.047,0.041,0.07,0.05
GJS2 3mm,poprawne_adi,GJS.2,POPRAWNE_ADI\GJS.2_3mm_1000x,POPRAWNE_ADI\GJS.2_3mm_1000x\GJS.2_3mm_1000x-125.jpg,GJS.2_3mm_1000x-125.jpg,3.0,870,90,370,90,997.8,779.8,10.2,,313.0,HB,3.47,2.6,0.29,0.012,0.047,0.041,0.07,0.05
GJS2 3mm,poprawne_adi,GJS.2,POPRAWNE_ADI\GJS.2_3mm_1000x,POPRAWNE_ADI\GJS.2_3mm_1000x\GJS.2_3mm_1000x-126.jpg,GJS.2_3mm_1000x-126.jpg,3.0,870,90,370,90,997.8,779.8,10.2,,313.0,HB,3.47,2.6,0.29,0.012,0.047,0.041,0.07,0.05
GJS2 3mm,poprawne_adi,GJS.2,POPRAWNE_ADI\GJS.2_3mm_1000x,POPRAWNE_ADI\GJS.2_3mm_1000x\GJS.2_3mm_1000x-127.jpg,GJS.2_3mm_1000x-127.jpg,3.0,870,90,370,90,997.8,779.8,10.2,,313.0,HB,3.47,2.6,0.29,0.012,0.047,0.041,0.07,0.05
GJS2 3mm,poprawne_adi,GJS.2,POPRAWNE_ADI\GJS.2_3mm_1000x,POPRAWNE_ADI\GJS.2_3mm_1000x\GJS.2_3mm_1000x-128.jpg,GJS.2_3mm_1000x-128.jpg,3.0,870,90,370,90,997.8,779.8,10.2,,313.0,HB,3.47,2.6,0.29,0.012,0.047,0.041,0.07,0.05
GJS2 3mm,poprawne_adi,GJS.2,POPRAWNE_ADI\GJS.2_3mm_1000x,POPRAWNE_ADI\GJS.2_3mm_1000x\GJS.2_3mm_1000x-129.jpg,GJS.2_3mm_1000x-129.jpg,3.0,870,90,370,90,997.8,779.8,10.2,,313.0,HB,3.47,2.6,0.29,0.012,0.047,0.041,0.07,0.05
GJS2 3mm,poprawne_adi,GJS.2,POPRAWNE_ADI\GJS.2_3mm_1000x,POPRAWNE_ADI\GJS.2_3mm_1000x\GJS.2_3mm_1000x-130.jpg,GJS.2_3mm_1000x-130.jpg,3.0,870,90,370,90,997.8,779.8,10.2,,313.0,HB,3.47,2.6,0.29,0.012,0.047,0.041,0.07,0.05
GJS2 3mm,poprawne_adi,GJS.2,POPRAWNE_ADI\GJS.2_3mm_1000x,POPRAWNE_ADI\GJS.2_3mm_1000x\GJS.2_3mm_1000x-131.jpg,GJS.2_3mm_1000x-131.jpg,3.0,870,90,370,90,997.8,779.8,10.2,,313.0,HB,3.47,2.6,0.29,0.012,0.047,0.041,0.07,0.05
GJS2 3mm,poprawne_adi,GJS.2,POPRAWNE_ADI\GJS.2_3mm_1000x,POPRAWNE_ADI\GJS.2_3mm_1000x\GJS.2_3mm_1000x-132.jpg,GJS.2_3mm_1000x-132.jpg,3.0,870,90,370,90,997.8,779.8,10.2,,313.0,HB,3.47,2.6,0.29,0.012,0.047,0.041,0.07,0.05
GJS2 3mm,poprawne_adi,GJS.2,POPRAWNE_ADI\GJS.2_3mm_1000x,POPRAWNE_ADI\GJS.2_3mm_1000x\GJS.2_3mm_1000x-133.jpg,GJS.2_3mm_1000x-133.jpg,3.0,870,90,370,90,997.8,779.8,10.2,,313.0,HB,3.47,2.6,0.29,0.012,0.047,0.041,0.07,0.05
GJS2 3mm,poprawne_adi,GJS.2,POPRAWNE_ADI\GJS.2_3mm_1000x,POPRAWNE_ADI\GJS.2_3mm_1000x\GJS.2_3mm_1000x-134.jpg,GJS.2_3mm_1000x-134.jpg,3.0,870,90,370,90,997.8,779.8,10.2,,313.0,HB,3.47,2.6,0.29,0.012,0.047,0.041,0.07,0.05
GJS2 3mm,poprawne_adi,GJS.2,POPRAWNE_ADI\GJS.2_3mm_1000x,POPRAWNE_ADI\GJS.2_3mm_1000x\GJS.2_3mm_1000x-135.jpg,GJS.2_3mm_1000x-135.jpg,3.0,870,90,370,90,997.8,779.8,10.2,,313.0,HB,3.47,2.6,0.29,0.012,0.047,0.041,0.07,0.05
GJS2 3mm,poprawne_adi,GJS.2,POPRAWNE_ADI\GJS.2_3mm_1000x,POPRAWNE_ADI\GJS.2_3mm_1000x\GJS.2_3mm_1000x-136.jpg,GJS.2_3mm_1000x-136.jpg,3.0,870,90,370,90,997.8,779.8,10.2,,313.0,HB,3.47,2.6,0.29,0.012,0.047,0.041,0.07,0.05
GJS2 3mm,poprawne_adi,GJS.2,POPRAWNE_ADI\GJS.2_3mm_1000x,POPRAWNE_ADI\GJS.2_3mm_1000x\GJS.2_3mm_1000x-137.jpg,GJS.2_3mm_1000x-137.jpg,3.0,870,90,370,90,997.8,779.8,10.2,,313.0,HB,3.47,2.6,0.29,0.012,0.047,0.041,0.07,0.05
GJS2 3mm,poprawne_adi,GJS.2,POPRAWNE_ADI\GJS.2_3mm_1000x,POPRAWNE_ADI\GJS.2_3mm_1000x\GJS.2_3mm_1000x-138.jpg,GJS.2_3mm_1000x-138.jpg,3.0,870,90,370,90,997.8,779.8,10.2,,313.0,HB,3.47,2.6,0.29,0.012,0.047,0.041,0.07,0.05
GJS2 3mm,poprawne_adi,GJS.2,POPRAWNE_ADI\GJS.2_3mm_1000x,POPRAWNE_ADI\GJS.2_3mm_1000x\GJS.2_3mm_1000x-139.jpg,GJS.2_3mm_1000x-139.jpg,3.0,870,90,370,90,997.8,779.8,10.2,,313.0,HB,3.47,2.6,0.29,0.012,0.047,0.041,0.07,0.05
GJS2 3mm,poprawne_adi,GJS.2,POPRAWNE_ADI\GJS.2_3mm_1000x,POPRAWNE_ADI\GJS.2_3mm_1000x\GJS.2_3mm_1000x-140.jpg,GJS.2_3mm_1000x-140.jpg,3.0,870,90,370,90,997.8,779.8,10.2,,313.0,HB,3.47,2.6,0.29,0.012,0.047,0.041,0.07,0.05
GJS2 3mm,poprawne_adi,GJS.2,POPRAWNE_ADI\GJS.2_3mm_1000x,POPRAWNE_ADI\GJS.2_3mm_1000x\GJS.2_3mm_1000x-141.jpg,GJS.2_3mm_1000x-141.jpg,3.0,870,90,370,90,997.8,779.8,10.2,,313.0,HB,3.47,2.6,0.29,0.012,0.047,0.041,0.07,0.05
GJS2 3mm,poprawne_adi,GJS.2,POPRAWNE_ADI\GJS.2_3mm_1000x,POPRAWNE_ADI\GJS.2_3mm_1000x\GJS.2_3mm_1000x-142.jpg,GJS.2_3mm_1000x-142.jpg,3.0,870,90,370,90,997.8,779.8,10.2,,313.0,HB,3.47,2.6,0.29,0.012,0.047,0.041,0.07,0.05
GJS2 3mm,poprawne_adi,GJS.2,POPRAWNE_ADI\GJS.2_3mm_1000x,POPRAWNE_ADI\GJS.2_3mm_1000x\GJS.2_3mm_1000x-143.jpg,GJS.2_3mm_1000x-143.jpg,3.0,870,90,370,90,997.8,779.8,10.2,,313.0,HB,3.47,2.6,0.29,0.012,0.047,0.041,0.07,0.05
GJS2 3mm,poprawne_adi,GJS.2,POPRAWNE_ADI\GJS.2_3mm_1000x,POPRAWNE_ADI\GJS.2_3mm_1000x\GJS.2_3mm_1000x-144.jpg,GJS.2_3mm_1000x-144.jpg,3.0,870,90,370,90,997.8,779.8,10.2,,313.0,HB,3.47,2.6,0.29,0.012,0.047,0.041,0.07,0.05
GJS2 3mm,poprawne_adi,GJS.2,POPRAWNE_ADI\GJS.2_3mm_1000x,POPRAWNE_ADI\GJS.2_3mm_1000x\GJS.2_3mm_1000x-145.jpg,GJS.2_3mm_1000x-145.jpg,3.0,870,90,370,90,997.8,779.8,10.2,,313.0,HB,3.47,2.6,0.29,0.012,0.047,0.041,0.07,0.05
GJS2 3mm,poprawne_adi,GJS.2,POPRAWNE_ADI\GJS.2_3mm_1000x,POPRAWNE_ADI\GJS.2_3mm_1000x\GJS.2_3mm_1000x-146.jpg,GJS.2_3mm_1000x-146.jpg,3.0,870,90,370,90,997.8,779.8,10.2,,313.0,HB,3.47,2.6,0.29,0.012,0.047,0.041,0.07,0.05
GJS2 3mm,poprawne_adi,GJS.2,POPRAWNE_ADI\GJS.2_3mm_1000x,POPRAWNE_ADI\GJS.2_3mm_1000x\GJS.2_3mm_1000x-147.jpg,GJS.2_3mm_1000x-147.jpg,3.0,870,90,370,90,997.8,779.8,10.2,,313.0,HB,3.47,2.6,0.29,0.012,0.047,0.041,0.07,0.05
GJS2 3mm,poprawne_adi,GJS.2,POPRAWNE_ADI\GJS.2_3mm_1000x,POPRAWNE_ADI\GJS.2_3mm_1000x\GJS.2_3mm_1000x-148.jpg,GJS.2_3mm_1000x-148.jpg,3.0,870,90,370,90,997.8,779.8,10.2,,313.0,HB,3.47,2.6,0.29,0.012,0.047,0.041,0.07,0.05
GJS2 3mm,poprawne_adi,GJS.2,POPRAWNE_ADI\GJS.2_3mm_1000x,POPRAWNE_ADI\GJS.2_3mm_1000x\GJS.2_3mm_1000x-149.jpg,GJS.2_3mm_1000x-149.jpg,3.0,870,90,370,90,997.8,779.8,10.2,,313.0,HB,3.47,2.6,0.29,0.012,0.047,0.041,0.07,0.05
GJS2 3mm,poprawne_adi,GJS.2,POPRAWNE_ADI\GJS.2_3mm_1000x,POPRAWNE_ADI\GJS.2_3mm_1000x\GJS.2_3mm_1000x-150.jpg,GJS.2_3mm_1000x-150.jpg,3.0,870,90,370,90,997.8,779.8,10.2,,313.0,HB,3.47,2.6,0.29,0.012,0.047,0.041,0.07,0.05
GJS2 3mm,poprawne_adi,GJS.2,POPRAWNE_ADI\GJS.2_3mm_1000x,POPRAWNE_ADI\GJS.2_3mm_1000x\GJS.2_3mm_1000x-151.jpg,GJS.2_3mm_1000x-151.jpg,3.0,870,90,370,90,997.8,779.8,10.2,,313.0,HB,3.47,2.6,0.29,0.012,0.047,0.041,0.07,0.05
GJS2 3mm,poprawne_adi,GJS.2,POPRAWNE_ADI\GJS.2_3mm_1000x,POPRAWNE_ADI\GJS.2_3mm_1000x\GJS.2_3mm_1000x-152.jpg,GJS.2_3mm_1000x-152.jpg,3.0,870,90,370,90,997.8,779.8,10.2,,313.0,HB,3.47,2.6,0.29,0.012,0.047,0.041,0.07,0.05
GJS2 3mm,poprawne_adi,GJS.2,POPRAWNE_ADI\GJS.2_3mm_1000x,POPRAWNE_ADI\GJS.2_3mm_1000x\GJS.2_3mm_1000x-153.jpg,GJS.2_3mm_1000x-153.jpg,3.0,870,90,370,90,997.8,779.8,10.2,,313.0,HB,3.47,2.6,0.29,0.012,0.047,0.041,0.07,0.05
GJS2 3mm,poprawne_adi,GJS.2,POPRAWNE_ADI\GJS.2_3mm_1000x,POPRAWNE_ADI\GJS.2_3mm_1000x\GJS.2_3mm_1000x-154.jpg,GJS.2_3mm_1000x-154.jpg,3.0,870,90,370,90,997.8,779.8,10.2,,313.0,HB,3.47,2.6,0.29,0.012,0.047,0.041,0.07,0.05
GJS2 3mm,poprawne_adi,GJS.2,POPRAWNE_ADI\GJS.2_3mm_1000x,POPRAWNE_ADI\GJS.2_3mm_1000x\GJS.2_3mm_1000x-155.jpg,GJS.2_3mm_1000x-155.jpg,3.0,870,90,370,90,997.8,779.8,10.2,,313.0,HB,3.47,2.6,0.29,0.012,0.047,0.041,0.07,0.05
GJS2 3mm,poprawne_adi,GJS.2,POPRAWNE_ADI\GJS.2_3mm_1000x,POPRAWNE_ADI\GJS.2_3mm_1000x\GJS.2_3mm_1000x-156.jpg,GJS.2_3mm_1000x-156.jpg,3.0,870,90,370,90,997.8,779.8,10.2,,313.0,HB,3.47,2.6,0.29,0.012,0.047,0.041,0.07,0.05
GJS2 3mm,poprawne_adi,GJS.2,POPRAWNE_ADI\GJS.2_3mm_1000x,POPRAWNE_ADI\GJS.2_3mm_1000x\GJS.2_3mm_1000x-157.jpg,GJS.2_3mm_1000x-157.jpg,3.0,870,90,370,90,997.8,779.8,10.2,,313.0,HB,3.47,2.6,0.29,0.012,0.047,0.041,0.07,0.05
GJS2 3mm,poprawne_adi,GJS.2,POPRAWNE_ADI\GJS.2_3mm_1000x,POPRAWNE_ADI\GJS.2_3mm_1000x\GJS.2_3mm_1000x-158.jpg,GJS.2_3mm_1000x-158.jpg,3.0,870,90,370,90,997.8,779.8,10.2,,313.0,HB,3.47,2.6,0.29,0.012,0.047,0.041,0.07,0.05
GJS2 3mm,poprawne_adi,GJS.2,POPRAWNE_ADI\GJS.2_3mm_1000x,POPRAWNE_ADI\GJS.2_3mm_1000x\GJS.2_3mm_1000x-159.jpg,GJS.2_3mm_1000x-159.jpg,3.0,870,90,370,90,997.8,779.8,10.2,,313.0,HB,3.47,2.6,0.29,0.012,0.047,0.041,0.07,0.05
GJS2 3mm,poprawne_adi,GJS.2,POPRAWNE_ADI\GJS.2_3mm_1000x,POPRAWNE_ADI\GJS.2_3mm_1000x\GJS.2_3mm_1000x-160.jpg,GJS.2_3mm_1000x-160.jpg,3.0,870,90,370,90,997.8,779.8,10.2,,313.0,HB,3.47,2.6,0.29,0.012,0.047,0.041,0.07,0.05
GJS2 3mm,poprawne_adi,GJS.2,POPRAWNE_ADI\GJS.2_3mm_1000x,POPRAWNE_ADI\GJS.2_3mm_1000x\GJS.2_3mm_1000x-161.jpg,GJS.2_3mm_1000x-161.jpg,3.0,870,90,370,90,997.8,779.8,10.2,,313.0,HB,3.47,2.6,0.29,0.012,0.047,0.041,0.07,0.05
GJS2 3mm,poprawne_adi,GJS.2,POPRAWNE_ADI\GJS.2_3mm_1000x,POPRAWNE_ADI\GJS.2_3mm_1000x\GJS.2_3mm_1000x-162.jpg,GJS.2_3mm_1000x-162.jpg,3.0,870,90,370,90,997.8,779.8,10.2,,313.0,HB,3.47,2.6,0.29,0.012,0.047,0.041,0.07,0.05
GJS2 3mm,poprawne_adi,GJS.2,POPRAWNE_ADI\GJS.2_3mm_1000x,POPRAWNE_ADI\GJS.2_3mm_1000x\GJS.2_3mm_1000x-163.jpg,GJS.2_3mm_1000x-163.jpg,3.0,870,90,370,90,997.8,779.8,10.2,,313.0,HB,3.47,2.6,0.29,0.012,0.047,0.041,0.07,0.05
GJS2 3mm,poprawne_adi,GJS.2,POPRAWNE_ADI\GJS.2_3mm_1000x,POPRAWNE_ADI\GJS.2_3mm_1000x\GJS.2_3mm_1000x-164.jpg,GJS.2_3mm_1000x-164.jpg,3.0,870,90,370,90,997.8,779.8,10.2,,313.0,HB,3.47,2.6,0.29,0.012,0.047,0.041,0.07,0.05
GJS2 3mm,poprawne_adi,GJS.2,POPRAWNE_ADI\GJS.2_3mm_1000x,POPRAWNE_ADI\GJS.2_3mm_1000x\GJS.2_3mm_1000x-165.jpg,GJS.2_3mm_1000x-165.jpg,3.0,870,90,370,90,997.8,779.8,10.2,,313.0,HB,3.47,2.6,0.29,0.012,0.047,0.041,0.07,0.05
GJS2 3mm,poprawne_adi,GJS.2,POPRAWNE_ADI\GJS.2_3mm_1000x,POPRAWNE_ADI\GJS.2_3mm_1000x\GJS.2_3mm_1000x-166.jpg,GJS.2_3mm_1000x-166.jpg,3.0,870,90,370,90,997.8,779.8,10.2,,313.0,HB,3.47,2.6,0.29,0.012,0.047,0.041,0.07,0.05
GJS2 3mm,poprawne_adi,GJS.2,POPRAWNE_ADI\GJS.2_3mm_1000x,POPRAWNE_ADI\GJS.2_3mm_1000x\GJS.2_3mm_1000x-167.jpg,GJS.2_3mm_1000x-167.jpg,3.0,870,90,370,90,997.8,779.8,10.2,,313.0,HB,3.47,2.6,0.29,0.012,0.047,0.041,0.07,0.05
GJS2 3mm,poprawne_adi,GJS.2,POPRAWNE_ADI\GJS.2_3mm_1000x,POPRAWNE_ADI\GJS.2_3mm_1000x\GJS.2_3mm_1000x-168.jpg,GJS.2_3mm_1000x-168.jpg,3.0,870,90,370,90,997.8,779.8,10.2,,313.0,HB,3.47,2.6,0.29,0.012,0.047,0.041,0.07,0.05
GJS2 3mm,poprawne_adi,GJS.2,POPRAWNE_ADI\GJS.2_3mm_1000x,POPRAWNE_ADI\GJS.2_3mm_1000x\GJS.2_3mm_1000x-169.jpg,GJS.2_3mm_1000x-169.jpg,3.0,870,90,370,90,997.8,779.8,10.2,,313.0,HB,3.47,2.6,0.29,0.012,0.047,0.041,0.07,0.05
GJS2 3mm,poprawne_adi,GJS.2,POPRAWNE_ADI\GJS.2_3mm_1000x,POPRAWNE_ADI\GJS.2_3mm_1000x\GJS.2_3mm_1000x-170.jpg,GJS.2_3mm_1000x-170.jpg,3.0,870,90,370,90,997.8,779.8,10.2,,313.0,HB,3.47,2.6,0.29,0.012,0.047,0.041,0.07,0.05
GJS2 3mm,poprawne_adi,GJS.2,POPRAWNE_ADI\GJS.2_3mm_1000x,POPRAWNE_ADI\GJS.2_3mm_1000x\GJS.2_3mm_1000x-171.jpg,GJS.2_3mm_1000x-171.jpg,3.0,870,90,370,90,997.8,779.8,10.2,,313.0,HB,3.47,2.6,0.29,0.012,0.047,0.041,0.07,0.05
GJS2 3mm,poprawne_adi,GJS.2,POPRAWNE_ADI\GJS.2_3mm_1000x,POPRAWNE_ADI\GJS.2_3mm_1000x\GJS.2_3mm_1000x-172.jpg,GJS.2_3mm_1000x-172.jpg,3.0,870,90,370,90,997.8,779.8,10.2,,313.0,HB,3.47,2.6,0.29,0.012,0.047,0.041,0.07,0.05
GJS2 3mm,poprawne_adi,GJS.2,POPRAWNE_ADI\GJS.2_3mm_1000x,POPRAWNE_ADI\GJS.2_3mm_1000x\GJS.2_3mm_1000x-173.jpg,GJS.2_3mm_1000x-173.jpg,3.0,870,90,370,90,997.8,779.8,10.2,,313.0,HB,3.47,2.6,0.29,0.012,0.047,0.041,0.07,0.05
GJS2 3mm,poprawne_adi,GJS.2,POPRAWNE_ADI\GJS.2_3mm_1000x,POPRAWNE_ADI\GJS.2_3mm_1000x\GJS.2_3mm_1000x-174.jpg,GJS.2_3mm_1000x-174.jpg,3.0,870,90,370,90,997.8,779.8,10.2,,313.0,HB,3.47,2.6,0.29,0.012,0.047,0.041,0.07,0.05
GJS2 3mm,poprawne_adi,GJS.2,POPRAWNE_ADI\GJS.2_3mm_1000x,POPRAWNE_ADI\GJS.2_3mm_1000x\GJS.2_3mm_1000x-175.jpg,GJS.2_3mm_1000x-175.jpg,3.0,870,90,370,90,997.8,779.8,10.2,,313.0,HB,3.47,2.6,0.29,0.012,0.047,0.041,0.07,0.05
GJS2 3mm,poprawne_adi,GJS.2,POPRAWNE_ADI\GJS.2_3mm_1000x,POPRAWNE_ADI\GJS.2_3mm_1000x\GJS.2_3mm_1000x-176.jpg,GJS.2_3mm_1000x-176.jpg,3.0,870,90,370,90,997.8,779.8,10.2,,313.0,HB,3.47,2.6,0.29,0.012,0.047,0.041,0.07,0.05
GJS2 3mm,poprawne_adi,GJS.2,POPRAWNE_ADI\GJS.2_3mm_1000x,POPRAWNE_ADI\GJS.2_3mm_1000x\GJS.2_3mm_1000x-177.jpg,GJS.2_3mm_1000x-177.jpg,3.0,870,90,370,90,997.8,779.8,10.2,,313.0,HB,3.47,2.6,0.29,0.012,0.047,0.041,0.07,0.05
GJS2 3mm,poprawne_adi,GJS.2,POPRAWNE_ADI\GJS.2_3mm_1000x,POPRAWNE_ADI\GJS.2_3mm_1000x\GJS.2_3mm_1000x-178.jpg,GJS.2_3mm_1000x-178.jpg,3.0,870,90,370,90,997.8,779.8,10.2,,313.0,HB,3.47,2.6,0.29,0.012,0.047,0.041,0.07,0.05
GJS2 3mm,poprawne_adi,GJS.2,POPRAWNE_ADI\GJS.2_3mm_1000x,POPRAWNE_ADI\GJS.2_3mm_1000x\GJS.2_3mm_1000x-179.jpg,GJS.2_3mm_1000x-179.jpg,3.0,870,90,370,90,997.8,779.8,10.2,,313.0,HB,3.47,2.6,0.29,0.012,0.047,0.041,0.07,0.05
GJS2 3mm,poprawne_adi,GJS.2,POPRAWNE_ADI\GJS.2_3mm_1000x,POPRAWNE_ADI\GJS.2_3mm_1000x\GJS.2_3mm_1000x-180.jpg,GJS.2_3mm_1000x-180.jpg,3.0,870,90,370,90,997.8,779.8,10.2,,313.0,HB,3.47,2.6,0.29,0.012,0.047,0.041,0.07,0.05
GJS2 3mm,poprawne_adi,GJS.2,POPRAWNE_ADI\GJS.2_3mm_1000x,POPRAWNE_ADI\GJS.2_3mm_1000x\GJS.2_3mm_1000x-181.jpg,GJS.2_3mm_1000x-181.jpg,3.0,870,90,370,90,997.8,779.8,10.2,,313.0,HB,3.47,2.6,0.29,0.012,0.047,0.041,0.07,0.05
GJS2 3mm,poprawne_adi,GJS.2,POPRAWNE_ADI\GJS.2_3mm_1000x,POPRAWNE_ADI\GJS.2_3mm_1000x\GJS.2_3mm_1000x-182.jpg,GJS.2_3mm_1000x-182.jpg,3.0,870,90,370,90,997.8,779.8,10.2,,313.0,HB,3.47,2.6,0.29,0.012,0.047,0.041,0.07,0.05
GJS2 3mm,poprawne_adi,GJS.2,POPRAWNE_ADI\GJS.2_3mm_1000x,POPRAWNE_ADI\GJS.2_3mm_1000x\GJS.2_3mm_1000x-183.jpg,GJS.2_3mm_1000x-183.jpg,3.0,870,90,370,90,997.8,779.8,10.2,,313.0,HB,3.47,2.6,0.29,0.012,0.047,0.041,0.07,0.05
GJS2 3mm,poprawne_adi,GJS.2,POPRAWNE_ADI\GJS.2_3mm_1000x,POPRAWNE_ADI\GJS.2_3mm_1000x\GJS.2_3mm_1000x-184.jpg,GJS.2_3mm_1000x-184.jpg,3.0,870,90,370,90,997.8,779.8,10.2,,313.0,HB,3.47,2.6,0.29,0.012,0.047,0.041,0.07,0.05
GJS2 3mm,poprawne_adi,GJS.2,POPRAWNE_ADI\GJS.2_3mm_1000x,POPRAWNE_ADI\GJS.2_3mm_1000x\GJS.2_3mm_1000x-185.jpg,GJS.2_3mm_1000x-185.jpg,3.0,870,90,370,90,997.8,779.8,10.2,,313.0,HB,3.47,2.6,0.29,0.012,0.047,0.041,0.07,0.05
GJS2 3mm,poprawne_adi,GJS.2,POPRAWNE_ADI\GJS.2_3mm_1000x,POPRAWNE_ADI\GJS.2_3mm_1000x\GJS.2_3mm_1000x-186.jpg,GJS.2_3mm_1000x-186.jpg,3.0,870,90,370,90,997.8,779.8,10.2,,313.0,HB,3.47,2.6,0.29,0.012,0.047,0.041,0.07,0.05
GJS2 3mm,poprawne_adi,GJS.2,POPRAWNE_ADI\GJS.2_3mm_1000x,POPRAWNE_ADI\GJS.2_3mm_1000x\GJS.2_3mm_1000x-187.jpg,GJS.2_3mm_1000x-187.jpg,3.0,870,90,370,90,997.8,779.8,10.2,,313.0,HB,3.47,2.6,0.29,0.012,0.047,0.041,0.07,0.05
GJS2 3mm,poprawne_adi,GJS.2,POPRAWNE_ADI\GJS.2_3mm_1000x,POPRAWNE_ADI\GJS.2_3mm_1000x\GJS.2_3mm_1000x-188.jpg,GJS.2_3mm_1000x-188.jpg,3.0,870,90,370,90,997.8,779.8,10.2,,313.0,HB,3.47,2.6,0.29,0.012,0.047,0.041,0.07,0.05
GJS2 3mm,poprawne_adi,GJS.2,POPRAWNE_ADI\GJS.2_3mm_1000x,POPRAWNE_ADI\GJS.2_3mm_1000x\GJS.2_3mm_1000x-189.jpg,GJS.2_3mm_1000x-189.jpg,3.0,870,90,370,90,997.8,779.8,10.2,,313.0,HB,3.47,2.6,0.29,0.012,0.047,0.041,0.07,0.05
GJS2 3mm,poprawne_adi,GJS.2,POPRAWNE_ADI\GJS.2_3mm_1000x,POPRAWNE_ADI\GJS.2_3mm_1000x\GJS.2_3mm_1000x-190.jpg,GJS.2_3mm_1000x-190.jpg,3.0,870,90,370,90,997.8,779.8,10.2,,313.0,HB,3.47,2.6,0.29,0.012,0.047,0.041,0.07,0.05
GJS2 3mm,poprawne_adi,GJS.2,POPRAWNE_ADI\GJS.2_3mm_1000x,POPRAWNE_ADI\GJS.2_3mm_1000x\GJS.2_3mm_1000x-191.jpg,GJS.2_3mm_1000x-191.jpg,3.0,870,90,370,90,997.8,779.8,10.2,,313.0,HB,3.47,2.6,0.29,0.012,0.047,0.041,0.07,0.05
GJS2 3mm,poprawne_adi,GJS.2,POPRAWNE_ADI\GJS.2_3mm_1000x,POPRAWNE_ADI\GJS.2_3mm_1000x\GJS.2_3mm_1000x-192.jpg,GJS.2_3mm_1000x-192.jpg,3.0,870,90,370,90,997.8,779.8,10.2,,313.0,HB,3.47,2.6,0.29,0.012,0.047,0.041,0.07,0.05
GJS2 3mm,poprawne_adi,GJS.2,POPRAWNE_ADI\GJS.2_3mm_1000x,POPRAWNE_ADI\GJS.2_3mm_1000x\GJS.2_3mm_1000x-193.jpg,GJS.2_3mm_1000x-193.jpg,3.0,870,90,370,90,997.8,779.8,10.2,,313.0,HB,3.47,2.6,0.29,0.012,0.047,0.041,0.07,0.05
GJS2 3mm,poprawne_adi,GJS.2,POPRAWNE_ADI\GJS.2_3mm_1000x,POPRAWNE_ADI\GJS.2_3mm_1000x\GJS.2_3mm_1000x-194.jpg,GJS.2_3mm_1000x-194.jpg,3.0,870,90,370,90,997.8,779.8,10.2,,313.0,HB,3.47,2.6,0.29,0.012,0.047,0.041,0.07,0.05
GJS2 3mm,poprawne_adi,GJS.2,POPRAWNE_ADI\GJS.2_3mm_1000x,POPRAWNE_ADI\GJS.2_3mm_1000x\GJS.2_3mm_1000x-195.jpg,GJS.2_3mm_1000x-195.jpg,3.0,870,90,370,90,997.8,779.8,10.2,,313.0,HB,3.47,2.6,0.29,0.012,0.047,0.041,0.07,0.05
GJS2 3mm,poprawne_adi,GJS.2,POPRAWNE_ADI\GJS.2_3mm_1000x,POPRAWNE_ADI\GJS.2_3mm_1000x\GJS.2_3mm_1000x-196.jpg,GJS.2_3mm_1000x-196.jpg,3.0,870,90,370,90,997.8,779.8,10.2,,313.0,HB,3.47,2.6,0.29,0.012,0.047,0.041,0.07,0.05
GJS2 3mm,poprawne_adi,GJS.2,POPRAWNE_ADI\GJS.2_3mm_1000x,POPRAWNE_ADI\GJS.2_3mm_1000x\GJS.2_3mm_1000x-197.jpg,GJS.2_3mm_1000x-197.jpg,3.0,870,90,370,90,997.8,779.8,10.2,,313.0,HB,3.47,2.6,0.29,0.012,0.047,0.041,0.07,0.05
GJS2 3mm,poprawne_adi,GJS.2,POPRAWNE_ADI\GJS.2_3mm_1000x,POPRAWNE_ADI\GJS.2_3mm_1000x\GJS.2_3mm_1000x-198.jpg,GJS.2_3mm_1000x-198.jpg,3.0,870,90,370,90,997.8,779.8,10.2,,313.0,HB,3.47,2.6,0.29,0.012,0.047,0.041,0.07,0.05
GJS2 3mm,poprawne_adi,GJS.2,POPRAWNE_ADI\GJS.2_3mm_1000x,POPRAWNE_ADI\GJS.2_3mm_1000x\GJS.2_3mm_1000x-199.jpg,GJS.2_3mm_1000x-199.jpg,3.0,870,90,370,90,997.8,779.8,10.2,,313.0,HB,3.47,2.6,0.29,0.012,0.047,0.041,0.07,0.05
GJS2 3mm,poprawne_adi,GJS.2,POPRAWNE_ADI\GJS.2_3mm_1000x,POPRAWNE_ADI\GJS.2_3mm_1000x\GJS.2_3mm_1000x-200.jpg,GJS.2_3mm_1000x-200.jpg,3.0,870,90,370,90,997.8,779.8,10.2,,313.0,HB,3.47,2.6,0.29,0.012,0.047,0.041,0.07,0.05
GJS2 5mm,poprawne_adi,GJS.2,POPRAWNE_ADI\GJS.2_5mm_1000x,POPRAWNE_ADI\GJS.2_5mm_1000x\GJS.2_5mm_1000x-001.jpg,GJS.2_5mm_1000x-001.jpg,5.0,870,90,370,90,1006.0,844.4,12.1,,318.0,HB,3.47,2.6,0.29,0.012,0.047,0.041,0.07,0.05
GJS2 5mm,poprawne_adi,GJS.2,POPRAWNE_ADI\GJS.2_5mm_1000x,POPRAWNE_ADI\GJS.2_5mm_1000x\GJS.2_5mm_1000x-002.jpg,GJS.2_5mm_1000x-002.jpg,5.0,870,90,370,90,1006.0,844.4,12.1,,318.0,HB,3.47,2.6,0.29,0.012,0.047,0.041,0.07,0.05
GJS2 5mm,poprawne_adi,GJS.2,POPRAWNE_ADI\GJS.2_5mm_1000x,POPRAWNE_ADI\GJS.2_5mm_1000x\GJS.2_5mm_1000x-003.jpg,GJS.2_5mm_1000x-003.jpg,5.0,870,90,370,90,1006.0,844.4,12.1,,318.0,HB,3.47,2.6,0.29,0.012,0.047,0.041,0.07,0.05
GJS2 5mm,poprawne_adi,GJS.2,POPRAWNE_ADI\GJS.2_5mm_1000x,POPRAWNE_ADI\GJS.2_5mm_1000x\GJS.2_5mm_1000x-004.jpg,GJS.2_5mm_1000x-004.jpg,5.0,870,90,370,90,1006.0,844.4,12.1,,318.0,HB,3.47,2.6,0.29,0.012,0.047,0.041,0.07,0.05
GJS2 5mm,poprawne_adi,GJS.2,POPRAWNE_ADI\GJS.2_5mm_1000x,POPRAWNE_ADI\GJS.2_5mm_1000x\GJS.2_5mm_1000x-005.jpg,GJS.2_5mm_1000x-005.jpg,5.0,870,90,370,90,1006.0,844.4,12.1,,318.0,HB,3.47,2.6,0.29,0.012,0.047,0.041,0.07,0.05
GJS2 5mm,poprawne_adi,GJS.2,POPRAWNE_ADI\GJS.2_5mm_1000x,POPRAWNE_ADI\GJS.2_5mm_1000x\GJS.2_5mm_1000x-006.jpg,GJS.2_5mm_1000x-006.jpg,5.0,870,90,370,90,1006.0,844.4,12.1,,318.0,HB,3.47,2.6,0.29,0.012,0.047,0.041,0.07,0.05
GJS2 5mm,poprawne_adi,GJS.2,POPRAWNE_ADI\GJS.2_5mm_1000x,POPRAWNE_ADI\GJS.2_5mm_1000x\GJS.2_5mm_1000x-007.jpg,GJS.2_5mm_1000x-007.jpg,5.0,870,90,370,90,1006.0,844.4,12.1,,318.0,HB,3.47,2.6,0.29,0.012,0.047,0.041,0.07,0.05
GJS2 5mm,poprawne_adi,GJS.2,POPRAWNE_ADI\GJS.2_5mm_1000x,POPRAWNE_ADI\GJS.2_5mm_1000x\GJS.2_5mm_1000x-008.jpg,GJS.2_5mm_1000x-008.jpg,5.0,870,90,370,90,1006.0,844.4,12.1,,318.0,HB,3.47,2.6,0.29,0.012,0.047,0.041,0.07,0.05
GJS2 5mm,poprawne_adi,GJS.2,POPRAWNE_ADI\GJS.2_5mm_1000x,POPRAWNE_ADI\GJS.2_5mm_1000x\GJS.2_5mm_1000x-009.jpg,GJS.2_5mm_1000x-009.jpg,5.0,870,90,370,90,1006.0,844.4,12.1,,318.0,HB,3.47,2.6,0.29,0.012,0.047,0.041,0.07,0.05
GJS2 5mm,poprawne_adi,GJS.2,POPRAWNE_ADI\GJS.2_5mm_1000x,POPRAWNE_ADI\GJS.2_5mm_1000x\GJS.2_5mm_1000x-010.jpg,GJS.2_5mm_1000x-010.jpg,5.0,870,90,370,90,1006.0,844.4,12.1,,318.0,HB,3.47,2.6,0.29,0.012,0.047,0.041,0.07,0.05
GJS2 5mm,poprawne_adi,GJS.2,POPRAWNE_ADI\GJS.2_5mm_1000x,POPRAWNE_ADI\GJS.2_5mm_1000x\GJS.2_5mm_1000x-011.jpg,GJS.2_5mm_1000x-011.jpg,5.0,870,90,370,90,1006.0,844.4,12.1,,318.0,HB,3.47,2.6,0.29,0.012,0.047,0.041,0.07,0.05
GJS2 5mm,poprawne_adi,GJS.2,POPRAWNE_ADI\GJS.2_5mm_1000x,POPRAWNE_ADI\GJS.2_5mm_1000x\GJS.2_5mm_1000x-012.jpg,GJS.2_5mm_1000x-012.jpg,5.0,870,90,370,90,1006.0,844.4,12.1,,318.0,HB,3.47,2.6,0.29,0.012,0.047,0.041,0.07,0.05
GJS2 5mm,poprawne_adi,GJS.2,POPRAWNE_ADI\GJS.2_5mm_1000x,POPRAWNE_ADI\GJS.2_5mm_1000x\GJS.2_5mm_1000x-013.jpg,GJS.2_5mm_1000x-013.jpg,5.0,870,90,370,90,1006.0,844.4,12.1,,318.0,HB,3.47,2.6,0.29,0.012,0.047,0.041,0.07,0.05
GJS2 5mm,poprawne_adi,GJS.2,POPRAWNE_ADI\GJS.2_5mm_1000x,POPRAWNE_ADI\GJS.2_5mm_1000x\GJS.2_5mm_1000x-014.jpg,GJS.2_5mm_1000x-014.jpg,5.0,870,90,370,90,1006.0,844.4,12.1,,318.0,HB,3.47,2.6,0.29,0.012,0.047,0.041,0.07,0.05
GJS2 5mm,poprawne_adi,GJS.2,POPRAWNE_ADI\GJS.2_5mm_1000x,POPRAWNE_ADI\GJS.2_5mm_1000x\GJS.2_5mm_1000x-015.jpg,GJS.2_5mm_1000x-015.jpg,5.0,870,90,370,90,1006.0,844.4,12.1,,318.0,HB,3.47,2.6,0.29,0.012,0.047,0.041,0.07,0.05
GJS2 5mm,poprawne_adi,GJS.2,POPRAWNE_ADI\GJS.2_5mm_1000x,POPRAWNE_ADI\GJS.2_5mm_1000x\GJS.2_5mm_1000x-016.jpg,GJS.2_5mm_1000x-016.jpg,5.0,870,90,370,90,1006.0,844.4,12.1,,318.0,HB,3.47,2.6,0.29,0.012,0.047,0.041,0.07,0.05
GJS2 5mm,poprawne_adi,GJS.2,POPRAWNE_ADI\GJS.2_5mm_1000x,POPRAWNE_ADI\GJS.2_5mm_1000x\GJS.2_5mm_1000x-017.jpg,GJS.2_5mm_1000x-017.jpg,5.0,870,90,370,90,1006.0,844.4,12.1,,318.0,HB,3.47,2.6,0.29,0.012,0.047,0.041,0.07,0.05
GJS2 5mm,poprawne_adi,GJS.2,POPRAWNE_ADI\GJS.2_5mm_1000x,POPRAWNE_ADI\GJS.2_5mm_1000x\GJS.2_5mm_1000x-018.jpg,GJS.2_5mm_1000x-018.jpg,5.0,870,90,370,90,1006.0,844.4,12.1,,318.0,HB,3.47,2.6,0.29,0.012,0.047,0.041,0.07,0.05
GJS2 5mm,poprawne_adi,GJS.2,POPRAWNE_ADI\GJS.2_5mm_1000x,POPRAWNE_ADI\GJS.2_5mm_1000x\GJS.2_5mm_1000x-019.jpg,GJS.2_5mm_1000x-019.jpg,5.0,870,90,370,90,1006.0,844.4,12.1,,318.0,HB,3.47,2.6,0.29,0.012,0.047,0.041,0.07,0.05
GJS2 5mm,poprawne_adi,GJS.2,POPRAWNE_ADI\GJS.2_5mm_1000x,POPRAWNE_ADI\GJS.2_5mm_1000x\GJS.2_5mm_1000x-020.jpg,GJS.2_5mm_1000x-020.jpg,5.0,870,90,370,90,1006.0,844.4,12.1,,318.0,HB,3.47,2.6,0.29,0.012,0.047,0.041,0.07,0.05
GJS2 5mm,poprawne_adi,GJS.2,POPRAWNE_ADI\GJS.2_5mm_1000x,POPRAWNE_ADI\GJS.2_5mm_1000x\GJS.2_5mm_1000x-021.jpg,GJS.2_5mm_1000x-021.jpg,5.0,870,90,370,90,1006.0,844.4,12.1,,318.0,HB,3.47,2.6,0.29,0.012,0.047,0.041,0.07,0.05
GJS2 5mm,poprawne_adi,GJS.2,POPRAWNE_ADI\GJS.2_5mm_1000x,POPRAWNE_ADI\GJS.2_5mm_1000x\GJS.2_5mm_1000x-022.jpg,GJS.2_5mm_1000x-022.jpg,5.0,870,90,370,90,1006.0,844.4,12.1,,318.0,HB,3.47,2.6,0.29,0.012,0.047,0.041,0.07,0.05
GJS2 5mm,poprawne_adi,GJS.2,POPRAWNE_ADI\GJS.2_5mm_1000x,POPRAWNE_ADI\GJS.2_5mm_1000x\GJS.2_5mm_1000x-023.jpg,GJS.2_5mm_1000x-023.jpg,5.0,870,90,370,90,1006.0,844.4,12.1,,318.0,HB,3.47,2.6,0.29,0.012,0.047,0.041,0.07,0.05
GJS2 5mm,poprawne_adi,GJS.2,POPRAWNE_ADI\GJS.2_5mm_1000x,POPRAWNE_ADI\GJS.2_5mm_1000x\GJS.2_5mm_1000x-024.jpg,GJS.2_5mm_1000x-024.jpg,5.0,870,90,370,90,1006.0,844.4,12.1,,318.0,HB,3.47,2.6,0.29,0.012,0.047,0.041,0.07,0.05
GJS2 5mm,poprawne_adi,GJS.2,POPRAWNE_ADI\GJS.2_5mm_1000x,POPRAWNE_ADI\GJS.2_5mm_1000x\GJS.2_5mm_1000x-025.jpg,GJS.2_5mm_1000x-025.jpg,5.0,870,90,370,90,1006.0,844.4,12.1,,318.0,HB,3.47,2.6,0.29,0.012,0.047,0.041,0.07,0.05
GJS2 5mm,poprawne_adi,GJS.2,POPRAWNE_ADI\GJS.2_5mm_1000x,POPRAWNE_ADI\GJS.2_5mm_1000x\GJS.2_5mm_1000x-026.jpg,GJS.2_5mm_1000x-026.jpg,5.0,870,90,370,90,1006.0,844.4,12.1,,318.0,HB,3.47,2.6,0.29,0.012,0.047,0.041,0.07,0.05
GJS2 5mm,poprawne_adi,GJS.2,POPRAWNE_ADI\GJS.2_5mm_1000x,POPRAWNE_ADI\GJS.2_5mm_1000x\GJS.2_5mm_1000x-027.jpg,GJS.2_5mm_1000x-027.jpg,5.0,870,90,370,90,1006.0,844.4,12.1,,318.0,HB,3.47,2.6,0.29,0.012,0.047,0.041,0.07,0.05
GJS2 5mm,poprawne_adi,GJS.2,POPRAWNE_ADI\GJS.2_5mm_1000x,POPRAWNE_ADI\GJS.2_5mm_1000x\GJS.2_5mm_1000x-028.jpg,GJS.2_5mm_1000x-028.jpg,5.0,870,90,370,90,1006.0,844.4,12.1,,318.0,HB,3.47,2.6,0.29,0.012,0.047,0.041,0.07,0.05
GJS2 5mm,poprawne_adi,GJS.2,POPRAWNE_ADI\GJS.2_5mm_1000x,POPRAWNE_ADI\GJS.2_5mm_1000x\GJS.2_5mm_1000x-029.jpg,GJS.2_5mm_1000x-029.jpg,5.0,870,90,370,90,1006.0,844.4,12.1,,318.0,HB,3.47,2.6,0.29,0.012,0.047,0.041,0.07,0.05
GJS2 5mm,poprawne_adi,GJS.2,POPRAWNE_ADI\GJS.2_5mm_1000x,POPRAWNE_ADI\GJS.2_5mm_1000x\GJS.2_5mm_1000x-030.jpg,GJS.2_5mm_1000x-030.jpg,5.0,870,90,370,90,1006.0,844.4,12.1,,318.0,HB,3.47,2.6,0.29,0.012,0.047,0.041,0.07,0.05
GJS2 5mm,poprawne_adi,GJS.2,POPRAWNE_ADI\GJS.2_5mm_1000x,POPRAWNE_ADI\GJS.2_5mm_1000x\GJS.2_5mm_1000x-031.jpg,GJS.2_5mm_1000x-031.jpg,5.0,870,90,370,90,1006.0,844.4,12.1,,318.0,HB,3.47,2.6,0.29,0.012,0.047,0.041,0.07,0.05
GJS2 5mm,poprawne_adi,GJS.2,POPRAWNE_ADI\GJS.2_5mm_1000x,POPRAWNE_ADI\GJS.2_5mm_1000x\GJS.2_5mm_1000x-032.jpg,GJS.2_5mm_1000x-032.jpg,5.0,870,90,370,90,1006.0,844.4,12.1,,318.0,HB,3.47,2.6,0.29,0.012,0.047,0.041,0.07,0.05
GJS2 5mm,poprawne_adi,GJS.2,POPRAWNE_ADI\GJS.2_5mm_1000x,POPRAWNE_ADI\GJS.2_5mm_1000x\GJS.2_5mm_1000x-033.jpg,GJS.2_5mm_1000x-033.jpg,5.0,870,90,370,90,1006.0,844.4,12.1,,318.0,HB,3.47,2.6,0.29,0.012,0.047,0.041,0.07,0.05
GJS2 5mm,poprawne_adi,GJS.2,POPRAWNE_ADI\GJS.2_5mm_1000x,POPRAWNE_ADI\GJS.2_5mm_1000x\GJS.2_5mm_1000x-034.jpg,GJS.2_5mm_1000x-034.jpg,5.0,870,90,370,90,1006.0,844.4,12.1,,318.0,HB,3.47,2.6,0.29,0.012,0.047,0.041,0.07,0.05
GJS2 5mm,poprawne_adi,GJS.2,POPRAWNE_ADI\GJS.2_5mm_1000x,POPRAWNE_ADI\GJS.2_5mm_1000x\GJS.2_5mm_1000x-035.jpg,GJS.2_5mm_1000x-035.jpg,5.0,870,90,370,90,1006.0,844.4,12.1,,318.0,HB,3.47,2.6,0.29,0.012,0.047,0.041,0.07,0.05
GJS2 5mm,poprawne_adi,GJS.2,POPRAWNE_ADI\GJS.2_5mm_1000x,POPRAWNE_ADI\GJS.2_5mm_1000x\GJS.2_5mm_1000x-036.jpg,GJS.2_5mm_1000x-036.jpg,5.0,870,90,370,90,1006.0,844.4,12.1,,318.0,HB,3.47,2.6,0.29,0.012,0.047,0.041,0.07,0.05
GJS2 5mm,poprawne_adi,GJS.2,POPRAWNE_ADI\GJS.2_5mm_1000x,POPRAWNE_ADI\GJS.2_5mm_1000x\GJS.2_5mm_1000x-037.jpg,GJS.2_5mm_1000x-037.jpg,5.0,870,90,370,90,1006.0,844.4,12.1,,318.0,HB,3.47,2.6,0.29,0.012,0.047,0.041,0.07,0.05
GJS2 5mm,poprawne_adi,GJS.2,POPRAWNE_ADI\GJS.2_5mm_1000x,POPRAWNE_ADI\GJS.2_5mm_1000x\GJS.2_5mm_1000x-038.jpg,GJS.2_5mm_1000x-038.jpg,5.0,870,90,370,90,1006.0,844.4,12.1,,318.0,HB,3.47,2.6,0.29,0.012,0.047,0.041,0.07,0.05
GJS2 5mm,poprawne_adi,GJS.2,POPRAWNE_ADI\GJS.2_5mm_1000x,POPRAWNE_ADI\GJS.2_5mm_1000x\GJS.2_5mm_1000x-039.jpg,GJS.2_5mm_1000x-039.jpg,5.0,870,90,370,90,1006.0,844.4,12.1,,318.0,HB,3.47,2.6,0.29,0.012,0.047,0.041,0.07,0.05
GJS2 5mm,poprawne_adi,GJS.2,POPRAWNE_ADI\GJS.2_5mm_1000x,POPRAWNE_ADI\GJS.2_5mm_1000x\GJS.2_5mm_1000x-040.jpg,GJS.2_5mm_1000x-040.jpg,5.0,870,90,370,90,1006.0,844.4,12.1,,318.0,HB,3.47,2.6,0.29,0.012,0.047,0.041,0.07,0.05
GJS2 5mm,poprawne_adi,GJS.2,POPRAWNE_ADI\GJS.2_5mm_1000x,POPRAWNE_ADI\GJS.2_5mm_1000x\GJS.2_5mm_1000x-041.jpg,GJS.2_5mm_1000x-041.jpg,5.0,870,90,370,90,1006.0,844.4,12.1,,318.0,HB,3.47,2.6,0.29,0.012,0.047,0.041,0.07,0.05
GJS2 5mm,poprawne_adi,GJS.2,POPRAWNE_ADI\GJS.2_5mm_1000x,POPRAWNE_ADI\GJS.2_5mm_1000x\GJS.2_5mm_1000x-042.jpg,GJS.2_5mm_1000x-042.jpg,5.0,870,90,370,90,1006.0,844.4,12.1,,318.0,HB,3.47,2.6,0.29,0.012,0.047,0.041,0.07,0.05
GJS2 5mm,poprawne_adi,GJS.2,POPRAWNE_ADI\GJS.2_5mm_1000x,POPRAWNE_ADI\GJS.2_5mm_1000x\GJS.2_5mm_1000x-043.jpg,GJS.2_5mm_1000x-043.jpg,5.0,870,90,370,90,1006.0,844.4,12.1,,318.0,HB,3.47,2.6,0.29,0.012,0.047,0.041,0.07,0.05
GJS2 5mm,poprawne_adi,GJS.2,POPRAWNE_ADI\GJS.2_5mm_1000x,POPRAWNE_ADI\GJS.2_5mm_1000x\GJS.2_5mm_1000x-044.jpg,GJS.2_5mm_1000x-044.jpg,5.0,870,90,370,90,1006.0,844.4,12.1,,318.0,HB,3.47,2.6,0.29,0.012,0.047,0.041,0.07,0.05
GJS2 5mm,poprawne_adi,GJS.2,POPRAWNE_ADI\GJS.2_5mm_1000x,POPRAWNE_ADI\GJS.2_5mm_1000x\GJS.2_5mm_1000x-045.jpg,GJS.2_5mm_1000x-045.jpg,5.0,870,90,370,90,1006.0,844.4,12.1,,318.0,HB,3.47,2.6,0.29,0.012,0.047,0.041,0.07,0.05
GJS2 5mm,poprawne_adi,GJS.2,POPRAWNE_ADI\GJS.2_5mm_1000x,POPRAWNE_ADI\GJS.2_5mm_1000x\GJS.2_5mm_1000x-046.jpg,GJS.2_5mm_1000x-046.jpg,5.0,870,90,370,90,1006.0,844.4,12.1,,318.0,HB,3.47,2.6,0.29,0.012,0.047,0.041,0.07,0.05
GJS2 5mm,poprawne_adi,GJS.2,POPRAWNE_ADI\GJS.2_5mm_1000x,POPRAWNE_ADI\GJS.2_5mm_1000x\GJS.2_5mm_1000x-047.jpg,GJS.2_5mm_1000x-047.jpg,5.0,870,90,370,90,1006.0,844.4,12.1,,318.0,HB,3.47,2.6,0.29,0.012,0.047,0.041,0.07,0.05
GJS2 5mm,poprawne_adi,GJS.2,POPRAWNE_ADI\GJS.2_5mm_1000x,POPRAWNE_ADI\GJS.2_5mm_1000x\GJS.2_5mm_1000x-048.jpg,GJS.2_5mm_1000x-048.jpg,5.0,870,90,370,90,1006.0,844.4,12.1,,318.0,HB,3.47,2.6,0.29,0.012,0.047,0.041,0.07,0.05
GJS2 5mm,poprawne_adi,GJS.2,POPRAWNE_ADI\GJS.2_5mm_1000x,POPRAWNE_ADI\GJS.2_5mm_1000x\GJS.2_5mm_1000x-049.jpg,GJS.2_5mm_1000x-049.jpg,5.0,870,90,370,90,1006.0,844.4,12.1,,318.0,HB,3.47,2.6,0.29,0.012,0.047,0.041,0.07,0.05
GJS2 5mm,poprawne_adi,GJS.2,POPRAWNE_ADI\GJS.2_5mm_1000x,POPRAWNE_ADI\GJS.2_5mm_1000x\GJS.2_5mm_1000x-050.jpg,GJS.2_5mm_1000x-050.jpg,5.0,870,90,370,90,1006.0,844.4,12.1,,318.0,HB,3.47,2.6,0.29,0.012,0.047,0.041,0.07,0.05
GJS2 5mm,poprawne_adi,GJS.2,POPRAWNE_ADI\GJS.2_5mm_1000x,POPRAWNE_ADI\GJS.2_5mm_1000x\GJS.2_5mm_1000x-051.jpg,GJS.2_5mm_1000x-051.jpg,5.0,870,90,370,90,1006.0,844.4,12.1,,318.0,HB,3.47,2.6,0.29,0.012,0.047,0.041,0.07,0.05
GJS2 5mm,poprawne_adi,GJS.2,POPRAWNE_ADI\GJS.2_5mm_1000x,POPRAWNE_ADI\GJS.2_5mm_1000x\GJS.2_5mm_1000x-052.jpg,GJS.2_5mm_1000x-052.jpg,5.0,870,90,370,90,1006.0,844.4,12.1,,318.0,HB,3.47,2.6,0.29,0.012,0.047,0.041,0.07,0.05
GJS2 5mm,poprawne_adi,GJS.2,POPRAWNE_ADI\GJS.2_5mm_1000x,POPRAWNE_ADI\GJS.2_5mm_1000x\GJS.2_5mm_1000x-053.jpg,GJS.2_5mm_1000x-053.jpg,5.0,870,90,370,90,1006.0,844.4,12.1,,318.0,HB,3.47,2.6,0.29,0.012,0.047,0.041,0.07,0.05
GJS2 5mm,poprawne_adi,GJS.2,POPRAWNE_ADI\GJS.2_5mm_1000x,POPRAWNE_ADI\GJS.2_5mm_1000x\GJS.2_5mm_1000x-054.jpg,GJS.2_5mm_1000x-054.jpg,5.0,870,90,370,90,1006.0,844.4,12.1,,318.0,HB,3.47,2.6,0.29,0.012,0.047,0.041,0.07,0.05
GJS2 5mm,poprawne_adi,GJS.2,POPRAWNE_ADI\GJS.2_5mm_1000x,POPRAWNE_ADI\GJS.2_5mm_1000x\GJS.2_5mm_1000x-055.jpg,GJS.2_5mm_1000x-055.jpg,5.0,870,90,370,90,1006.0,844.4,12.1,,318.0,HB,3.47,2.6,0.29,0.012,0.047,0.041,0.07,0.05
GJS2 5mm,poprawne_adi,GJS.2,POPRAWNE_ADI\GJS.2_5mm_1000x,POPRAWNE_ADI\GJS.2_5mm_1000x\GJS.2_5mm_1000x-056.jpg,GJS.2_5mm_1000x-056.jpg,5.0,870,90,370,90,1006.0,844.4,12.1,,318.0,HB,3.47,2.6,0.29,0.012,0.047,0.041,0.07,0.05
GJS2 5mm,poprawne_adi,GJS.2,POPRAWNE_ADI\GJS.2_5mm_1000x,POPRAWNE_ADI\GJS.2_5mm_1000x\GJS.2_5mm_1000x-057.jpg,GJS.2_5mm_1000x-057.jpg,5.0,870,90,370,90,1006.0,844.4,12.1,,318.0,HB,3.47,2.6,0.29,0.012,0.047,0.041,0.07,0.05
GJS2 5mm,poprawne_adi,GJS.2,POPRAWNE_ADI\GJS.2_5mm_1000x,POPRAWNE_ADI\GJS.2_5mm_1000x\GJS.2_5mm_1000x-058.jpg,GJS.2_5mm_1000x-058.jpg,5.0,870,90,370,90,1006.0,844.4,12.1,,318.0,HB,3.47,2.6,0.29,0.012,0.047,0.041,0.07,0.05
GJS2 5mm,poprawne_adi,GJS.2,POPRAWNE_ADI\GJS.2_5mm_1000x,POPRAWNE_ADI\GJS.2_5mm_1000x\GJS.2_5mm_1000x-059.jpg,GJS.2_5mm_1000x-059.jpg,5.0,870,90,370,90,1006.0,844.4,12.1,,318.0,HB,3.47,2.6,0.29,0.012,0.047,0.041,0.07,0.05
GJS2 5mm,poprawne_adi,GJS.2,POPRAWNE_ADI\GJS.2_5mm_1000x,POPRAWNE_ADI\GJS.2_5mm_1000x\GJS.2_5mm_1000x-060.jpg,GJS.2_5mm_1000x-060.jpg,5.0,870,90,370,90,1006.0,844.4,12.1,,318.0,HB,3.47,2.6,0.29,0.012,0.047,0.041,0.07,0.05
GJS2 5mm,poprawne_adi,GJS.2,POPRAWNE_ADI\GJS.2_5mm_1000x,POPRAWNE_ADI\GJS.2_5mm_1000x\GJS.2_5mm_1000x-061.jpg,GJS.2_5mm_1000x-061.jpg,5.0,870,90,370,90,1006.0,844.4,12.1,,318.0,HB,3.47,2.6,0.29,0.012,0.047,0.041,0.07,0.05
GJS2 5mm,poprawne_adi,GJS.2,POPRAWNE_ADI\GJS.2_5mm_1000x,POPRAWNE_ADI\GJS.2_5mm_1000x\GJS.2_5mm_1000x-062.jpg,GJS.2_5mm_1000x-062.jpg,5.0,870,90,370,90,1006.0,844.4,12.1,,318.0,HB,3.47,2.6,0.29,0.012,0.047,0.041,0.07,0.05
GJS2 5mm,poprawne_adi,GJS.2,POPRAWNE_ADI\GJS.2_5mm_1000x,POPRAWNE_ADI\GJS.2_5mm_1000x\GJS.2_5mm_1000x-063.jpg,GJS.2_5mm_1000x-063.jpg,5.0,870,90,370,90,1006.0,844.4,12.1,,318.0,HB,3.47,2.6,0.29,0.012,0.047,0.041,0.07,0.05
GJS2 5mm,poprawne_adi,GJS.2,POPRAWNE_ADI\GJS.2_5mm_1000x,POPRAWNE_ADI\GJS.2_5mm_1000x\GJS.2_5mm_1000x-064.jpg,GJS.2_5mm_1000x-064.jpg,5.0,870,90,370,90,1006.0,844.4,12.1,,318.0,HB,3.47,2.6,0.29,0.012,0.047,0.041,0.07,0.05
GJS2 5mm,poprawne_adi,GJS.2,POPRAWNE_ADI\GJS.2_5mm_1000x,POPRAWNE_ADI\GJS.2_5mm_1000x\GJS.2_5mm_1000x-065.jpg,GJS.2_5mm_1000x-065.jpg,5.0,870,90,370,90,1006.0,844.4,12.1,,318.0,HB,3.47,2.6,0.29,0.012,0.047,0.041,0.07,0.05
GJS2 5mm,poprawne_adi,GJS.2,POPRAWNE_ADI\GJS.2_5mm_1000x,POPRAWNE_ADI\GJS.2_5mm_1000x\GJS.2_5mm_1000x-066.jpg,GJS.2_5mm_1000x-066.jpg,5.0,870,90,370,90,1006.0,844.4,12.1,,318.0,HB,3.47,2.6,0.29,0.012,0.047,0.041,0.07,0.05
GJS2 5mm,poprawne_adi,GJS.2,POPRAWNE_ADI\GJS.2_5mm_1000x,POPRAWNE_ADI\GJS.2_5mm_1000x\GJS.2_5mm_1000x-067.jpg,GJS.2_5mm_1000x-067.jpg,5.0,870,90,370,90,1006.0,844.4,12.1,,318.0,HB,3.47,2.6,0.29,0.012,0.047,0.041,0.07,0.05
GJS2 5mm,poprawne_adi,GJS.2,POPRAWNE_ADI\GJS.2_5mm_1000x,POPRAWNE_ADI\GJS.2_5mm_1000x\GJS.2_5mm_1000x-068.jpg,GJS.2_5mm_1000x-068.jpg,5.0,870,90,370,90,1006.0,844.4,12.1,,318.0,HB,3.47,2.6,0.29,0.012,0.047,0.041,0.07,0.05
GJS2 5mm,poprawne_adi,GJS.2,POPRAWNE_ADI\GJS.2_5mm_1000x,POPRAWNE_ADI\GJS.2_5mm_1000x\GJS.2_5mm_1000x-069.jpg,GJS.2_5mm_1000x-069.jpg,5.0,870,90,370,90,1006.0,844.4,12.1,,318.0,HB,3.47,2.6,0.29,0.012,0.047,0.041,0.07,0.05
GJS2 5mm,poprawne_adi,GJS.2,POPRAWNE_ADI\GJS.2_5mm_1000x,POPRAWNE_ADI\GJS.2_5mm_1000x\GJS.2_5mm_1000x-070.jpg,GJS.2_5mm_1000x-070.jpg,5.0,870,90,370,90,1006.0,844.4,12.1,,318.0,HB,3.47,2.6,0.29,0.012,0.047,0.041,0.07,0.05
GJS2 5mm,poprawne_adi,GJS.2,POPRAWNE_ADI\GJS.2_5mm_1000x,POPRAWNE_ADI\GJS.2_5mm_1000x\GJS.2_5mm_1000x-071.jpg,GJS.2_5mm_1000x-071.jpg,5.0,870,90,370,90,1006.0,844.4,12.1,,318.0,HB,3.47,2.6,0.29,0.012,0.047,0.041,0.07,0.05
GJS2 5mm,poprawne_adi,GJS.2,POPRAWNE_ADI\GJS.2_5mm_1000x,POPRAWNE_ADI\GJS.2_5mm_1000x\GJS.2_5mm_1000x-072.jpg,GJS.2_5mm_1000x-072.jpg,5.0,870,90,370,90,1006.0,844.4,12.1,,318.0,HB,3.47,2.6,0.29,0.012,0.047,0.041,0.07,0.05
GJS2 5mm,poprawne_adi,GJS.2,POPRAWNE_ADI\GJS.2_5mm_1000x,POPRAWNE_ADI\GJS.2_5mm_1000x\GJS.2_5mm_1000x-073.jpg,GJS.2_5mm_1000x-073.jpg,5.0,870,90,370,90,1006.0,844.4,12.1,,318.0,HB,3.47,2.6,0.29,0.012,0.047,0.041,0.07,0.05
GJS2 5mm,poprawne_adi,GJS.2,POPRAWNE_ADI\GJS.2_5mm_1000x,POPRAWNE_ADI\GJS.2_5mm_1000x\GJS.2_5mm_1000x-074.jpg,GJS.2_5mm_1000x-074.jpg,5.0,870,90,370,90,1006.0,844.4,12.1,,318.0,HB,3.47,2.6,0.29,0.012,0.047,0.041,0.07,0.05
GJS2 5mm,poprawne_adi,GJS.2,POPRAWNE_ADI\GJS.2_5mm_1000x,POPRAWNE_ADI\GJS.2_5mm_1000x\GJS.2_5mm_1000x-075.jpg,GJS.2_5mm_1000x-075.jpg,5.0,870,90,370,90,1006.0,844.4,12.1,,318.0,HB,3.47,2.6,0.29,0.012,0.047,0.041,0.07,0.05
GJS2 5mm,poprawne_adi,GJS.2,POPRAWNE_ADI\GJS.2_5mm_1000x,POPRAWNE_ADI\GJS.2_5mm_1000x\GJS.2_5mm_1000x-076.jpg,GJS.2_5mm_1000x-076.jpg,5.0,870,90,370,90,1006.0,844.4,12.1,,318.0,HB,3.47,2.6,0.29,0.012,0.047,0.041,0.07,0.05
GJS2 5mm,poprawne_adi,GJS.2,POPRAWNE_ADI\GJS.2_5mm_1000x,POPRAWNE_ADI\GJS.2_5mm_1000x\GJS.2_5mm_1000x-077.jpg,GJS.2_5mm_1000x-077.jpg,5.0,870,90,370,90,1006.0,844.4,12.1,,318.0,HB,3.47,2.6,0.29,0.012,0.047,0.041,0.07,0.05
GJS2 5mm,poprawne_adi,GJS.2,POPRAWNE_ADI\GJS.2_5mm_1000x,POPRAWNE_ADI\GJS.2_5mm_1000x\GJS.2_5mm_1000x-078.jpg,GJS.2_5mm_1000x-078.jpg,5.0,870,90,370,90,1006.0,844.4,12.1,,318.0,HB,3.47,2.6,0.29,0.012,0.047,0.041,0.07,0.05
GJS2 5mm,poprawne_adi,GJS.2,POPRAWNE_ADI\GJS.2_5mm_1000x,POPRAWNE_ADI\GJS.2_5mm_1000x\GJS.2_5mm_1000x-079.jpg,GJS.2_5mm_1000x-079.jpg,5.0,870,90,370,90,1006.0,844.4,12.1,,318.0,HB,3.47,2.6,0.29,0.012,0.047,0.041,0.07,0.05
GJS2 5mm,poprawne_adi,GJS.2,POPRAWNE_ADI\GJS.2_5mm_1000x,POPRAWNE_ADI\GJS.2_5mm_1000x\GJS.2_5mm_1000x-080.jpg,GJS.2_5mm_1000x-080.jpg,5.0,870,90,370,90,1006.0,844.4,12.1,,318.0,HB,3.47,2.6,0.29,0.012,0.047,0.041,0.07,0.05
GJS2 5mm,poprawne_adi,GJS.2,POPRAWNE_ADI\GJS.2_5mm_1000x,POPRAWNE_ADI\GJS.2_5mm_1000x\GJS.2_5mm_1000x-081.jpg,GJS.2_5mm_1000x-081.jpg,5.0,870,90,370,90,1006.0,844.4,12.1,,318.0,HB,3.47,2.6,0.29,0.012,0.047,0.041,0.07,0.05
GJS2 5mm,poprawne_adi,GJS.2,POPRAWNE_ADI\GJS.2_5mm_1000x,POPRAWNE_ADI\GJS.2_5mm_1000x\GJS.2_5mm_1000x-082.jpg,GJS.2_5mm_1000x-082.jpg,5.0,870,90,370,90,1006.0,844.4,12.1,,318.0,HB,3.47,2.6,0.29,0.012,0.047,0.041,0.07,0.05
GJS2 5mm,poprawne_adi,GJS.2,POPRAWNE_ADI\GJS.2_5mm_1000x,POPRAWNE_ADI\GJS.2_5mm_1000x\GJS.2_5mm_1000x-083.jpg,GJS.2_5mm_1000x-083.jpg,5.0,870,90,370,90,1006.0,844.4,12.1,,318.0,HB,3.47,2.6,0.29,0.012,0.047,0.041,0.07,0.05
GJS2 5mm,poprawne_adi,GJS.2,POPRAWNE_ADI\GJS.2_5mm_1000x,POPRAWNE_ADI\GJS.2_5mm_1000x\GJS.2_5mm_1000x-084.jpg,GJS.2_5mm_1000x-084.jpg,5.0,870,90,370,90,1006.0,844.4,12.1,,318.0,HB,3.47,2.6,0.29,0.012,0.047,0.041,0.07,0.05
GJS2 5mm,poprawne_adi,GJS.2,POPRAWNE_ADI\GJS.2_5mm_1000x,POPRAWNE_ADI\GJS.2_5mm_1000x\GJS.2_5mm_1000x-085.jpg,GJS.2_5mm_1000x-085.jpg,5.0,870,90,370,90,1006.0,844.4,12.1,,318.0,HB,3.47,2.6,0.29,0.012,0.047,0.041,0.07,0.05
GJS2 5mm,poprawne_adi,GJS.2,POPRAWNE_ADI\GJS.2_5mm_1000x,POPRAWNE_ADI\GJS.2_5mm_1000x\GJS.2_5mm_1000x-086.jpg,GJS.2_5mm_1000x-086.jpg,5.0,870,90,370,90,1006.0,844.4,12.1,,318.0,HB,3.47,2.6,0.29,0.012,0.047,0.041,0.07,0.05
GJS2 5mm,poprawne_adi,GJS.2,POPRAWNE_ADI\GJS.2_5mm_1000x,POPRAWNE_ADI\GJS.2_5mm_1000x\GJS.2_5mm_1000x-087.jpg,GJS.2_5mm_1000x-087.jpg,5.0,870,90,370,90,1006.0,844.4,12.1,,318.0,HB,3.47,2.6,0.29,0.012,0.047,0.041,0.07,0.05
GJS2 5mm,poprawne_adi,GJS.2,POPRAWNE_ADI\GJS.2_5mm_1000x,POPRAWNE_ADI\GJS.2_5mm_1000x\GJS.2_5mm_1000x-088.jpg,GJS.2_5mm_1000x-088.jpg,5.0,870,90,370,90,1006.0,844.4,12.1,,318.0,HB,3.47,2.6,0.29,0.012,0.047,0.041,0.07,0.05
GJS2 5mm,poprawne_adi,GJS.2,POPRAWNE_ADI\GJS.2_5mm_1000x,POPRAWNE_ADI\GJS.2_5mm_1000x\GJS.2_5mm_1000x-089.jpg,GJS.2_5mm_1000x-089.jpg,5.0,870,90,370,90,1006.0,844.4,12.1,,318.0,HB,3.47,2.6,0.29,0.012,0.047,0.041,0.07,0.05
GJS2 5mm,poprawne_adi,GJS.2,POPRAWNE_ADI\GJS.2_5mm_1000x,POPRAWNE_ADI\GJS.2_5mm_1000x\GJS.2_5mm_1000x-090.jpg,GJS.2_5mm_1000x-090.jpg,5.0,870,90,370,90,1006.0,844.4,12.1,,318.0,HB,3.47,2.6,0.29,0.012,0.047,0.041,0.07,0.05
GJS2 5mm,poprawne_adi,GJS.2,POPRAWNE_ADI\GJS.2_5mm_1000x,POPRAWNE_ADI\GJS.2_5mm_1000x\GJS.2_5mm_1000x-091.jpg,GJS.2_5mm_1000x-091.jpg,5.0,870,90,370,90,1006.0,844.4,12.1,,318.0,HB,3.47,2.6,0.29,0.012,0.047,0.041,0.07,0.05
GJS2 5mm,poprawne_adi,GJS.2,POPRAWNE_ADI\GJS.2_5mm_1000x,POPRAWNE_ADI\GJS.2_5mm_1000x\GJS.2_5mm_1000x-092.jpg,GJS.2_5mm_1000x-092.jpg,5.0,870,90,370,90,1006.0,844.4,12.1,,318.0,HB,3.47,2.6,0.29,0.012,0.047,0.041,0.07,0.05
GJS2 5mm,poprawne_adi,GJS.2,POPRAWNE_ADI\GJS.2_5mm_1000x,POPRAWNE_ADI\GJS.2_5mm_1000x\GJS.2_5mm_1000x-093.jpg,GJS.2_5mm_1000x-093.jpg,5.0,870,90,370,90,1006.0,844.4,12.1,,318.0,HB,3.47,2.6,0.29,0.012,0.047,0.041,0.07,0.05
GJS2 5mm,poprawne_adi,GJS.2,POPRAWNE_ADI\GJS.2_5mm_1000x,POPRAWNE_ADI\GJS.2_5mm_1000x\GJS.2_5mm_1000x-094.jpg,GJS.2_5mm_1000x-094.jpg,5.0,870,90,370,90,1006.0,844.4,12.1,,318.0,HB,3.47,2.6,0.29,0.012,0.047,0.041,0.07,0.05
GJS2 5mm,poprawne_adi,GJS.2,POPRAWNE_ADI\GJS.2_5mm_1000x,POPRAWNE_ADI\GJS.2_5mm_1000x\GJS.2_5mm_1000x-095.jpg,GJS.2_5mm_1000x-095.jpg,5.0,870,90,370,90,1006.0,844.4,12.1,,318.0,HB,3.47,2.6,0.29,0.012,0.047,0.041,0.07,0.05
GJS2 5mm,poprawne_adi,GJS.2,POPRAWNE_ADI\GJS.2_5mm_1000x,POPRAWNE_ADI\GJS.2_5mm_1000x\GJS.2_5mm_1000x-096.jpg,GJS.2_5mm_1000x-096.jpg,5.0,870,90,370,90,1006.0,844.4,12.1,,318.0,HB,3.47,2.6,0.29,0.012,0.047,0.041,0.07,0.05
GJS2 5mm,poprawne_adi,GJS.2,POPRAWNE_ADI\GJS.2_5mm_1000x,POPRAWNE_ADI\GJS.2_5mm_1000x\GJS.2_5mm_1000x-097.jpg,GJS.2_5mm_1000x-097.jpg,5.0,870,90,370,90,1006.0,844.4,12.1,,318.0,HB,3.47,2.6,0.29,0.012,0.047,0.041,0.07,0.05
GJS2 5mm,poprawne_adi,GJS.2,POPRAWNE_ADI\GJS.2_5mm_1000x,POPRAWNE_ADI\GJS.2_5mm_1000x\GJS.2_5mm_1000x-098.jpg,GJS.2_5mm_1000x-098.jpg,5.0,870,90,370,90,1006.0,844.4,12.1,,318.0,HB,3.47,2.6,0.29,0.012,0.047,0.041,0.07,0.05
GJS2 5mm,poprawne_adi,GJS.2,POPRAWNE_ADI\GJS.2_5mm_1000x,POPRAWNE_ADI\GJS.2_5mm_1000x\GJS.2_5mm_1000x-099.jpg,GJS.2_5mm_1000x-099.jpg,5.0,870,90,370,90,1006.0,844.4,12.1,,318.0,HB,3.47,2.6,0.29,0.012,0.047,0.041,0.07,0.05
GJS2 5mm,poprawne_adi,GJS.2,POPRAWNE_ADI\GJS.2_5mm_1000x,POPRAWNE_ADI\GJS.2_5mm_1000x\GJS.2_5mm_1000x-100.jpg,GJS.2_5mm_1000x-100.jpg,5.0,870,90,370,90,1006.0,844.4,12.1,,318.0,HB,3.47,2.6,0.29,0.012,0.047,0.041,0.07,0.05
GJS2 5mm,poprawne_adi,GJS.2,POPRAWNE_ADI\GJS.2_5mm_1000x,POPRAWNE_ADI\GJS.2_5mm_1000x\GJS.2_5mm_1000x-101.jpg,GJS.2_5mm_1000x-101.jpg,5.0,870,90,370,90,1006.0,844.4,12.1,,318.0,HB,3.47,2.6,0.29,0.012,0.047,0.041,0.07,0.05
GJS2 5mm,poprawne_adi,GJS.2,POPRAWNE_ADI\GJS.2_5mm_1000x,POPRAWNE_ADI\GJS.2_5mm_1000x\GJS.2_5mm_1000x-102.jpg,GJS.2_5mm_1000x-102.jpg,5.0,870,90,370,90,1006.0,844.4,12.1,,318.0,HB,3.47,2.6,0.29,0.012,0.047,0.041,0.07,0.05
GJS2 5mm,poprawne_adi,GJS.2,POPRAWNE_ADI\GJS.2_5mm_1000x,POPRAWNE_ADI\GJS.2_5mm_1000x\GJS.2_5mm_1000x-103.jpg,GJS.2_5mm_1000x-103.jpg,5.0,870,90,370,90,1006.0,844.4,12.1,,318.0,HB,3.47,2.6,0.29,0.012,0.047,0.041,0.07,0.05
GJS2 5mm,poprawne_adi,GJS.2,POPRAWNE_ADI\GJS.2_5mm_1000x,POPRAWNE_ADI\GJS.2_5mm_1000x\GJS.2_5mm_1000x-104.jpg,GJS.2_5mm_1000x-104.jpg,5.0,870,90,370,90,1006.0,844.4,12.1,,318.0,HB,3.47,2.6,0.29,0.012,0.047,0.041,0.07,0.05
GJS2 5mm,poprawne_adi,GJS.2,POPRAWNE_ADI\GJS.2_5mm_1000x,POPRAWNE_ADI\GJS.2_5mm_1000x\GJS.2_5mm_1000x-105.jpg,GJS.2_5mm_1000x-105.jpg,5.0,870,90,370,90,1006.0,844.4,12.1,,318.0,HB,3.47,2.6,0.29,0.012,0.047,0.041,0.07,0.05
GJS2 5mm,poprawne_adi,GJS.2,POPRAWNE_ADI\GJS.2_5mm_1000x,POPRAWNE_ADI\GJS.2_5mm_1000x\GJS.2_5mm_1000x-106.jpg,GJS.2_5mm_1000x-106.jpg,5.0,870,90,370,90,1006.0,844.4,12.1,,318.0,HB,3.47,2.6,0.29,0.012,0.047,0.041,0.07,0.05
GJS2 5mm,poprawne_adi,GJS.2,POPRAWNE_ADI\GJS.2_5mm_1000x,POPRAWNE_ADI\GJS.2_5mm_1000x\GJS.2_5mm_1000x-107.jpg,GJS.2_5mm_1000x-107.jpg,5.0,870,90,370,90,1006.0,844.4,12.1,,318.0,HB,3.47,2.6,0.29,0.012,0.047,0.041,0.07,0.05
GJS2 5mm,poprawne_adi,GJS.2,POPRAWNE_ADI\GJS.2_5mm_1000x,POPRAWNE_ADI\GJS.2_5mm_1000x\GJS.2_5mm_1000x-108.jpg,GJS.2_5mm_1000x-108.jpg,5.0,870,90,370,90,1006.0,844.4,12.1,,318.0,HB,3.47,2.6,0.29,0.012,0.047,0.041,0.07,0.05
GJS2 5mm,poprawne_adi,GJS.2,POPRAWNE_ADI\GJS.2_5mm_1000x,POPRAWNE_ADI\GJS.2_5mm_1000x\GJS.2_5mm_1000x-109.jpg,GJS.2_5mm_1000x-109.jpg,5.0,870,90,370,90,1006.0,844.4,12.1,,318.0,HB,3.47,2.6,0.29,0.012,0.047,0.041,0.07,0.05
GJS2 5mm,poprawne_adi,GJS.2,POPRAWNE_ADI\GJS.2_5mm_1000x,POPRAWNE_ADI\GJS.2_5mm_1000x\GJS.2_5mm_1000x-110.jpg,GJS.2_5mm_1000x-110.jpg,5.0,870,90,370,90,1006.0,844.4,12.1,,318.0,HB,3.47,2.6,0.29,0.012,0.047,0.041,0.07,0.05
GJS2 5mm,poprawne_adi,GJS.2,POPRAWNE_ADI\GJS.2_5mm_1000x,POPRAWNE_ADI\GJS.2_5mm_1000x\GJS.2_5mm_1000x-111.jpg,GJS.2_5mm_1000x-111.jpg,5.0,870,90,370,90,1006.0,844.4,12.1,,318.0,HB,3.47,2.6,0.29,0.012,0.047,0.041,0.07,0.05
GJS2 5mm,poprawne_adi,GJS.2,POPRAWNE_ADI\GJS.2_5mm_1000x,POPRAWNE_ADI\GJS.2_5mm_1000x\GJS.2_5mm_1000x-112.jpg,GJS.2_5mm_1000x-112.jpg,5.0,870,90,370,90,1006.0,844.4,12.1,,318.0,HB,3.47,2.6,0.29,0.012,0.047,0.041,0.07,0.05
GJS2 5mm,poprawne_adi,GJS.2,POPRAWNE_ADI\GJS.2_5mm_1000x,POPRAWNE_ADI\GJS.2_5mm_1000x\GJS.2_5mm_1000x-113.jpg,GJS.2_5mm_1000x-113.jpg,5.0,870,90,370,90,1006.0,844.4,12.1,,318.0,HB,3.47,2.6,0.29,0.012,0.047,0.041,0.07,0.05
GJS2 5mm,poprawne_adi,GJS.2,POPRAWNE_ADI\GJS.2_5mm_1000x,POPRAWNE_ADI\GJS.2_5mm_1000x\GJS.2_5mm_1000x-114.jpg,GJS.2_5mm_1000x-114.jpg,5.0,870,90,370,90,1006.0,844.4,12.1,,318.0,HB,3.47,2.6,0.29,0.012,0.047,0.041,0.07,0.05
GJS2 5mm,poprawne_adi,GJS.2,POPRAWNE_ADI\GJS.2_5mm_1000x,POPRAWNE_ADI\GJS.2_5mm_1000x\GJS.2_5mm_1000x-115.jpg,GJS.2_5mm_1000x-115.jpg,5.0,870,90,370,90,1006.0,844.4,12.1,,318.0,HB,3.47,2.6,0.29,0.012,0.047,0.041,0.07,0.05
GJS2 5mm,poprawne_adi,GJS.2,POPRAWNE_ADI\GJS.2_5mm_1000x,POPRAWNE_ADI\GJS.2_5mm_1000x\GJS.2_5mm_1000x-116.jpg,GJS.2_5mm_1000x-116.jpg,5.0,870,90,370,90,1006.0,844.4,12.1,,318.0,HB,3.47,2.6,0.29,0.012,0.047,0.041,0.07,0.05
GJS2 5mm,poprawne_adi,GJS.2,POPRAWNE_ADI\GJS.2_5mm_1000x,POPRAWNE_ADI\GJS.2_5mm_1000x\GJS.2_5mm_1000x-117.jpg,GJS.2_5mm_1000x-117.jpg,5.0,870,90,370,90,1006.0,844.4,12.1,,318.0,HB,3.47,2.6,0.29,0.012,0.047,0.041,0.07,0.05
GJS2 5mm,poprawne_adi,GJS.2,POPRAWNE_ADI\GJS.2_5mm_1000x,POPRAWNE_ADI\GJS.2_5mm_1000x\GJS.2_5mm_1000x-118.jpg,GJS.2_5mm_1000x-118.jpg,5.0,870,90,370,90,1006.0,844.4,12.1,,318.0,HB,3.47,2.6,0.29,0.012,0.047,0.041,0.07,0.05
GJS2 5mm,poprawne_adi,GJS.2,POPRAWNE_ADI\GJS.2_5mm_1000x,POPRAWNE_ADI\GJS.2_5mm_1000x\GJS.2_5mm_1000x-119.jpg,GJS.2_5mm_1000x-119.jpg,5.0,870,90,370,90,1006.0,844.4,12.1,,318.0,HB,3.47,2.6,0.29,0.012,0.047,0.041,0.07,0.05
GJS2 5mm,poprawne_adi,GJS.2,POPRAWNE_ADI\GJS.2_5mm_1000x,POPRAWNE_ADI\GJS.2_5mm_1000x\GJS.2_5mm_1000x-120.jpg,GJS.2_5mm_1000x-120.jpg,5.0,870,90,370,90,1006.0,844.4,12.1,,318.0,HB,3.47,2.6,0.29,0.012,0.047,0.041,0.07,0.05
GJS2 5mm,poprawne_adi,GJS.2,POPRAWNE_ADI\GJS.2_5mm_1000x,POPRAWNE_ADI\GJS.2_5mm_1000x\GJS.2_5mm_1000x-121.jpg,GJS.2_5mm_1000x-121.jpg,5.0,870,90,370,90,1006.0,844.4,12.1,,318.0,HB,3.47,2.6,0.29,0.012,0.047,0.041,0.07,0.05
GJS2 5mm,poprawne_adi,GJS.2,POPRAWNE_ADI\GJS.2_5mm_1000x,POPRAWNE_ADI\GJS.2_5mm_1000x\GJS.2_5mm_1000x-122.jpg,GJS.2_5mm_1000x-122.jpg,5.0,870,90,370,90,1006.0,844.4,12.1,,318.0,HB,3.47,2.6,0.29,0.012,0.047,0.041,0.07,0.05
GJS2 5mm,poprawne_adi,GJS.2,POPRAWNE_ADI\GJS.2_5mm_1000x,POPRAWNE_ADI\GJS.2_5mm_1000x\GJS.2_5mm_1000x-123.jpg,GJS.2_5mm_1000x-123.jpg,5.0,870,90,370,90,1006.0,844.4,12.1,,318.0,HB,3.47,2.6,0.29,0.012,0.047,0.041,0.07,0.05
GJS2 5mm,poprawne_adi,GJS.2,POPRAWNE_ADI\GJS.2_5mm_1000x,POPRAWNE_ADI\GJS.2_5mm_1000x\GJS.2_5mm_1000x-124.jpg,GJS.2_5mm_1000x-124.jpg,5.0,870,90,370,90,1006.0,844.4,12.1,,318.0,HB,3.47,2.6,0.29,0.012,0.047,0.041,0.07,0.05
GJS2 5mm,poprawne_adi,GJS.2,POPRAWNE_ADI\GJS.2_5mm_1000x,POPRAWNE_ADI\GJS.2_5mm_1000x\GJS.2_5mm_1000x-125.jpg,GJS.2_5mm_1000x-125.jpg,5.0,870,90,370,90,1006.0,844.4,12.1,,318.0,HB,3.47,2.6,0.29,0.012,0.047,0.041,0.07,0.05
GJS2 5mm,poprawne_adi,GJS.2,POPRAWNE_ADI\GJS.2_5mm_1000x,POPRAWNE_ADI\GJS.2_5mm_1000x\GJS.2_5mm_1000x-126.jpg,GJS.2_5mm_1000x-126.jpg,5.0,870,90,370,90,1006.0,844.4,12.1,,318.0,HB,3.47,2.6,0.29,0.012,0.047,0.041,0.07,0.05
GJS2 5mm,poprawne_adi,GJS.2,POPRAWNE_ADI\GJS.2_5mm_1000x,POPRAWNE_ADI\GJS.2_5mm_1000x\GJS.2_5mm_1000x-127.jpg,GJS.2_5mm_1000x-127.jpg,5.0,870,90,370,90,1006.0,844.4,12.1,,318.0,HB,3.47,2.6,0.29,0.012,0.047,0.041,0.07,0.05
GJS2 5mm,poprawne_adi,GJS.2,POPRAWNE_ADI\GJS.2_5mm_1000x,POPRAWNE_ADI\GJS.2_5mm_1000x\GJS.2_5mm_1000x-128.jpg,GJS.2_5mm_1000x-128.jpg,5.0,870,90,370,90,1006.0,844.4,12.1,,318.0,HB,3.47,2.6,0.29,0.012,0.047,0.041,0.07,0.05
GJS2 5mm,poprawne_adi,GJS.2,POPRAWNE_ADI\GJS.2_5mm_1000x,POPRAWNE_ADI\GJS.2_5mm_1000x\GJS.2_5mm_1000x-129.jpg,GJS.2_5mm_1000x-129.jpg,5.0,870,90,370,90,1006.0,844.4,12.1,,318.0,HB,3.47,2.6,0.29,0.012,0.047,0.041,0.07,0.05
GJS2 5mm,poprawne_adi,GJS.2,POPRAWNE_ADI\GJS.2_5mm_1000x,POPRAWNE_ADI\GJS.2_5mm_1000x\GJS.2_5mm_1000x-130.jpg,GJS.2_5mm_1000x-130.jpg,5.0,870,90,370,90,1006.0,844.4,12.1,,318.0,HB,3.47,2.6,0.29,0.012,0.047,0.041,0.07,0.05
GJS2 5mm,poprawne_adi,GJS.2,POPRAWNE_ADI\GJS.2_5mm_1000x,POPRAWNE_ADI\GJS.2_5mm_1000x\GJS.2_5mm_1000x-131.jpg,GJS.2_5mm_1000x-131.jpg,5.0,870,90,370,90,1006.0,844.4,12.1,,318.0,HB,3.47,2.6,0.29,0.012,0.047,0.041,0.07,0.05
GJS2 5mm,poprawne_adi,GJS.2,POPRAWNE_ADI\GJS.2_5mm_1000x,POPRAWNE_ADI\GJS.2_5mm_1000x\GJS.2_5mm_1000x-132.jpg,GJS.2_5mm_1000x-132.jpg,5.0,870,90,370,90,1006.0,844.4,12.1,,318.0,HB,3.47,2.6,0.29,0.012,0.047,0.041,0.07,0.05
GJS2 5mm,poprawne_adi,GJS.2,POPRAWNE_ADI\GJS.2_5mm_1000x,POPRAWNE_ADI\GJS.2_5mm_1000x\GJS.2_5mm_1000x-133.jpg,GJS.2_5mm_1000x-133.jpg,5.0,870,90,370,90,1006.0,844.4,12.1,,318.0,HB,3.47,2.6,0.29,0.012,0.047,0.041,0.07,0.05
GJS2 5mm,poprawne_adi,GJS.2,POPRAWNE_ADI\GJS.2_5mm_1000x,POPRAWNE_ADI\GJS.2_5mm_1000x\GJS.2_5mm_1000x-134.jpg,GJS.2_5mm_1000x-134.jpg,5.0,870,90,370,90,1006.0,844.4,12.1,,318.0,HB,3.47,2.6,0.29,0.012,0.047,0.041,0.07,0.05
GJS2 5mm,poprawne_adi,GJS.2,POPRAWNE_ADI\GJS.2_5mm_1000x,POPRAWNE_ADI\GJS.2_5mm_1000x\GJS.2_5mm_1000x-135.jpg,GJS.2_5mm_1000x-135.jpg,5.0,870,90,370,90,1006.0,844.4,12.1,,318.0,HB,3.47,2.6,0.29,0.012,0.047,0.041,0.07,0.05
GJS2 5mm,poprawne_adi,GJS.2,POPRAWNE_ADI\GJS.2_5mm_1000x,POPRAWNE_ADI\GJS.2_5mm_1000x\GJS.2_5mm_1000x-136.jpg,GJS.2_5mm_1000x-136.jpg,5.0,870,90,370,90,1006.0,844.4,12.1,,318.0,HB,3.47,2.6,0.29,0.012,0.047,0.041,0.07,0.05
GJS2 5mm,poprawne_adi,GJS.2,POPRAWNE_ADI\GJS.2_5mm_1000x,POPRAWNE_ADI\GJS.2_5mm_1000x\GJS.2_5mm_1000x-137.jpg,GJS.2_5mm_1000x-137.jpg,5.0,870,90,370,90,1006.0,844.4,12.1,,318.0,HB,3.47,2.6,0.29,0.012,0.047,0.041,0.07,0.05
GJS2 5mm,poprawne_adi,GJS.2,POPRAWNE_ADI\GJS.2_5mm_1000x,POPRAWNE_ADI\GJS.2_5mm_1000x\GJS.2_5mm_1000x-138.jpg,GJS.2_5mm_1000x-138.jpg,5.0,870,90,370,90,1006.0,844.4,12.1,,318.0,HB,3.47,2.6,0.29,0.012,0.047,0.041,0.07,0.05
GJS2 5mm,poprawne_adi,GJS.2,POPRAWNE_ADI\GJS.2_5mm_1000x,POPRAWNE_ADI\GJS.2_5mm_1000x\GJS.2_5mm_1000x-139.jpg,GJS.2_5mm_1000x-139.jpg,5.0,870,90,370,90,1006.0,844.4,12.1,,318.0,HB,3.47,2.6,0.29,0.012,0.047,0.041,0.07,0.05
GJS2 5mm,poprawne_adi,GJS.2,POPRAWNE_ADI\GJS.2_5mm_1000x,POPRAWNE_ADI\GJS.2_5mm_1000x\GJS.2_5mm_1000x-140.jpg,GJS.2_5mm_1000x-140.jpg,5.0,870,90,370,90,1006.0,844.4,12.1,,318.0,HB,3.47,2.6,0.29,0.012,0.047,0.041,0.07,0.05
GJS2 5mm,poprawne_adi,GJS.2,POPRAWNE_ADI\GJS.2_5mm_1000x,POPRAWNE_ADI\GJS.2_5mm_1000x\GJS.2_5mm_1000x-141.jpg,GJS.2_5mm_1000x-141.jpg,5.0,870,90,370,90,1006.0,844.4,12.1,,318.0,HB,3.47,2.6,0.29,0.012,0.047,0.041,0.07,0.05
GJS2 5mm,poprawne_adi,GJS.2,POPRAWNE_ADI\GJS.2_5mm_1000x,POPRAWNE_ADI\GJS.2_5mm_1000x\GJS.2_5mm_1000x-142.jpg,GJS.2_5mm_1000x-142.jpg,5.0,870,90,370,90,1006.0,844.4,12.1,,318.0,HB,3.47,2.6,0.29,0.012,0.047,0.041,0.07,0.05
GJS2 5mm,poprawne_adi,GJS.2,POPRAWNE_ADI\GJS.2_5mm_1000x,POPRAWNE_ADI\GJS.2_5mm_1000x\GJS.2_5mm_1000x-143.jpg,GJS.2_5mm_1000x-143.jpg,5.0,870,90,370,90,1006.0,844.4,12.1,,318.0,HB,3.47,2.6,0.29,0.012,0.047,0.041,0.07,0.05
GJS2 5mm,poprawne_adi,GJS.2,POPRAWNE_ADI\GJS.2_5mm_1000x,POPRAWNE_ADI\GJS.2_5mm_1000x\GJS.2_5mm_1000x-144.jpg,GJS.2_5mm_1000x-144.jpg,5.0,870,90,370,90,1006.0,844.4,12.1,,318.0,HB,3.47,2.6,0.29,0.012,0.047,0.041,0.07,0.05
GJS2 5mm,poprawne_adi,GJS.2,POPRAWNE_ADI\GJS.2_5mm_1000x,POPRAWNE_ADI\GJS.2_5mm_1000x\GJS.2_5mm_1000x-145.jpg,GJS.2_5mm_1000x-145.jpg,5.0,870,90,370,90,1006.0,844.4,12.1,,318.0,HB,3.47,2.6,0.29,0.012,0.047,0.041,0.07,0.05
GJS2 5mm,poprawne_adi,GJS.2,POPRAWNE_ADI\GJS.2_5mm_1000x,POPRAWNE_ADI\GJS.2_5mm_1000x\GJS.2_5mm_1000x-146.jpg,GJS.2_5mm_1000x-146.jpg,5.0,870,90,370,90,1006.0,844.4,12.1,,318.0,HB,3.47,2.6,0.29,0.012,0.047,0.041,0.07,0.05
GJS2 5mm,poprawne_adi,GJS.2,POPRAWNE_ADI\GJS.2_5mm_1000x,POPRAWNE_ADI\GJS.2_5mm_1000x\GJS.2_5mm_1000x-147.jpg,GJS.2_5mm_1000x-147.jpg,5.0,870,90,370,90,1006.0,844.4,12.1,,318.0,HB,3.47,2.6,0.29,0.012,0.047,0.041,0.07,0.05
GJS2 5mm,poprawne_adi,GJS.2,POPRAWNE_ADI\GJS.2_5mm_1000x,POPRAWNE_ADI\GJS.2_5mm_1000x\GJS.2_5mm_1000x-148.jpg,GJS.2_5mm_1000x-148.jpg,5.0,870,90,370,90,1006.0,844.4,12.1,,318.0,HB,3.47,2.6,0.29,0.012,0.047,0.041,0.07,0.05
GJS2 5mm,poprawne_adi,GJS.2,POPRAWNE_ADI\GJS.2_5mm_1000x,POPRAWNE_ADI\GJS.2_5mm_1000x\GJS.2_5mm_1000x-149.jpg,GJS.2_5mm_1000x-149.jpg,5.0,870,90,370,90,1006.0,844.4,12.1,,318.0,HB,3.47,2.6,0.29,0.012,0.047,0.041,0.07,0.05
GJS2 5mm,poprawne_adi,GJS.2,POPRAWNE_ADI\GJS.2_5mm_1000x,POPRAWNE_ADI\GJS.2_5mm_1000x\GJS.2_5mm_1000x-150.jpg,GJS.2_5mm_1000x-150.jpg,5.0,870,90,370,90,1006.0,844.4,12.1,,318.0,HB,3.47,2.6,0.29,0.012,0.047,0.041,0.07,0.05
GJS2 5mm,poprawne_adi,GJS.2,POPRAWNE_ADI\GJS.2_5mm_1000x,POPRAWNE_ADI\GJS.2_5mm_1000x\GJS.2_5mm_1000x-151.jpg,GJS.2_5mm_1000x-151.jpg,5.0,870,90,370,90,1006.0,844.4,12.1,,318.0,HB,3.47,2.6,0.29,0.012,0.047,0.041,0.07,0.05
GJS2 5mm,poprawne_adi,GJS.2,POPRAWNE_ADI\GJS.2_5mm_1000x,POPRAWNE_ADI\GJS.2_5mm_1000x\GJS.2_5mm_1000x-152.jpg,GJS.2_5mm_1000x-152.jpg,5.0,870,90,370,90,1006.0,844.4,12.1,,318.0,HB,3.47,2.6,0.29,0.012,0.047,0.041,0.07,0.05
GJS2 5mm,poprawne_adi,GJS.2,POPRAWNE_ADI\GJS.2_5mm_1000x,POPRAWNE_ADI\GJS.2_5mm_1000x\GJS.2_5mm_1000x-153.jpg,GJS.2_5mm_1000x-153.jpg,5.0,870,90,370,90,1006.0,844.4,12.1,,318.0,HB,3.47,2.6,0.29,0.012,0.047,0.041,0.07,0.05
GJS2 5mm,poprawne_adi,GJS.2,POPRAWNE_ADI\GJS.2_5mm_1000x,POPRAWNE_ADI\GJS.2_5mm_1000x\GJS.2_5mm_1000x-154.jpg,GJS.2_5mm_1000x-154.jpg,5.0,870,90,370,90,1006.0,844.4,12.1,,318.0,HB,3.47,2.6,0.29,0.012,0.047,0.041,0.07,0.05
GJS2 5mm,poprawne_adi,GJS.2,POPRAWNE_ADI\GJS.2_5mm_1000x,POPRAWNE_ADI\GJS.2_5mm_1000x\GJS.2_5mm_1000x-155.jpg,GJS.2_5mm_1000x-155.jpg,5.0,870,90,370,90,1006.0,844.4,12.1,,318.0,HB,3.47,2.6,0.29,0.012,0.047,0.041,0.07,0.05
GJS2 5mm,poprawne_adi,GJS.2,POPRAWNE_ADI\GJS.2_5mm_1000x,POPRAWNE_ADI\GJS.2_5mm_1000x\GJS.2_5mm_1000x-156.jpg,GJS.2_5mm_1000x-156.jpg,5.0,870,90,370,90,1006.0,844.4,12.1,,318.0,HB,3.47,2.6,0.29,0.012,0.047,0.041,0.07,0.05
GJS2 5mm,poprawne_adi,GJS.2,POPRAWNE_ADI\GJS.2_5mm_1000x,POPRAWNE_ADI\GJS.2_5mm_1000x\GJS.2_5mm_1000x-157.jpg,GJS.2_5mm_1000x-157.jpg,5.0,870,90,370,90,1006.0,844.4,12.1,,318.0,HB,3.47,2.6,0.29,0.012,0.047,0.041,0.07,0.05
GJS2 5mm,poprawne_adi,GJS.2,POPRAWNE_ADI\GJS.2_5mm_1000x,POPRAWNE_ADI\GJS.2_5mm_1000x\GJS.2_5mm_1000x-158.jpg,GJS.2_5mm_1000x-158.jpg,5.0,870,90,370,90,1006.0,844.4,12.1,,318.0,HB,3.47,2.6,0.29,0.012,0.047,0.041,0.07,0.05
GJS2 5mm,poprawne_adi,GJS.2,POPRAWNE_ADI\GJS.2_5mm_1000x,POPRAWNE_ADI\GJS.2_5mm_1000x\GJS.2_5mm_1000x-159.jpg,GJS.2_5mm_1000x-159.jpg,5.0,870,90,370,90,1006.0,844.4,12.1,,318.0,HB,3.47,2.6,0.29,0.012,0.047,0.041,0.07,0.05
GJS2 5mm,poprawne_adi,GJS.2,POPRAWNE_ADI\GJS.2_5mm_1000x,POPRAWNE_ADI\GJS.2_5mm_1000x\GJS.2_5mm_1000x-160.jpg,GJS.2_5mm_1000x-160.jpg,5.0,870,90,370,90,1006.0,844.4,12.1,,318.0,HB,3.47,2.6,0.29,0.012,0.047,0.041,0.07,0.05
GJS2 5mm,poprawne_adi,GJS.2,POPRAWNE_ADI\GJS.2_5mm_1000x,POPRAWNE_ADI\GJS.2_5mm_1000x\GJS.2_5mm_1000x-161.jpg,GJS.2_5mm_1000x-161.jpg,5.0,870,90,370,90,1006.0,844.4,12.1,,318.0,HB,3.47,2.6,0.29,0.012,0.047,0.041,0.07,0.05
GJS2 5mm,poprawne_adi,GJS.2,POPRAWNE_ADI\GJS.2_5mm_1000x,POPRAWNE_ADI\GJS.2_5mm_1000x\GJS.2_5mm_1000x-162.jpg,GJS.2_5mm_1000x-162.jpg,5.0,870,90,370,90,1006.0,844.4,12.1,,318.0,HB,3.47,2.6,0.29,0.012,0.047,0.041,0.07,0.05
GJS2 5mm,poprawne_adi,GJS.2,POPRAWNE_ADI\GJS.2_5mm_1000x,POPRAWNE_ADI\GJS.2_5mm_1000x\GJS.2_5mm_1000x-163.jpg,GJS.2_5mm_1000x-163.jpg,5.0,870,90,370,90,1006.0,844.4,12.1,,318.0,HB,3.47,2.6,0.29,0.012,0.047,0.041,0.07,0.05
GJS2 5mm,poprawne_adi,GJS.2,POPRAWNE_ADI\GJS.2_5mm_1000x,POPRAWNE_ADI\GJS.2_5mm_1000x\GJS.2_5mm_1000x-164.jpg,GJS.2_5mm_1000x-164.jpg,5.0,870,90,370,90,1006.0,844.4,12.1,,318.0,HB,3.47,2.6,0.29,0.012,0.047,0.041,0.07,0.05
GJS2 5mm,poprawne_adi,GJS.2,POPRAWNE_ADI\GJS.2_5mm_1000x,POPRAWNE_ADI\GJS.2_5mm_1000x\GJS.2_5mm_1000x-165.jpg,GJS.2_5mm_1000x-165.jpg,5.0,870,90,370,90,1006.0,844.4,12.1,,318.0,HB,3.47,2.6,0.29,0.012,0.047,0.041,0.07,0.05
GJS2 5mm,poprawne_adi,GJS.2,POPRAWNE_ADI\GJS.2_5mm_1000x,POPRAWNE_ADI\GJS.2_5mm_1000x\GJS.2_5mm_1000x-166.jpg,GJS.2_5mm_1000x-166.jpg,5.0,870,90,370,90,1006.0,844.4,12.1,,318.0,HB,3.47,2.6,0.29,0.012,0.047,0.041,0.07,0.05
GJS2 5mm,poprawne_adi,GJS.2,POPRAWNE_ADI\GJS.2_5mm_1000x,POPRAWNE_ADI\GJS.2_5mm_1000x\GJS.2_5mm_1000x-167.jpg,GJS.2_5mm_1000x-167.jpg,5.0,870,90,370,90,1006.0,844.4,12.1,,318.0,HB,3.47,2.6,0.29,0.012,0.047,0.041,0.07,0.05
GJS2 5mm,poprawne_adi,GJS.2,POPRAWNE_ADI\GJS.2_5mm_1000x,POPRAWNE_ADI\GJS.2_5mm_1000x\GJS.2_5mm_1000x-168.jpg,GJS.2_5mm_1000x-168.jpg,5.0,870,90,370,90,1006.0,844.4,12.1,,318.0,HB,3.47,2.6,0.29,0.012,0.047,0.041,0.07,0.05
GJS2 5mm,poprawne_adi,GJS.2,POPRAWNE_ADI\GJS.2_5mm_1000x,POPRAWNE_ADI\GJS.2_5mm_1000x\GJS.2_5mm_1000x-169.jpg,GJS.2_5mm_1000x-169.jpg,5.0,870,90,370,90,1006.0,844.4,12.1,,318.0,HB,3.47,2.6,0.29,0.012,0.047,0.041,0.07,0.05
GJS2 5mm,poprawne_adi,GJS.2,POPRAWNE_ADI\GJS.2_5mm_1000x,POPRAWNE_ADI\GJS.2_5mm_1000x\GJS.2_5mm_1000x-170.jpg,GJS.2_5mm_1000x-170.jpg,5.0,870,90,370,90,1006.0,844.4,12.1,,318.0,HB,3.47,2.6,0.29,0.012,0.047,0.041,0.07,0.05
GJS2 5mm,poprawne_adi,GJS.2,POPRAWNE_ADI\GJS.2_5mm_1000x,POPRAWNE_ADI\GJS.2_5mm_1000x\GJS.2_5mm_1000x-171.jpg,GJS.2_5mm_1000x-171.jpg,5.0,870,90,370,90,1006.0,844.4,12.1,,318.0,HB,3.47,2.6,0.29,0.012,0.047,0.041,0.07,0.05
GJS2 5mm,poprawne_adi,GJS.2,POPRAWNE_ADI\GJS.2_5mm_1000x,POPRAWNE_ADI\GJS.2_5mm_1000x\GJS.2_5mm_1000x-172.jpg,GJS.2_5mm_1000x-172.jpg,5.0,870,90,370,90,1006.0,844.4,12.1,,318.0,HB,3.47,2.6,0.29,0.012,0.047,0.041,0.07,0.05
GJS2 5mm,poprawne_adi,GJS.2,POPRAWNE_ADI\GJS.2_5mm_1000x,POPRAWNE_ADI\GJS.2_5mm_1000x\GJS.2_5mm_1000x-173.jpg,GJS.2_5mm_1000x-173.jpg,5.0,870,90,370,90,1006.0,844.4,12.1,,318.0,HB,3.47,2.6,0.29,0.012,0.047,0.041,0.07,0.05
GJS2 5mm,poprawne_adi,GJS.2,POPRAWNE_ADI\GJS.2_5mm_1000x,POPRAWNE_ADI\GJS.2_5mm_1000x\GJS.2_5mm_1000x-174.jpg,GJS.2_5mm_1000x-174.jpg,5.0,870,90,370,90,1006.0,844.4,12.1,,318.0,HB,3.47,2.6,0.29,0.012,0.047,0.041,0.07,0.05
GJS2 5mm,poprawne_adi,GJS.2,POPRAWNE_ADI\GJS.2_5mm_1000x,POPRAWNE_ADI\GJS.2_5mm_1000x\GJS.2_5mm_1000x-175.jpg,GJS.2_5mm_1000x-175.jpg,5.0,870,90,370,90,1006.0,844.4,12.1,,318.0,HB,3.47,2.6,0.29,0.012,0.047,0.041,0.07,0.05
GJS2 5mm,poprawne_adi,GJS.2,POPRAWNE_ADI\GJS.2_5mm_1000x,POPRAWNE_ADI\GJS.2_5mm_1000x\GJS.2_5mm_1000x-176.jpg,GJS.2_5mm_1000x-176.jpg,5.0,870,90,370,90,1006.0,844.4,12.1,,318.0,HB,3.47,2.6,0.29,0.012,0.047,0.041,0.07,0.05
GJS2 5mm,poprawne_adi,GJS.2,POPRAWNE_ADI\GJS.2_5mm_1000x,POPRAWNE_ADI\GJS.2_5mm_1000x\GJS.2_5mm_1000x-177.jpg,GJS.2_5mm_1000x-177.jpg,5.0,870,90,370,90,1006.0,844.4,12.1,,318.0,HB,3.47,2.6,0.29,0.012,0.047,0.041,0.07,0.05
GJS2 5mm,poprawne_adi,GJS.2,POPRAWNE_ADI\GJS.2_5mm_1000x,POPRAWNE_ADI\GJS.2_5mm_1000x\GJS.2_5mm_1000x-178.jpg,GJS.2_5mm_1000x-178.jpg,5.0,870,90,370,90,1006.0,844.4,12.1,,318.0,HB,3.47,2.6,0.29,0.012,0.047,0.041,0.07,0.05
GJS2 5mm,poprawne_adi,GJS.2,POPRAWNE_ADI\GJS.2_5mm_1000x,POPRAWNE_ADI\GJS.2_5mm_1000x\GJS.2_5mm_1000x-179.jpg,GJS.2_5mm_1000x-179.jpg,5.0,870,90,370,90,1006.0,844.4,12.1,,318.0,HB,3.47,2.6,0.29,0.012,0.047,0.041,0.07,0.05
GJS2 5mm,poprawne_adi,GJS.2,POPRAWNE_ADI\GJS.2_5mm_1000x,POPRAWNE_ADI\GJS.2_5mm_1000x\GJS.2_5mm_1000x-180.jpg,GJS.2_5mm_1000x-180.jpg,5.0,870,90,370,90,1006.0,844.4,12.1,,318.0,HB,3.47,2.6,0.29,0.012,0.047,0.041,0.07,0.05
GJS2 5mm,poprawne_adi,GJS.2,POPRAWNE_ADI\GJS.2_5mm_1000x,POPRAWNE_ADI\GJS.2_5mm_1000x\GJS.2_5mm_1000x-181.jpg,GJS.2_5mm_1000x-181.jpg,5.0,870,90,370,90,1006.0,844.4,12.1,,318.0,HB,3.47,2.6,0.29,0.012,0.047,0.041,0.07,0.05
GJS2 5mm,poprawne_adi,GJS.2,POPRAWNE_ADI\GJS.2_5mm_1000x,POPRAWNE_ADI\GJS.2_5mm_1000x\GJS.2_5mm_1000x-182.jpg,GJS.2_5mm_1000x-182.jpg,5.0,870,90,370,90,1006.0,844.4,12.1,,318.0,HB,3.47,2.6,0.29,0.012,0.047,0.041,0.07,0.05
GJS2 5mm,poprawne_adi,GJS.2,POPRAWNE_ADI\GJS.2_5mm_1000x,POPRAWNE_ADI\GJS.2_5mm_1000x\GJS.2_5mm_1000x-183.jpg,GJS.2_5mm_1000x-183.jpg,5.0,870,90,370,90,1006.0,844.4,12.1,,318.0,HB,3.47,2.6,0.29,0.012,0.047,0.041,0.07,0.05
GJS2 5mm,poprawne_adi,GJS.2,POPRAWNE_ADI\GJS.2_5mm_1000x,POPRAWNE_ADI\GJS.2_5mm_1000x\GJS.2_5mm_1000x-184.jpg,GJS.2_5mm_1000x-184.jpg,5.0,870,90,370,90,1006.0,844.4,12.1,,318.0,HB,3.47,2.6,0.29,0.012,0.047,0.041,0.07,0.05
GJS2 5mm,poprawne_adi,GJS.2,POPRAWNE_ADI\GJS.2_5mm_1000x,POPRAWNE_ADI\GJS.2_5mm_1000x\GJS.2_5mm_1000x-185.jpg,GJS.2_5mm_1000x-185.jpg,5.0,870,90,370,90,1006.0,844.4,12.1,,318.0,HB,3.47,2.6,0.29,0.012,0.047,0.041,0.07,0.05
GJS2 5mm,poprawne_adi,GJS.2,POPRAWNE_ADI\GJS.2_5mm_1000x,POPRAWNE_ADI\GJS.2_5mm_1000x\GJS.2_5mm_1000x-186.jpg,GJS.2_5mm_1000x-186.jpg,5.0,870,90,370,90,1006.0,844.4,12.1,,318.0,HB,3.47,2.6,0.29,0.012,0.047,0.041,0.07,0.05
GJS2 5mm,poprawne_adi,GJS.2,POPRAWNE_ADI\GJS.2_5mm_1000x,POPRAWNE_ADI\GJS.2_5mm_1000x\GJS.2_5mm_1000x-187.jpg,GJS.2_5mm_1000x-187.jpg,5.0,870,90,370,90,1006.0,844.4,12.1,,318.0,HB,3.47,2.6,0.29,0.012,0.047,0.041,0.07,0.05
GJS2 5mm,poprawne_adi,GJS.2,POPRAWNE_ADI\GJS.2_5mm_1000x,POPRAWNE_ADI\GJS.2_5mm_1000x\GJS.2_5mm_1000x-188.jpg,GJS.2_5mm_1000x-188.jpg,5.0,870,90,370,90,1006.0,844.4,12.1,,318.0,HB,3.47,2.6,0.29,0.012,0.047,0.041,0.07,0.05
GJS2 5mm,poprawne_adi,GJS.2,POPRAWNE_ADI\GJS.2_5mm_1000x,POPRAWNE_ADI\GJS.2_5mm_1000x\GJS.2_5mm_1000x-189.jpg,GJS.2_5mm_1000x-189.jpg,5.0,870,90,370,90,1006.0,844.4,12.1,,318.0,HB,3.47,2.6,0.29,0.012,0.047,0.041,0.07,0.05
GJS2 5mm,poprawne_adi,GJS.2,POPRAWNE_ADI\GJS.2_5mm_1000x,POPRAWNE_ADI\GJS.2_5mm_1000x\GJS.2_5mm_1000x-190.jpg,GJS.2_5mm_1000x-190.jpg,5.0,870,90,370,90,1006.0,844.4,12.1,,318.0,HB,3.47,2.6,0.29,0.012,0.047,0.041,0.07,0.05
GJS2 5mm,poprawne_adi,GJS.2,POPRAWNE_ADI\GJS.2_5mm_1000x,POPRAWNE_ADI\GJS.2_5mm_1000x\GJS.2_5mm_1000x-191.jpg,GJS.2_5mm_1000x-191.jpg,5.0,870,90,370,90,1006.0,844.4,12.1,,318.0,HB,3.47,2.6,0.29,0.012,0.047,0.041,0.07,0.05
GJS2 5mm,poprawne_adi,GJS.2,POPRAWNE_ADI\GJS.2_5mm_1000x,POPRAWNE_ADI\GJS.2_5mm_1000x\GJS.2_5mm_1000x-192.jpg,GJS.2_5mm_1000x-192.jpg,5.0,870,90,370,90,1006.0,844.4,12.1,,318.0,HB,3.47,2.6,0.29,0.012,0.047,0.041,0.07,0.05
GJS2 5mm,poprawne_adi,GJS.2,POPRAWNE_ADI\GJS.2_5mm_1000x,POPRAWNE_ADI\GJS.2_5mm_1000x\GJS.2_5mm_1000x-193.jpg,GJS.2_5mm_1000x-193.jpg,5.0,870,90,370,90,1006.0,844.4,12.1,,318.0,HB,3.47,2.6,0.29,0.012,0.047,0.041,0.07,0.05
GJS2 5mm,poprawne_adi,GJS.2,POPRAWNE_ADI\GJS.2_5mm_1000x,POPRAWNE_ADI\GJS.2_5mm_1000x\GJS.2_5mm_1000x-194.jpg,GJS.2_5mm_1000x-194.jpg,5.0,870,90,370,90,1006.0,844.4,12.1,,318.0,HB,3.47,2.6,0.29,0.012,0.047,0.041,0.07,0.05
GJS2 5mm,poprawne_adi,GJS.2,POPRAWNE_ADI\GJS.2_5mm_1000x,POPRAWNE_ADI\GJS.2_5mm_1000x\GJS.2_5mm_1000x-195.jpg,GJS.2_5mm_1000x-195.jpg,5.0,870,90,370,90,1006.0,844.4,12.1,,318.0,HB,3.47,2.6,0.29,0.012,0.047,0.041,0.07,0.05
GJS2 5mm,poprawne_adi,GJS.2,POPRAWNE_ADI\GJS.2_5mm_1000x,POPRAWNE_ADI\GJS.2_5mm_1000x\GJS.2_5mm_1000x-196.jpg,GJS.2_5mm_1000x-196.jpg,5.0,870,90,370,90,1006.0,844.4,12.1,,318.0,HB,3.47,2.6,0.29,0.012,0.047,0.041,0.07,0.05
GJS2 5mm,poprawne_adi,GJS.2,POPRAWNE_ADI\GJS.2_5mm_1000x,POPRAWNE_ADI\GJS.2_5mm_1000x\GJS.2_5mm_1000x-197.jpg,GJS.2_5mm_1000x-197.jpg,5.0,870,90,370,90,1006.0,844.4,12.1,,318.0,HB,3.47,2.6,0.29,0.012,0.047,0.041,0.07,0.05
GJS2 5mm,poprawne_adi,GJS.2,POPRAWNE_ADI\GJS.2_5mm_1000x,POPRAWNE_ADI\GJS.2_5mm_1000x\GJS.2_5mm_1000x-198.jpg,GJS.2_5mm_1000x-198.jpg,5.0,870,90,370,90,1006.0,844.4,12.1,,318.0,HB,3.47,2.6,0.29,0.012,0.047,0.041,0.07,0.05
GJS2 5mm,poprawne_adi,GJS.2,POPRAWNE_ADI\GJS.2_5mm_1000x,POPRAWNE_ADI\GJS.2_5mm_1000x\GJS.2_5mm_1000x-199.jpg,GJS.2_5mm_1000x-199.jpg,5.0,870,90,370,90,1006.0,844.4,12.1,,318.0,HB,3.47,2.6,0.29,0.012,0.047,0.041,0.07,0.05
GJS2 5mm,poprawne_adi,GJS.2,POPRAWNE_ADI\GJS.2_5mm_1000x,POPRAWNE_ADI\GJS.2_5mm_1000x\GJS.2_5mm_1000x-200.jpg,GJS.2_5mm_1000x-200.jpg,5.0,870,90,370,90,1006.0,844.4,12.1,,318.0,HB,3.47,2.6,0.29,0.012,0.047,0.041,0.07,0.05
GJS2 13mm,poprawne_adi,GJS.2,POPRAWNE_ADI\GJS.2_13mm_1000x,POPRAWNE_ADI\GJS.2_13mm_1000x\GJS.2_13mm_1000x-001.jpg,GJS.2_13mm_1000x-001.jpg,13.0,870,120,370,120,970.6,744.7,13.8,137.6,306.0,HB,3.47,2.6,0.29,0.012,0.047,0.041,0.07,0.05
GJS2 13mm,poprawne_adi,GJS.2,POPRAWNE_ADI\GJS.2_13mm_1000x,POPRAWNE_ADI\GJS.2_13mm_1000x\GJS.2_13mm_1000x-002.jpg,GJS.2_13mm_1000x-002.jpg,13.0,870,120,370,120,970.6,744.7,13.8,137.6,306.0,HB,3.47,2.6,0.29,0.012,0.047,0.041,0.07,0.05
GJS2 13mm,poprawne_adi,GJS.2,POPRAWNE_ADI\GJS.2_13mm_1000x,POPRAWNE_ADI\GJS.2_13mm_1000x\GJS.2_13mm_1000x-003.jpg,GJS.2_13mm_1000x-003.jpg,13.0,870,120,370,120,970.6,744.7,13.8,137.6,306.0,HB,3.47,2.6,0.29,0.012,0.047,0.041,0.07,0.05
GJS2 13mm,poprawne_adi,GJS.2,POPRAWNE_ADI\GJS.2_13mm_1000x,POPRAWNE_ADI\GJS.2_13mm_1000x\GJS.2_13mm_1000x-004.jpg,GJS.2_13mm_1000x-004.jpg,13.0,870,120,370,120,970.6,744.7,13.8,137.6,306.0,HB,3.47,2.6,0.29,0.012,0.047,0.041,0.07,0.05
GJS2 13mm,poprawne_adi,GJS.2,POPRAWNE_ADI\GJS.2_13mm_1000x,POPRAWNE_ADI\GJS.2_13mm_1000x\GJS.2_13mm_1000x-005.jpg,GJS.2_13mm_1000x-005.jpg,13.0,870,120,370,120,970.6,744.7,13.8,137.6,306.0,HB,3.47,2.6,0.29,0.012,0.047,0.041,0.07,0.05
GJS2 13mm,poprawne_adi,GJS.2,POPRAWNE_ADI\GJS.2_13mm_1000x,POPRAWNE_ADI\GJS.2_13mm_1000x\GJS.2_13mm_1000x-006.jpg,GJS.2_13mm_1000x-006.jpg,13.0,870,120,370,120,970.6,744.7,13.8,137.6,306.0,HB,3.47,2.6,0.29,0.012,0.047,0.041,0.07,0.05
GJS2 13mm,poprawne_adi,GJS.2,POPRAWNE_ADI\GJS.2_13mm_1000x,POPRAWNE_ADI\GJS.2_13mm_1000x\GJS.2_13mm_1000x-007.jpg,GJS.2_13mm_1000x-007.jpg,13.0,870,120,370,120,970.6,744.7,13.8,137.6,306.0,HB,3.47,2.6,0.29,0.012,0.047,0.041,0.07,0.05
GJS2 13mm,poprawne_adi,GJS.2,POPRAWNE_ADI\GJS.2_13mm_1000x,POPRAWNE_ADI\GJS.2_13mm_1000x\GJS.2_13mm_1000x-008.jpg,GJS.2_13mm_1000x-008.jpg,13.0,870,120,370,120,970.6,744.7,13.8,137.6,306.0,HB,3.47,2.6,0.29,0.012,0.047,0.041,0.07,0.05
GJS2 13mm,poprawne_adi,GJS.2,POPRAWNE_ADI\GJS.2_13mm_1000x,POPRAWNE_ADI\GJS.2_13mm_1000x\GJS.2_13mm_1000x-009.jpg,GJS.2_13mm_1000x-009.jpg,13.0,870,120,370,120,970.6,744.7,13.8,137.6,306.0,HB,3.47,2.6,0.29,0.012,0.047,0.041,0.07,0.05
GJS2 13mm,poprawne_adi,GJS.2,POPRAWNE_ADI\GJS.2_13mm_1000x,POPRAWNE_ADI\GJS.2_13mm_1000x\GJS.2_13mm_1000x-010.jpg,GJS.2_13mm_1000x-010.jpg,13.0,870,120,370,120,970.6,744.7,13.8,137.6,306.0,HB,3.47,2.6,0.29,0.012,0.047,0.041,0.07,0.05
GJS2 13mm,poprawne_adi,GJS.2,POPRAWNE_ADI\GJS.2_13mm_1000x,POPRAWNE_ADI\GJS.2_13mm_1000x\GJS.2_13mm_1000x-011.jpg,GJS.2_13mm_1000x-011.jpg,13.0,870,120,370,120,970.6,744.7,13.8,137.6,306.0,HB,3.47,2.6,0.29,0.012,0.047,0.041,0.07,0.05
GJS2 13mm,poprawne_adi,GJS.2,POPRAWNE_ADI\GJS.2_13mm_1000x,POPRAWNE_ADI\GJS.2_13mm_1000x\GJS.2_13mm_1000x-012.jpg,GJS.2_13mm_1000x-012.jpg,13.0,870,120,370,120,970.6,744.7,13.8,137.6,306.0,HB,3.47,2.6,0.29,0.012,0.047,0.041,0.07,0.05
GJS2 13mm,poprawne_adi,GJS.2,POPRAWNE_ADI\GJS.2_13mm_1000x,POPRAWNE_ADI\GJS.2_13mm_1000x\GJS.2_13mm_1000x-013.jpg,GJS.2_13mm_1000x-013.jpg,13.0,870,120,370,120,970.6,744.7,13.8,137.6,306.0,HB,3.47,2.6,0.29,0.012,0.047,0.041,0.07,0.05
GJS2 13mm,poprawne_adi,GJS.2,POPRAWNE_ADI\GJS.2_13mm_1000x,POPRAWNE_ADI\GJS.2_13mm_1000x\GJS.2_13mm_1000x-014.jpg,GJS.2_13mm_1000x-014.jpg,13.0,870,120,370,120,970.6,744.7,13.8,137.6,306.0,HB,3.47,2.6,0.29,0.012,0.047,0.041,0.07,0.05
GJS2 13mm,poprawne_adi,GJS.2,POPRAWNE_ADI\GJS.2_13mm_1000x,POPRAWNE_ADI\GJS.2_13mm_1000x\GJS.2_13mm_1000x-015.jpg,GJS.2_13mm_1000x-015.jpg,13.0,870,120,370,120,970.6,744.7,13.8,137.6,306.0,HB,3.47,2.6,0.29,0.012,0.047,0.041,0.07,0.05
GJS2 13mm,poprawne_adi,GJS.2,POPRAWNE_ADI\GJS.2_13mm_1000x,POPRAWNE_ADI\GJS.2_13mm_1000x\GJS.2_13mm_1000x-016.jpg,GJS.2_13mm_1000x-016.jpg,13.0,870,120,370,120,970.6,744.7,13.8,137.6,306.0,HB,3.47,2.6,0.29,0.012,0.047,0.041,0.07,0.05
GJS2 13mm,poprawne_adi,GJS.2,POPRAWNE_ADI\GJS.2_13mm_1000x,POPRAWNE_ADI\GJS.2_13mm_1000x\GJS.2_13mm_1000x-017.jpg,GJS.2_13mm_1000x-017.jpg,13.0,870,120,370,120,970.6,744.7,13.8,137.6,306.0,HB,3.47,2.6,0.29,0.012,0.047,0.041,0.07,0.05
GJS2 13mm,poprawne_adi,GJS.2,POPRAWNE_ADI\GJS.2_13mm_1000x,POPRAWNE_ADI\GJS.2_13mm_1000x\GJS.2_13mm_1000x-018.jpg,GJS.2_13mm_1000x-018.jpg,13.0,870,120,370,120,970.6,744.7,13.8,137.6,306.0,HB,3.47,2.6,0.29,0.012,0.047,0.041,0.07,0.05
GJS2 13mm,poprawne_adi,GJS.2,POPRAWNE_ADI\GJS.2_13mm_1000x,POPRAWNE_ADI\GJS.2_13mm_1000x\GJS.2_13mm_1000x-019.jpg,GJS.2_13mm_1000x-019.jpg,13.0,870,120,370,120,970.6,744.7,13.8,137.6,306.0,HB,3.47,2.6,0.29,0.012,0.047,0.041,0.07,0.05
GJS2 13mm,poprawne_adi,GJS.2,POPRAWNE_ADI\GJS.2_13mm_1000x,POPRAWNE_ADI\GJS.2_13mm_1000x\GJS.2_13mm_1000x-020.jpg,GJS.2_13mm_1000x-020.jpg,13.0,870,120,370,120,970.6,744.7,13.8,137.6,306.0,HB,3.47,2.6,0.29,0.012,0.047,0.041,0.07,0.05
GJS2 13mm,poprawne_adi,GJS.2,POPRAWNE_ADI\GJS.2_13mm_1000x,POPRAWNE_ADI\GJS.2_13mm_1000x\GJS.2_13mm_1000x-021.jpg,GJS.2_13mm_1000x-021.jpg,13.0,870,120,370,120,970.6,744.7,13.8,137.6,306.0,HB,3.47,2.6,0.29,0.012,0.047,0.041,0.07,0.05
GJS2 13mm,poprawne_adi,GJS.2,POPRAWNE_ADI\GJS.2_13mm_1000x,POPRAWNE_ADI\GJS.2_13mm_1000x\GJS.2_13mm_1000x-022.jpg,GJS.2_13mm_1000x-022.jpg,13.0,870,120,370,120,970.6,744.7,13.8,137.6,306.0,HB,3.47,2.6,0.29,0.012,0.047,0.041,0.07,0.05
GJS2 13mm,poprawne_adi,GJS.2,POPRAWNE_ADI\GJS.2_13mm_1000x,POPRAWNE_ADI\GJS.2_13mm_1000x\GJS.2_13mm_1000x-023.jpg,GJS.2_13mm_1000x-023.jpg,13.0,870,120,370,120,970.6,744.7,13.8,137.6,306.0,HB,3.47,2.6,0.29,0.012,0.047,0.041,0.07,0.05
GJS2 13mm,poprawne_adi,GJS.2,POPRAWNE_ADI\GJS.2_13mm_1000x,POPRAWNE_ADI\GJS.2_13mm_1000x\GJS.2_13mm_1000x-024.jpg,GJS.2_13mm_1000x-024.jpg,13.0,870,120,370,120,970.6,744.7,13.8,137.6,306.0,HB,3.47,2.6,0.29,0.012,0.047,0.041,0.07,0.05
GJS2 13mm,poprawne_adi,GJS.2,POPRAWNE_ADI\GJS.2_13mm_1000x,POPRAWNE_ADI\GJS.2_13mm_1000x\GJS.2_13mm_1000x-025.jpg,GJS.2_13mm_1000x-025.jpg,13.0,870,120,370,120,970.6,744.7,13.8,137.6,306.0,HB,3.47,2.6,0.29,0.012,0.047,0.041,0.07,0.05
GJS2 13mm,poprawne_adi,GJS.2,POPRAWNE_ADI\GJS.2_13mm_1000x,POPRAWNE_ADI\GJS.2_13mm_1000x\GJS.2_13mm_1000x-026.jpg,GJS.2_13mm_1000x-026.jpg,13.0,870,120,370,120,970.6,744.7,13.8,137.6,306.0,HB,3.47,2.6,0.29,0.012,0.047,0.041,0.07,0.05
GJS2 13mm,poprawne_adi,GJS.2,POPRAWNE_ADI\GJS.2_13mm_1000x,POPRAWNE_ADI\GJS.2_13mm_1000x\GJS.2_13mm_1000x-027.jpg,GJS.2_13mm_1000x-027.jpg,13.0,870,120,370,120,970.6,744.7,13.8,137.6,306.0,HB,3.47,2.6,0.29,0.012,0.047,0.041,0.07,0.05
GJS2 13mm,poprawne_adi,GJS.2,POPRAWNE_ADI\GJS.2_13mm_1000x,POPRAWNE_ADI\GJS.2_13mm_1000x\GJS.2_13mm_1000x-028.jpg,GJS.2_13mm_1000x-028.jpg,13.0,870,120,370,120,970.6,744.7,13.8,137.6,306.0,HB,3.47,2.6,0.29,0.012,0.047,0.041,0.07,0.05
GJS2 13mm,poprawne_adi,GJS.2,POPRAWNE_ADI\GJS.2_13mm_1000x,POPRAWNE_ADI\GJS.2_13mm_1000x\GJS.2_13mm_1000x-029.jpg,GJS.2_13mm_1000x-029.jpg,13.0,870,120,370,120,970.6,744.7,13.8,137.6,306.0,HB,3.47,2.6,0.29,0.012,0.047,0.041,0.07,0.05
GJS2 13mm,poprawne_adi,GJS.2,POPRAWNE_ADI\GJS.2_13mm_1000x,POPRAWNE_ADI\GJS.2_13mm_1000x\GJS.2_13mm_1000x-030.jpg,GJS.2_13mm_1000x-030.jpg,13.0,870,120,370,120,970.6,744.7,13.8,137.6,306.0,HB,3.47,2.6,0.29,0.012,0.047,0.041,0.07,0.05
GJS2 13mm,poprawne_adi,GJS.2,POPRAWNE_ADI\GJS.2_13mm_1000x,POPRAWNE_ADI\GJS.2_13mm_1000x\GJS.2_13mm_1000x-031.jpg,GJS.2_13mm_1000x-031.jpg,13.0,870,120,370,120,970.6,744.7,13.8,137.6,306.0,HB,3.47,2.6,0.29,0.012,0.047,0.041,0.07,0.05
GJS2 13mm,poprawne_adi,GJS.2,POPRAWNE_ADI\GJS.2_13mm_1000x,POPRAWNE_ADI\GJS.2_13mm_1000x\GJS.2_13mm_1000x-032.jpg,GJS.2_13mm_1000x-032.jpg,13.0,870,120,370,120,970.6,744.7,13.8,137.6,306.0,HB,3.47,2.6,0.29,0.012,0.047,0.041,0.07,0.05
GJS2 13mm,poprawne_adi,GJS.2,POPRAWNE_ADI\GJS.2_13mm_1000x,POPRAWNE_ADI\GJS.2_13mm_1000x\GJS.2_13mm_1000x-033.jpg,GJS.2_13mm_1000x-033.jpg,13.0,870,120,370,120,970.6,744.7,13.8,137.6,306.0,HB,3.47,2.6,0.29,0.012,0.047,0.041,0.07,0.05
GJS2 13mm,poprawne_adi,GJS.2,POPRAWNE_ADI\GJS.2_13mm_1000x,POPRAWNE_ADI\GJS.2_13mm_1000x\GJS.2_13mm_1000x-034.jpg,GJS.2_13mm_1000x-034.jpg,13.0,870,120,370,120,970.6,744.7,13.8,137.6,306.0,HB,3.47,2.6,0.29,0.012,0.047,0.041,0.07,0.05
GJS2 13mm,poprawne_adi,GJS.2,POPRAWNE_ADI\GJS.2_13mm_1000x,POPRAWNE_ADI\GJS.2_13mm_1000x\GJS.2_13mm_1000x-035.jpg,GJS.2_13mm_1000x-035.jpg,13.0,870,120,370,120,970.6,744.7,13.8,137.6,306.0,HB,3.47,2.6,0.29,0.012,0.047,0.041,0.07,0.05
GJS2 13mm,poprawne_adi,GJS.2,POPRAWNE_ADI\GJS.2_13mm_1000x,POPRAWNE_ADI\GJS.2_13mm_1000x\GJS.2_13mm_1000x-036.jpg,GJS.2_13mm_1000x-036.jpg,13.0,870,120,370,120,970.6,744.7,13.8,137.6,306.0,HB,3.47,2.6,0.29,0.012,0.047,0.041,0.07,0.05
GJS2 13mm,poprawne_adi,GJS.2,POPRAWNE_ADI\GJS.2_13mm_1000x,POPRAWNE_ADI\GJS.2_13mm_1000x\GJS.2_13mm_1000x-037.jpg,GJS.2_13mm_1000x-037.jpg,13.0,870,120,370,120,970.6,744.7,13.8,137.6,306.0,HB,3.47,2.6,0.29,0.012,0.047,0.041,0.07,0.05
GJS2 13mm,poprawne_adi,GJS.2,POPRAWNE_ADI\GJS.2_13mm_1000x,POPRAWNE_ADI\GJS.2_13mm_1000x\GJS.2_13mm_1000x-038.jpg,GJS.2_13mm_1000x-038.jpg,13.0,870,120,370,120,970.6,744.7,13.8,137.6,306.0,HB,3.47,2.6,0.29,0.012,0.047,0.041,0.07,0.05
GJS2 13mm,poprawne_adi,GJS.2,POPRAWNE_ADI\GJS.2_13mm_1000x,POPRAWNE_ADI\GJS.2_13mm_1000x\GJS.2_13mm_1000x-039.jpg,GJS.2_13mm_1000x-039.jpg,13.0,870,120,370,120,970.6,744.7,13.8,137.6,306.0,HB,3.47,2.6,0.29,0.012,0.047,0.041,0.07,0.05
GJS2 13mm,poprawne_adi,GJS.2,POPRAWNE_ADI\GJS.2_13mm_1000x,POPRAWNE_ADI\GJS.2_13mm_1000x\GJS.2_13mm_1000x-040.jpg,GJS.2_13mm_1000x-040.jpg,13.0,870,120,370,120,970.6,744.7,13.8,137.6,306.0,HB,3.47,2.6,0.29,0.012,0.047,0.041,0.07,0.05
GJS2 13mm,poprawne_adi,GJS.2,POPRAWNE_ADI\GJS.2_13mm_1000x,POPRAWNE_ADI\GJS.2_13mm_1000x\GJS.2_13mm_1000x-041.jpg,GJS.2_13mm_1000x-041.jpg,13.0,870,120,370,120,970.6,744.7,13.8,137.6,306.0,HB,3.47,2.6,0.29,0.012,0.047,0.041,0.07,0.05
GJS2 13mm,poprawne_adi,GJS.2,POPRAWNE_ADI\GJS.2_13mm_1000x,POPRAWNE_ADI\GJS.2_13mm_1000x\GJS.2_13mm_1000x-042.jpg,GJS.2_13mm_1000x-042.jpg,13.0,870,120,370,120,970.6,744.7,13.8,137.6,306.0,HB,3.47,2.6,0.29,0.012,0.047,0.041,0.07,0.05
GJS2 13mm,poprawne_adi,GJS.2,POPRAWNE_ADI\GJS.2_13mm_1000x,POPRAWNE_ADI\GJS.2_13mm_1000x\GJS.2_13mm_1000x-043.jpg,GJS.2_13mm_1000x-043.jpg,13.0,870,120,370,120,970.6,744.7,13.8,137.6,306.0,HB,3.47,2.6,0.29,0.012,0.047,0.041,0.07,0.05
GJS2 13mm,poprawne_adi,GJS.2,POPRAWNE_ADI\GJS.2_13mm_1000x,POPRAWNE_ADI\GJS.2_13mm_1000x\GJS.2_13mm_1000x-044.jpg,GJS.2_13mm_1000x-044.jpg,13.0,870,120,370,120,970.6,744.7,13.8,137.6,306.0,HB,3.47,2.6,0.29,0.012,0.047,0.041,0.07,0.05
GJS2 13mm,poprawne_adi,GJS.2,POPRAWNE_ADI\GJS.2_13mm_1000x,POPRAWNE_ADI\GJS.2_13mm_1000x\GJS.2_13mm_1000x-045.jpg,GJS.2_13mm_1000x-045.jpg,13.0,870,120,370,120,970.6,744.7,13.8,137.6,306.0,HB,3.47,2.6,0.29,0.012,0.047,0.041,0.07,0.05
GJS2 13mm,poprawne_adi,GJS.2,POPRAWNE_ADI\GJS.2_13mm_1000x,POPRAWNE_ADI\GJS.2_13mm_1000x\GJS.2_13mm_1000x-046.jpg,GJS.2_13mm_1000x-046.jpg,13.0,870,120,370,120,970.6,744.7,13.8,137.6,306.0,HB,3.47,2.6,0.29,0.012,0.047,0.041,0.07,0.05
GJS2 13mm,poprawne_adi,GJS.2,POPRAWNE_ADI\GJS.2_13mm_1000x,POPRAWNE_ADI\GJS.2_13mm_1000x\GJS.2_13mm_1000x-047.jpg,GJS.2_13mm_1000x-047.jpg,13.0,870,120,370,120,970.6,744.7,13.8,137.6,306.0,HB,3.47,2.6,0.29,0.012,0.047,0.041,0.07,0.05
GJS2 13mm,poprawne_adi,GJS.2,POPRAWNE_ADI\GJS.2_13mm_1000x,POPRAWNE_ADI\GJS.2_13mm_1000x\GJS.2_13mm_1000x-048.jpg,GJS.2_13mm_1000x-048.jpg,13.0,870,120,370,120,970.6,744.7,13.8,137.6,306.0,HB,3.47,2.6,0.29,0.012,0.047,0.041,0.07,0.05
GJS2 13mm,poprawne_adi,GJS.2,POPRAWNE_ADI\GJS.2_13mm_1000x,POPRAWNE_ADI\GJS.2_13mm_1000x\GJS.2_13mm_1000x-049.jpg,GJS.2_13mm_1000x-049.jpg,13.0,870,120,370,120,970.6,744.7,13.8,137.6,306.0,HB,3.47,2.6,0.29,0.012,0.047,0.041,0.07,0.05
GJS2 13mm,poprawne_adi,GJS.2,POPRAWNE_ADI\GJS.2_13mm_1000x,POPRAWNE_ADI\GJS.2_13mm_1000x\GJS.2_13mm_1000x-050.jpg,GJS.2_13mm_1000x-050.jpg,13.0,870,120,370,120,970.6,744.7,13.8,137.6,306.0,HB,3.47,2.6,0.29,0.012,0.047,0.041,0.07,0.05
GJS2 13mm,poprawne_adi,GJS.2,POPRAWNE_ADI\GJS.2_13mm_1000x,POPRAWNE_ADI\GJS.2_13mm_1000x\GJS.2_13mm_1000x-051.jpg,GJS.2_13mm_1000x-051.jpg,13.0,870,120,370,120,970.6,744.7,13.8,137.6,306.0,HB,3.47,2.6,0.29,0.012,0.047,0.041,0.07,0.05
GJS2 13mm,poprawne_adi,GJS.2,POPRAWNE_ADI\GJS.2_13mm_1000x,POPRAWNE_ADI\GJS.2_13mm_1000x\GJS.2_13mm_1000x-052.jpg,GJS.2_13mm_1000x-052.jpg,13.0,870,120,370,120,970.6,744.7,13.8,137.6,306.0,HB,3.47,2.6,0.29,0.012,0.047,0.041,0.07,0.05
GJS2 13mm,poprawne_adi,GJS.2,POPRAWNE_ADI\GJS.2_13mm_1000x,POPRAWNE_ADI\GJS.2_13mm_1000x\GJS.2_13mm_1000x-053.jpg,GJS.2_13mm_1000x-053.jpg,13.0,870,120,370,120,970.6,744.7,13.8,137.6,306.0,HB,3.47,2.6,0.29,0.012,0.047,0.041,0.07,0.05
GJS2 13mm,poprawne_adi,GJS.2,POPRAWNE_ADI\GJS.2_13mm_1000x,POPRAWNE_ADI\GJS.2_13mm_1000x\GJS.2_13mm_1000x-054.jpg,GJS.2_13mm_1000x-054.jpg,13.0,870,120,370,120,970.6,744.7,13.8,137.6,306.0,HB,3.47,2.6,0.29,0.012,0.047,0.041,0.07,0.05
GJS2 13mm,poprawne_adi,GJS.2,POPRAWNE_ADI\GJS.2_13mm_1000x,POPRAWNE_ADI\GJS.2_13mm_1000x\GJS.2_13mm_1000x-055.jpg,GJS.2_13mm_1000x-055.jpg,13.0,870,120,370,120,970.6,744.7,13.8,137.6,306.0,HB,3.47,2.6,0.29,0.012,0.047,0.041,0.07,0.05
GJS2 13mm,poprawne_adi,GJS.2,POPRAWNE_ADI\GJS.2_13mm_1000x,POPRAWNE_ADI\GJS.2_13mm_1000x\GJS.2_13mm_1000x-056.jpg,GJS.2_13mm_1000x-056.jpg,13.0,870,120,370,120,970.6,744.7,13.8,137.6,306.0,HB,3.47,2.6,0.29,0.012,0.047,0.041,0.07,0.05
GJS2 13mm,poprawne_adi,GJS.2,POPRAWNE_ADI\GJS.2_13mm_1000x,POPRAWNE_ADI\GJS.2_13mm_1000x\GJS.2_13mm_1000x-057.jpg,GJS.2_13mm_1000x-057.jpg,13.0,870,120,370,120,970.6,744.7,13.8,137.6,306.0,HB,3.47,2.6,0.29,0.012,0.047,0.041,0.07,0.05
GJS2 13mm,poprawne_adi,GJS.2,POPRAWNE_ADI\GJS.2_13mm_1000x,POPRAWNE_ADI\GJS.2_13mm_1000x\GJS.2_13mm_1000x-058.jpg,GJS.2_13mm_1000x-058.jpg,13.0,870,120,370,120,970.6,744.7,13.8,137.6,306.0,HB,3.47,2.6,0.29,0.012,0.047,0.041,0.07,0.05
GJS2 13mm,poprawne_adi,GJS.2,POPRAWNE_ADI\GJS.2_13mm_1000x,POPRAWNE_ADI\GJS.2_13mm_1000x\GJS.2_13mm_1000x-059.jpg,GJS.2_13mm_1000x-059.jpg,13.0,870,120,370,120,970.6,744.7,13.8,137.6,306.0,HB,3.47,2.6,0.29,0.012,0.047,0.041,0.07,0.05
GJS2 13mm,poprawne_adi,GJS.2,POPRAWNE_ADI\GJS.2_13mm_1000x,POPRAWNE_ADI\GJS.2_13mm_1000x\GJS.2_13mm_1000x-060.jpg,GJS.2_13mm_1000x-060.jpg,13.0,870,120,370,120,970.6,744.7,13.8,137.6,306.0,HB,3.47,2.6,0.29,0.012,0.047,0.041,0.07,0.05
GJS2 13mm,poprawne_adi,GJS.2,POPRAWNE_ADI\GJS.2_13mm_1000x,POPRAWNE_ADI\GJS.2_13mm_1000x\GJS.2_13mm_1000x-061.jpg,GJS.2_13mm_1000x-061.jpg,13.0,870,120,370,120,970.6,744.7,13.8,137.6,306.0,HB,3.47,2.6,0.29,0.012,0.047,0.041,0.07,0.05
GJS2 13mm,poprawne_adi,GJS.2,POPRAWNE_ADI\GJS.2_13mm_1000x,POPRAWNE_ADI\GJS.2_13mm_1000x\GJS.2_13mm_1000x-062.jpg,GJS.2_13mm_1000x-062.jpg,13.0,870,120,370,120,970.6,744.7,13.8,137.6,306.0,HB,3.47,2.6,0.29,0.012,0.047,0.041,0.07,0.05
GJS2 13mm,poprawne_adi,GJS.2,POPRAWNE_ADI\GJS.2_13mm_1000x,POPRAWNE_ADI\GJS.2_13mm_1000x\GJS.2_13mm_1000x-063.jpg,GJS.2_13mm_1000x-063.jpg,13.0,870,120,370,120,970.6,744.7,13.8,137.6,306.0,HB,3.47,2.6,0.29,0.012,0.047,0.041,0.07,0.05
GJS2 13mm,poprawne_adi,GJS.2,POPRAWNE_ADI\GJS.2_13mm_1000x,POPRAWNE_ADI\GJS.2_13mm_1000x\GJS.2_13mm_1000x-064.jpg,GJS.2_13mm_1000x-064.jpg,13.0,870,120,370,120,970.6,744.7,13.8,137.6,306.0,HB,3.47,2.6,0.29,0.012,0.047,0.041,0.07,0.05
GJS2 13mm,poprawne_adi,GJS.2,POPRAWNE_ADI\GJS.2_13mm_1000x,POPRAWNE_ADI\GJS.2_13mm_1000x\GJS.2_13mm_1000x-065.jpg,GJS.2_13mm_1000x-065.jpg,13.0,870,120,370,120,970.6,744.7,13.8,137.6,306.0,HB,3.47,2.6,0.29,0.012,0.047,0.041,0.07,0.05
GJS2 13mm,poprawne_adi,GJS.2,POPRAWNE_ADI\GJS.2_13mm_1000x,POPRAWNE_ADI\GJS.2_13mm_1000x\GJS.2_13mm_1000x-066.jpg,GJS.2_13mm_1000x-066.jpg,13.0,870,120,370,120,970.6,744.7,13.8,137.6,306.0,HB,3.47,2.6,0.29,0.012,0.047,0.041,0.07,0.05
GJS2 13mm,poprawne_adi,GJS.2,POPRAWNE_ADI\GJS.2_13mm_1000x,POPRAWNE_ADI\GJS.2_13mm_1000x\GJS.2_13mm_1000x-067.jpg,GJS.2_13mm_1000x-067.jpg,13.0,870,120,370,120,970.6,744.7,13.8,137.6,306.0,HB,3.47,2.6,0.29,0.012,0.047,0.041,0.07,0.05
GJS2 13mm,poprawne_adi,GJS.2,POPRAWNE_ADI\GJS.2_13mm_1000x,POPRAWNE_ADI\GJS.2_13mm_1000x\GJS.2_13mm_1000x-068.jpg,GJS.2_13mm_1000x-068.jpg,13.0,870,120,370,120,970.6,744.7,13.8,137.6,306.0,HB,3.47,2.6,0.29,0.012,0.047,0.041,0.07,0.05
GJS2 13mm,poprawne_adi,GJS.2,POPRAWNE_ADI\GJS.2_13mm_1000x,POPRAWNE_ADI\GJS.2_13mm_1000x\GJS.2_13mm_1000x-069.jpg,GJS.2_13mm_1000x-069.jpg,13.0,870,120,370,120,970.6,744.7,13.8,137.6,306.0,HB,3.47,2.6,0.29,0.012,0.047,0.041,0.07,0.05
GJS2 13mm,poprawne_adi,GJS.2,POPRAWNE_ADI\GJS.2_13mm_1000x,POPRAWNE_ADI\GJS.2_13mm_1000x\GJS.2_13mm_1000x-070.jpg,GJS.2_13mm_1000x-070.jpg,13.0,870,120,370,120,970.6,744.7,13.8,137.6,306.0,HB,3.47,2.6,0.29,0.012,0.047,0.041,0.07,0.05
GJS2 13mm,poprawne_adi,GJS.2,POPRAWNE_ADI\GJS.2_13mm_1000x,POPRAWNE_ADI\GJS.2_13mm_1000x\GJS.2_13mm_1000x-071.jpg,GJS.2_13mm_1000x-071.jpg,13.0,870,120,370,120,970.6,744.7,13.8,137.6,306.0,HB,3.47,2.6,0.29,0.012,0.047,0.041,0.07,0.05
GJS2 13mm,poprawne_adi,GJS.2,POPRAWNE_ADI\GJS.2_13mm_1000x,POPRAWNE_ADI\GJS.2_13mm_1000x\GJS.2_13mm_1000x-072.jpg,GJS.2_13mm_1000x-072.jpg,13.0,870,120,370,120,970.6,744.7,13.8,137.6,306.0,HB,3.47,2.6,0.29,0.012,0.047,0.041,0.07,0.05
GJS2 13mm,poprawne_adi,GJS.2,POPRAWNE_ADI\GJS.2_13mm_1000x,POPRAWNE_ADI\GJS.2_13mm_1000x\GJS.2_13mm_1000x-073.jpg,GJS.2_13mm_1000x-073.jpg,13.0,870,120,370,120,970.6,744.7,13.8,137.6,306.0,HB,3.47,2.6,0.29,0.012,0.047,0.041,0.07,0.05
GJS2 13mm,poprawne_adi,GJS.2,POPRAWNE_ADI\GJS.2_13mm_1000x,POPRAWNE_ADI\GJS.2_13mm_1000x\GJS.2_13mm_1000x-074.jpg,GJS.2_13mm_1000x-074.jpg,13.0,870,120,370,120,970.6,744.7,13.8,137.6,306.0,HB,3.47,2.6,0.29,0.012,0.047,0.041,0.07,0.05
GJS2 13mm,poprawne_adi,GJS.2,POPRAWNE_ADI\GJS.2_13mm_1000x,POPRAWNE_ADI\GJS.2_13mm_1000x\GJS.2_13mm_1000x-075.jpg,GJS.2_13mm_1000x-075.jpg,13.0,870,120,370,120,970.6,744.7,13.8,137.6,306.0,HB,3.47,2.6,0.29,0.012,0.047,0.041,0.07,0.05
GJS2 13mm,poprawne_adi,GJS.2,POPRAWNE_ADI\GJS.2_13mm_1000x,POPRAWNE_ADI\GJS.2_13mm_1000x\GJS.2_13mm_1000x-076.jpg,GJS.2_13mm_1000x-076.jpg,13.0,870,120,370,120,970.6,744.7,13.8,137.6,306.0,HB,3.47,2.6,0.29,0.012,0.047,0.041,0.07,0.05
GJS2 13mm,poprawne_adi,GJS.2,POPRAWNE_ADI\GJS.2_13mm_1000x,POPRAWNE_ADI\GJS.2_13mm_1000x\GJS.2_13mm_1000x-077.jpg,GJS.2_13mm_1000x-077.jpg,13.0,870,120,370,120,970.6,744.7,13.8,137.6,306.0,HB,3.47,2.6,0.29,0.012,0.047,0.041,0.07,0.05
GJS2 13mm,poprawne_adi,GJS.2,POPRAWNE_ADI\GJS.2_13mm_1000x,POPRAWNE_ADI\GJS.2_13mm_1000x\GJS.2_13mm_1000x-078.jpg,GJS.2_13mm_1000x-078.jpg,13.0,870,120,370,120,970.6,744.7,13.8,137.6,306.0,HB,3.47,2.6,0.29,0.012,0.047,0.041,0.07,0.05
GJS2 13mm,poprawne_adi,GJS.2,POPRAWNE_ADI\GJS.2_13mm_1000x,POPRAWNE_ADI\GJS.2_13mm_1000x\GJS.2_13mm_1000x-079.jpg,GJS.2_13mm_1000x-079.jpg,13.0,870,120,370,120,970.6,744.7,13.8,137.6,306.0,HB,3.47,2.6,0.29,0.012,0.047,0.041,0.07,0.05
GJS2 13mm,poprawne_adi,GJS.2,POPRAWNE_ADI\GJS.2_13mm_1000x,POPRAWNE_ADI\GJS.2_13mm_1000x\GJS.2_13mm_1000x-080.jpg,GJS.2_13mm_1000x-080.jpg,13.0,870,120,370,120,970.6,744.7,13.8,137.6,306.0,HB,3.47,2.6,0.29,0.012,0.047,0.041,0.07,0.05
GJS2 13mm,poprawne_adi,GJS.2,POPRAWNE_ADI\GJS.2_13mm_1000x,POPRAWNE_ADI\GJS.2_13mm_1000x\GJS.2_13mm_1000x-081.jpg,GJS.2_13mm_1000x-081.jpg,13.0,870,120,370,120,970.6,744.7,13.8,137.6,306.0,HB,3.47,2.6,0.29,0.012,0.047,0.041,0.07,0.05
GJS2 13mm,poprawne_adi,GJS.2,POPRAWNE_ADI\GJS.2_13mm_1000x,POPRAWNE_ADI\GJS.2_13mm_1000x\GJS.2_13mm_1000x-082.jpg,GJS.2_13mm_1000x-082.jpg,13.0,870,120,370,120,970.6,744.7,13.8,137.6,306.0,HB,3.47,2.6,0.29,0.012,0.047,0.041,0.07,0.05
GJS2 13mm,poprawne_adi,GJS.2,POPRAWNE_ADI\GJS.2_13mm_1000x,POPRAWNE_ADI\GJS.2_13mm_1000x\GJS.2_13mm_1000x-083.jpg,GJS.2_13mm_1000x-083.jpg,13.0,870,120,370,120,970.6,744.7,13.8,137.6,306.0,HB,3.47,2.6,0.29,0.012,0.047,0.041,0.07,0.05
GJS2 13mm,poprawne_adi,GJS.2,POPRAWNE_ADI\GJS.2_13mm_1000x,POPRAWNE_ADI\GJS.2_13mm_1000x\GJS.2_13mm_1000x-084.jpg,GJS.2_13mm_1000x-084.jpg,13.0,870,120,370,120,970.6,744.7,13.8,137.6,306.0,HB,3.47,2.6,0.29,0.012,0.047,0.041,0.07,0.05
GJS2 13mm,poprawne_adi,GJS.2,POPRAWNE_ADI\GJS.2_13mm_1000x,POPRAWNE_ADI\GJS.2_13mm_1000x\GJS.2_13mm_1000x-085.jpg,GJS.2_13mm_1000x-085.jpg,13.0,870,120,370,120,970.6,744.7,13.8,137.6,306.0,HB,3.47,2.6,0.29,0.012,0.047,0.041,0.07,0.05
GJS2 13mm,poprawne_adi,GJS.2,POPRAWNE_ADI\GJS.2_13mm_1000x,POPRAWNE_ADI\GJS.2_13mm_1000x\GJS.2_13mm_1000x-086.jpg,GJS.2_13mm_1000x-086.jpg,13.0,870,120,370,120,970.6,744.7,13.8,137.6,306.0,HB,3.47,2.6,0.29,0.012,0.047,0.041,0.07,0.05
GJS2 13mm,poprawne_adi,GJS.2,POPRAWNE_ADI\GJS.2_13mm_1000x,POPRAWNE_ADI\GJS.2_13mm_1000x\GJS.2_13mm_1000x-087.jpg,GJS.2_13mm_1000x-087.jpg,13.0,870,120,370,120,970.6,744.7,13.8,137.6,306.0,HB,3.47,2.6,0.29,0.012,0.047,0.041,0.07,0.05
GJS2 13mm,poprawne_adi,GJS.2,POPRAWNE_ADI\GJS.2_13mm_1000x,POPRAWNE_ADI\GJS.2_13mm_1000x\GJS.2_13mm_1000x-088.jpg,GJS.2_13mm_1000x-088.jpg,13.0,870,120,370,120,970.6,744.7,13.8,137.6,306.0,HB,3.47,2.6,0.29,0.012,0.047,0.041,0.07,0.05
GJS2 13mm,poprawne_adi,GJS.2,POPRAWNE_ADI\GJS.2_13mm_1000x,POPRAWNE_ADI\GJS.2_13mm_1000x\GJS.2_13mm_1000x-089.jpg,GJS.2_13mm_1000x-089.jpg,13.0,870,120,370,120,970.6,744.7,13.8,137.6,306.0,HB,3.47,2.6,0.29,0.012,0.047,0.041,0.07,0.05
GJS2 13mm,poprawne_adi,GJS.2,POPRAWNE_ADI\GJS.2_13mm_1000x,POPRAWNE_ADI\GJS.2_13mm_1000x\GJS.2_13mm_1000x-090.jpg,GJS.2_13mm_1000x-090.jpg,13.0,870,120,370,120,970.6,744.7,13.8,137.6,306.0,HB,3.47,2.6,0.29,0.012,0.047,0.041,0.07,0.05
GJS2 13mm,poprawne_adi,GJS.2,POPRAWNE_ADI\GJS.2_13mm_1000x,POPRAWNE_ADI\GJS.2_13mm_1000x\GJS.2_13mm_1000x-091.jpg,GJS.2_13mm_1000x-091.jpg,13.0,870,120,370,120,970.6,744.7,13.8,137.6,306.0,HB,3.47,2.6,0.29,0.012,0.047,0.041,0.07,0.05
GJS2 13mm,poprawne_adi,GJS.2,POPRAWNE_ADI\GJS.2_13mm_1000x,POPRAWNE_ADI\GJS.2_13mm_1000x\GJS.2_13mm_1000x-092.jpg,GJS.2_13mm_1000x-092.jpg,13.0,870,120,370,120,970.6,744.7,13.8,137.6,306.0,HB,3.47,2.6,0.29,0.012,0.047,0.041,0.07,0.05
GJS2 13mm,poprawne_adi,GJS.2,POPRAWNE_ADI\GJS.2_13mm_1000x,POPRAWNE_ADI\GJS.2_13mm_1000x\GJS.2_13mm_1000x-093.jpg,GJS.2_13mm_1000x-093.jpg,13.0,870,120,370,120,970.6,744.7,13.8,137.6,306.0,HB,3.47,2.6,0.29,0.012,0.047,0.041,0.07,0.05
GJS2 13mm,poprawne_adi,GJS.2,POPRAWNE_ADI\GJS.2_13mm_1000x,POPRAWNE_ADI\GJS.2_13mm_1000x\GJS.2_13mm_1000x-094.jpg,GJS.2_13mm_1000x-094.jpg,13.0,870,120,370,120,970.6,744.7,13.8,137.6,306.0,HB,3.47,2.6,0.29,0.012,0.047,0.041,0.07,0.05
GJS2 13mm,poprawne_adi,GJS.2,POPRAWNE_ADI\GJS.2_13mm_1000x,POPRAWNE_ADI\GJS.2_13mm_1000x\GJS.2_13mm_1000x-095.jpg,GJS.2_13mm_1000x-095.jpg,13.0,870,120,370,120,970.6,744.7,13.8,137.6,306.0,HB,3.47,2.6,0.29,0.012,0.047,0.041,0.07,0.05
GJS2 13mm,poprawne_adi,GJS.2,POPRAWNE_ADI\GJS.2_13mm_1000x,POPRAWNE_ADI\GJS.2_13mm_1000x\GJS.2_13mm_1000x-096.jpg,GJS.2_13mm_1000x-096.jpg,13.0,870,120,370,120,970.6,744.7,13.8,137.6,306.0,HB,3.47,2.6,0.29,0.012,0.047,0.041,0.07,0.05
GJS2 13mm,poprawne_adi,GJS.2,POPRAWNE_ADI\GJS.2_13mm_1000x,POPRAWNE_ADI\GJS.2_13mm_1000x\GJS.2_13mm_1000x-097.jpg,GJS.2_13mm_1000x-097.jpg,13.0,870,120,370,120,970.6,744.7,13.8,137.6,306.0,HB,3.47,2.6,0.29,0.012,0.047,0.041,0.07,0.05
GJS2 13mm,poprawne_adi,GJS.2,POPRAWNE_ADI\GJS.2_13mm_1000x,POPRAWNE_ADI\GJS.2_13mm_1000x\GJS.2_13mm_1000x-098.jpg,GJS.2_13mm_1000x-098.jpg,13.0,870,120,370,120,970.6,744.7,13.8,137.6,306.0,HB,3.47,2.6,0.29,0.012,0.047,0.041,0.07,0.05
GJS2 13mm,poprawne_adi,GJS.2,POPRAWNE_ADI\GJS.2_13mm_1000x,POPRAWNE_ADI\GJS.2_13mm_1000x\GJS.2_13mm_1000x-099.jpg,GJS.2_13mm_1000x-099.jpg,13.0,870,120,370,120,970.6,744.7,13.8,137.6,306.0,HB,3.47,2.6,0.29,0.012,0.047,0.041,0.07,0.05
GJS2 13mm,poprawne_adi,GJS.2,POPRAWNE_ADI\GJS.2_13mm_1000x,POPRAWNE_ADI\GJS.2_13mm_1000x\GJS.2_13mm_1000x-100.jpg,GJS.2_13mm_1000x-100.jpg,13.0,870,120,370,120,970.6,744.7,13.8,137.6,306.0,HB,3.47,2.6,0.29,0.012,0.047,0.041,0.07,0.05
GJS2 13mm,poprawne_adi,GJS.2,POPRAWNE_ADI\GJS.2_13mm_1000x,POPRAWNE_ADI\GJS.2_13mm_1000x\GJS.2_13mm_1000x-101.jpg,GJS.2_13mm_1000x-101.jpg,13.0,870,120,370,120,970.6,744.7,13.8,137.6,306.0,HB,3.47,2.6,0.29,0.012,0.047,0.041,0.07,0.05
GJS2 13mm,poprawne_adi,GJS.2,POPRAWNE_ADI\GJS.2_13mm_1000x,POPRAWNE_ADI\GJS.2_13mm_1000x\GJS.2_13mm_1000x-102.jpg,GJS.2_13mm_1000x-102.jpg,13.0,870,120,370,120,970.6,744.7,13.8,137.6,306.0,HB,3.47,2.6,0.29,0.012,0.047,0.041,0.07,0.05
GJS2 13mm,poprawne_adi,GJS.2,POPRAWNE_ADI\GJS.2_13mm_1000x,POPRAWNE_ADI\GJS.2_13mm_1000x\GJS.2_13mm_1000x-103.jpg,GJS.2_13mm_1000x-103.jpg,13.0,870,120,370,120,970.6,744.7,13.8,137.6,306.0,HB,3.47,2.6,0.29,0.012,0.047,0.041,0.07,0.05
GJS2 13mm,poprawne_adi,GJS.2,POPRAWNE_ADI\GJS.2_13mm_1000x,POPRAWNE_ADI\GJS.2_13mm_1000x\GJS.2_13mm_1000x-104.jpg,GJS.2_13mm_1000x-104.jpg,13.0,870,120,370,120,970.6,744.7,13.8,137.6,306.0,HB,3.47,2.6,0.29,0.012,0.047,0.041,0.07,0.05
GJS2 13mm,poprawne_adi,GJS.2,POPRAWNE_ADI\GJS.2_13mm_1000x,POPRAWNE_ADI\GJS.2_13mm_1000x\GJS.2_13mm_1000x-105.jpg,GJS.2_13mm_1000x-105.jpg,13.0,870,120,370,120,970.6,744.7,13.8,137.6,306.0,HB,3.47,2.6,0.29,0.012,0.047,0.041,0.07,0.05
GJS2 13mm,poprawne_adi,GJS.2,POPRAWNE_ADI\GJS.2_13mm_1000x,POPRAWNE_ADI\GJS.2_13mm_1000x\GJS.2_13mm_1000x-106.jpg,GJS.2_13mm_1000x-106.jpg,13.0,870,120,370,120,970.6,744.7,13.8,137.6,306.0,HB,3.47,2.6,0.29,0.012,0.047,0.041,0.07,0.05
GJS2 13mm,poprawne_adi,GJS.2,POPRAWNE_ADI\GJS.2_13mm_1000x,POPRAWNE_ADI\GJS.2_13mm_1000x\GJS.2_13mm_1000x-107.jpg,GJS.2_13mm_1000x-107.jpg,13.0,870,120,370,120,970.6,744.7,13.8,137.6,306.0,HB,3.47,2.6,0.29,0.012,0.047,0.041,0.07,0.05
GJS2 13mm,poprawne_adi,GJS.2,POPRAWNE_ADI\GJS.2_13mm_1000x,POPRAWNE_ADI\GJS.2_13mm_1000x\GJS.2_13mm_1000x-108.jpg,GJS.2_13mm_1000x-108.jpg,13.0,870,120,370,120,970.6,744.7,13.8,137.6,306.0,HB,3.47,2.6,0.29,0.012,0.047,0.041,0.07,0.05
GJS2 13mm,poprawne_adi,GJS.2,POPRAWNE_ADI\GJS.2_13mm_1000x,POPRAWNE_ADI\GJS.2_13mm_1000x\GJS.2_13mm_1000x-109.jpg,GJS.2_13mm_1000x-109.jpg,13.0,870,120,370,120,970.6,744.7,13.8,137.6,306.0,HB,3.47,2.6,0.29,0.012,0.047,0.041,0.07,0.05
GJS2 13mm,poprawne_adi,GJS.2,POPRAWNE_ADI\GJS.2_13mm_1000x,POPRAWNE_ADI\GJS.2_13mm_1000x\GJS.2_13mm_1000x-110.jpg,GJS.2_13mm_1000x-110.jpg,13.0,870,120,370,120,970.6,744.7,13.8,137.6,306.0,HB,3.47,2.6,0.29,0.012,0.047,0.041,0.07,0.05
GJS2 13mm,poprawne_adi,GJS.2,POPRAWNE_ADI\GJS.2_13mm_1000x,POPRAWNE_ADI\GJS.2_13mm_1000x\GJS.2_13mm_1000x-111.jpg,GJS.2_13mm_1000x-111.jpg,13.0,870,120,370,120,970.6,744.7,13.8,137.6,306.0,HB,3.47,2.6,0.29,0.012,0.047,0.041,0.07,0.05
GJS2 13mm,poprawne_adi,GJS.2,POPRAWNE_ADI\GJS.2_13mm_1000x,POPRAWNE_ADI\GJS.2_13mm_1000x\GJS.2_13mm_1000x-112.jpg,GJS.2_13mm_1000x-112.jpg,13.0,870,120,370,120,970.6,744.7,13.8,137.6,306.0,HB,3.47,2.6,0.29,0.012,0.047,0.041,0.07,0.05
GJS2 13mm,poprawne_adi,GJS.2,POPRAWNE_ADI\GJS.2_13mm_1000x,POPRAWNE_ADI\GJS.2_13mm_1000x\GJS.2_13mm_1000x-113.jpg,GJS.2_13mm_1000x-113.jpg,13.0,870,120,370,120,970.6,744.7,13.8,137.6,306.0,HB,3.47,2.6,0.29,0.012,0.047,0.041,0.07,0.05
GJS2 13mm,poprawne_adi,GJS.2,POPRAWNE_ADI\GJS.2_13mm_1000x,POPRAWNE_ADI\GJS.2_13mm_1000x\GJS.2_13mm_1000x-114.jpg,GJS.2_13mm_1000x-114.jpg,13.0,870,120,370,120,970.6,744.7,13.8,137.6,306.0,HB,3.47,2.6,0.29,0.012,0.047,0.041,0.07,0.05
GJS2 13mm,poprawne_adi,GJS.2,POPRAWNE_ADI\GJS.2_13mm_1000x,POPRAWNE_ADI\GJS.2_13mm_1000x\GJS.2_13mm_1000x-115.jpg,GJS.2_13mm_1000x-115.jpg,13.0,870,120,370,120,970.6,744.7,13.8,137.6,306.0,HB,3.47,2.6,0.29,0.012,0.047,0.041,0.07,0.05
GJS2 13mm,poprawne_adi,GJS.2,POPRAWNE_ADI\GJS.2_13mm_1000x,POPRAWNE_ADI\GJS.2_13mm_1000x\GJS.2_13mm_1000x-116.jpg,GJS.2_13mm_1000x-116.jpg,13.0,870,120,370,120,970.6,744.7,13.8,137.6,306.0,HB,3.47,2.6,0.29,0.012,0.047,0.041,0.07,0.05
GJS2 13mm,poprawne_adi,GJS.2,POPRAWNE_ADI\GJS.2_13mm_1000x,POPRAWNE_ADI\GJS.2_13mm_1000x\GJS.2_13mm_1000x-117.jpg,GJS.2_13mm_1000x-117.jpg,13.0,870,120,370,120,970.6,744.7,13.8,137.6,306.0,HB,3.47,2.6,0.29,0.012,0.047,0.041,0.07,0.05
GJS2 13mm,poprawne_adi,GJS.2,POPRAWNE_ADI\GJS.2_13mm_1000x,POPRAWNE_ADI\GJS.2_13mm_1000x\GJS.2_13mm_1000x-118.jpg,GJS.2_13mm_1000x-118.jpg,13.0,870,120,370,120,970.6,744.7,13.8,137.6,306.0,HB,3.47,2.6,0.29,0.012,0.047,0.041,0.07,0.05
GJS2 13mm,poprawne_adi,GJS.2,POPRAWNE_ADI\GJS.2_13mm_1000x,POPRAWNE_ADI\GJS.2_13mm_1000x\GJS.2_13mm_1000x-119.jpg,GJS.2_13mm_1000x-119.jpg,13.0,870,120,370,120,970.6,744.7,13.8,137.6,306.0,HB,3.47,2.6,0.29,0.012,0.047,0.041,0.07,0.05
GJS2 13mm,poprawne_adi,GJS.2,POPRAWNE_ADI\GJS.2_13mm_1000x,POPRAWNE_ADI\GJS.2_13mm_1000x\GJS.2_13mm_1000x-120.jpg,GJS.2_13mm_1000x-120.jpg,13.0,870,120,370,120,970.6,744.7,13.8,137.6,306.0,HB,3.47,2.6,0.29,0.012,0.047,0.041,0.07,0.05
GJS2 13mm,poprawne_adi,GJS.2,POPRAWNE_ADI\GJS.2_13mm_1000x,POPRAWNE_ADI\GJS.2_13mm_1000x\GJS.2_13mm_1000x-121.jpg,GJS.2_13mm_1000x-121.jpg,13.0,870,120,370,120,970.6,744.7,13.8,137.6,306.0,HB,3.47,2.6,0.29,0.012,0.047,0.041,0.07,0.05
GJS2 13mm,poprawne_adi,GJS.2,POPRAWNE_ADI\GJS.2_13mm_1000x,POPRAWNE_ADI\GJS.2_13mm_1000x\GJS.2_13mm_1000x-122.jpg,GJS.2_13mm_1000x-122.jpg,13.0,870,120,370,120,970.6,744.7,13.8,137.6,306.0,HB,3.47,2.6,0.29,0.012,0.047,0.041,0.07,0.05
GJS2 13mm,poprawne_adi,GJS.2,POPRAWNE_ADI\GJS.2_13mm_1000x,POPRAWNE_ADI\GJS.2_13mm_1000x\GJS.2_13mm_1000x-123.jpg,GJS.2_13mm_1000x-123.jpg,13.0,870,120,370,120,970.6,744.7,13.8,137.6,306.0,HB,3.47,2.6,0.29,0.012,0.047,0.041,0.07,0.05
GJS2 13mm,poprawne_adi,GJS.2,POPRAWNE_ADI\GJS.2_13mm_1000x,POPRAWNE_ADI\GJS.2_13mm_1000x\GJS.2_13mm_1000x-124.jpg,GJS.2_13mm_1000x-124.jpg,13.0,870,120,370,120,970.6,744.7,13.8,137.6,306.0,HB,3.47,2.6,0.29,0.012,0.047,0.041,0.07,0.05
GJS2 13mm,poprawne_adi,GJS.2,POPRAWNE_ADI\GJS.2_13mm_1000x,POPRAWNE_ADI\GJS.2_13mm_1000x\GJS.2_13mm_1000x-125.jpg,GJS.2_13mm_1000x-125.jpg,13.0,870,120,370,120,970.6,744.7,13.8,137.6,306.0,HB,3.47,2.6,0.29,0.012,0.047,0.041,0.07,0.05
GJS2 13mm,poprawne_adi,GJS.2,POPRAWNE_ADI\GJS.2_13mm_1000x,POPRAWNE_ADI\GJS.2_13mm_1000x\GJS.2_13mm_1000x-126.jpg,GJS.2_13mm_1000x-126.jpg,13.0,870,120,370,120,970.6,744.7,13.8,137.6,306.0,HB,3.47,2.6,0.29,0.012,0.047,0.041,0.07,0.05
GJS2 13mm,poprawne_adi,GJS.2,POPRAWNE_ADI\GJS.2_13mm_1000x,POPRAWNE_ADI\GJS.2_13mm_1000x\GJS.2_13mm_1000x-127.jpg,GJS.2_13mm_1000x-127.jpg,13.0,870,120,370,120,970.6,744.7,13.8,137.6,306.0,HB,3.47,2.6,0.29,0.012,0.047,0.041,0.07,0.05
GJS2 13mm,poprawne_adi,GJS.2,POPRAWNE_ADI\GJS.2_13mm_1000x,POPRAWNE_ADI\GJS.2_13mm_1000x\GJS.2_13mm_1000x-128.jpg,GJS.2_13mm_1000x-128.jpg,13.0,870,120,370,120,970.6,744.7,13.8,137.6,306.0,HB,3.47,2.6,0.29,0.012,0.047,0.041,0.07,0.05
GJS2 13mm,poprawne_adi,GJS.2,POPRAWNE_ADI\GJS.2_13mm_1000x,POPRAWNE_ADI\GJS.2_13mm_1000x\GJS.2_13mm_1000x-129.jpg,GJS.2_13mm_1000x-129.jpg,13.0,870,120,370,120,970.6,744.7,13.8,137.6,306.0,HB,3.47,2.6,0.29,0.012,0.047,0.041,0.07,0.05
GJS2 13mm,poprawne_adi,GJS.2,POPRAWNE_ADI\GJS.2_13mm_1000x,POPRAWNE_ADI\GJS.2_13mm_1000x\GJS.2_13mm_1000x-130.jpg,GJS.2_13mm_1000x-130.jpg,13.0,870,120,370,120,970.6,744.7,13.8,137.6,306.0,HB,3.47,2.6,0.29,0.012,0.047,0.041,0.07,0.05
GJS2 13mm,poprawne_adi,GJS.2,POPRAWNE_ADI\GJS.2_13mm_1000x,POPRAWNE_ADI\GJS.2_13mm_1000x\GJS.2_13mm_1000x-131.jpg,GJS.2_13mm_1000x-131.jpg,13.0,870,120,370,120,970.6,744.7,13.8,137.6,306.0,HB,3.47,2.6,0.29,0.012,0.047,0.041,0.07,0.05
GJS2 13mm,poprawne_adi,GJS.2,POPRAWNE_ADI\GJS.2_13mm_1000x,POPRAWNE_ADI\GJS.2_13mm_1000x\GJS.2_13mm_1000x-132.jpg,GJS.2_13mm_1000x-132.jpg,13.0,870,120,370,120,970.6,744.7,13.8,137.6,306.0,HB,3.47,2.6,0.29,0.012,0.047,0.041,0.07,0.05
GJS2 13mm,poprawne_adi,GJS.2,POPRAWNE_ADI\GJS.2_13mm_1000x,POPRAWNE_ADI\GJS.2_13mm_1000x\GJS.2_13mm_1000x-133.jpg,GJS.2_13mm_1000x-133.jpg,13.0,870,120,370,120,970.6,744.7,13.8,137.6,306.0,HB,3.47,2.6,0.29,0.012,0.047,0.041,0.07,0.05
GJS2 13mm,poprawne_adi,GJS.2,POPRAWNE_ADI\GJS.2_13mm_1000x,POPRAWNE_ADI\GJS.2_13mm_1000x\GJS.2_13mm_1000x-134.jpg,GJS.2_13mm_1000x-134.jpg,13.0,870,120,370,120,970.6,744.7,13.8,137.6,306.0,HB,3.47,2.6,0.29,0.012,0.047,0.041,0.07,0.05
GJS2 13mm,poprawne_adi,GJS.2,POPRAWNE_ADI\GJS.2_13mm_1000x,POPRAWNE_ADI\GJS.2_13mm_1000x\GJS.2_13mm_1000x-135.jpg,GJS.2_13mm_1000x-135.jpg,13.0,870,120,370,120,970.6,744.7,13.8,137.6,306.0,HB,3.47,2.6,0.29,0.012,0.047,0.041,0.07,0.05
GJS2 13mm,poprawne_adi,GJS.2,POPRAWNE_ADI\GJS.2_13mm_1000x,POPRAWNE_ADI\GJS.2_13mm_1000x\GJS.2_13mm_1000x-136.jpg,GJS.2_13mm_1000x-136.jpg,13.0,870,120,370,120,970.6,744.7,13.8,137.6,306.0,HB,3.47,2.6,0.29,0.012,0.047,0.041,0.07,0.05
GJS2 13mm,poprawne_adi,GJS.2,POPRAWNE_ADI\GJS.2_13mm_1000x,POPRAWNE_ADI\GJS.2_13mm_1000x\GJS.2_13mm_1000x-137.jpg,GJS.2_13mm_1000x-137.jpg,13.0,870,120,370,120,970.6,744.7,13.8,137.6,306.0,HB,3.47,2.6,0.29,0.012,0.047,0.041,0.07,0.05
GJS2 13mm,poprawne_adi,GJS.2,POPRAWNE_ADI\GJS.2_13mm_1000x,POPRAWNE_ADI\GJS.2_13mm_1000x\GJS.2_13mm_1000x-138.jpg,GJS.2_13mm_1000x-138.jpg,13.0,870,120,370,120,970.6,744.7,13.8,137.6,306.0,HB,3.47,2.6,0.29,0.012,0.047,0.041,0.07,0.05
GJS2 13mm,poprawne_adi,GJS.2,POPRAWNE_ADI\GJS.2_13mm_1000x,POPRAWNE_ADI\GJS.2_13mm_1000x\GJS.2_13mm_1000x-139.jpg,GJS.2_13mm_1000x-139.jpg,13.0,870,120,370,120,970.6,744.7,13.8,137.6,306.0,HB,3.47,2.6,0.29,0.012,0.047,0.041,0.07,0.05
GJS2 13mm,poprawne_adi,GJS.2,POPRAWNE_ADI\GJS.2_13mm_1000x,POPRAWNE_ADI\GJS.2_13mm_1000x\GJS.2_13mm_1000x-140.jpg,GJS.2_13mm_1000x-140.jpg,13.0,870,120,370,120,970.6,744.7,13.8,137.6,306.0,HB,3.47,2.6,0.29,0.012,0.047,0.041,0.07,0.05
GJS2 13mm,poprawne_adi,GJS.2,POPRAWNE_ADI\GJS.2_13mm_1000x,POPRAWNE_ADI\GJS.2_13mm_1000x\GJS.2_13mm_1000x-141.jpg,GJS.2_13mm_1000x-141.jpg,13.0,870,120,370,120,970.6,744.7,13.8,137.6,306.0,HB,3.47,2.6,0.29,0.012,0.047,0.041,0.07,0.05
GJS2 13mm,poprawne_adi,GJS.2,POPRAWNE_ADI\GJS.2_13mm_1000x,POPRAWNE_ADI\GJS.2_13mm_1000x\GJS.2_13mm_1000x-142.jpg,GJS.2_13mm_1000x-142.jpg,13.0,870,120,370,120,970.6,744.7,13.8,137.6,306.0,HB,3.47,2.6,0.29,0.012,0.047,0.041,0.07,0.05
GJS2 13mm,poprawne_adi,GJS.2,POPRAWNE_ADI\GJS.2_13mm_1000x,POPRAWNE_ADI\GJS.2_13mm_1000x\GJS.2_13mm_1000x-143.jpg,GJS.2_13mm_1000x-143.jpg,13.0,870,120,370,120,970.6,744.7,13.8,137.6,306.0,HB,3.47,2.6,0.29,0.012,0.047,0.041,0.07,0.05
GJS2 13mm,poprawne_adi,GJS.2,POPRAWNE_ADI\GJS.2_13mm_1000x,POPRAWNE_ADI\GJS.2_13mm_1000x\GJS.2_13mm_1000x-144.jpg,GJS.2_13mm_1000x-144.jpg,13.0,870,120,370,120,970.6,744.7,13.8,137.6,306.0,HB,3.47,2.6,0.29,0.012,0.047,0.041,0.07,0.05
GJS2 13mm,poprawne_adi,GJS.2,POPRAWNE_ADI\GJS.2_13mm_1000x,POPRAWNE_ADI\GJS.2_13mm_1000x\GJS.2_13mm_1000x-145.jpg,GJS.2_13mm_1000x-145.jpg,13.0,870,120,370,120,970.6,744.7,13.8,137.6,306.0,HB,3.47,2.6,0.29,0.012,0.047,0.041,0.07,0.05
GJS2 13mm,poprawne_adi,GJS.2,POPRAWNE_ADI\GJS.2_13mm_1000x,POPRAWNE_ADI\GJS.2_13mm_1000x\GJS.2_13mm_1000x-146.jpg,GJS.2_13mm_1000x-146.jpg,13.0,870,120,370,120,970.6,744.7,13.8,137.6,306.0,HB,3.47,2.6,0.29,0.012,0.047,0.041,0.07,0.05
GJS2 13mm,poprawne_adi,GJS.2,POPRAWNE_ADI\GJS.2_13mm_1000x,POPRAWNE_ADI\GJS.2_13mm_1000x\GJS.2_13mm_1000x-147.jpg,GJS.2_13mm_1000x-147.jpg,13.0,870,120,370,120,970.6,744.7,13.8,137.6,306.0,HB,3.47,2.6,0.29,0.012,0.047,0.041,0.07,0.05
GJS2 13mm,poprawne_adi,GJS.2,POPRAWNE_ADI\GJS.2_13mm_1000x,POPRAWNE_ADI\GJS.2_13mm_1000x\GJS.2_13mm_1000x-148.jpg,GJS.2_13mm_1000x-148.jpg,13.0,870,120,370,120,970.6,744.7,13.8,137.6,306.0,HB,3.47,2.6,0.29,0.012,0.047,0.041,0.07,0.05
GJS2 13mm,poprawne_adi,GJS.2,POPRAWNE_ADI\GJS.2_13mm_1000x,POPRAWNE_ADI\GJS.2_13mm_1000x\GJS.2_13mm_1000x-149.jpg,GJS.2_13mm_1000x-149.jpg,13.0,870,120,370,120,970.6,744.7,13.8,137.6,306.0,HB,3.47,2.6,0.29,0.012,0.047,0.041,0.07,0.05
GJS2 13mm,poprawne_adi,GJS.2,POPRAWNE_ADI\GJS.2_13mm_1000x,POPRAWNE_ADI\GJS.2_13mm_1000x\GJS.2_13mm_1000x-150.jpg,GJS.2_13mm_1000x-150.jpg,13.0,870,120,370,120,970.6,744.7,13.8,137.6,306.0,HB,3.47,2.6,0.29,0.012,0.047,0.041,0.07,0.05
GJS2 13mm,poprawne_adi,GJS.2,POPRAWNE_ADI\GJS.2_13mm_1000x,POPRAWNE_ADI\GJS.2_13mm_1000x\GJS.2_13mm_1000x-151.jpg,GJS.2_13mm_1000x-151.jpg,13.0,870,120,370,120,970.6,744.7,13.8,137.6,306.0,HB,3.47,2.6,0.29,0.012,0.047,0.041,0.07,0.05
GJS2 13mm,poprawne_adi,GJS.2,POPRAWNE_ADI\GJS.2_13mm_1000x,POPRAWNE_ADI\GJS.2_13mm_1000x\GJS.2_13mm_1000x-152.jpg,GJS.2_13mm_1000x-152.jpg,13.0,870,120,370,120,970.6,744.7,13.8,137.6,306.0,HB,3.47,2.6,0.29,0.012,0.047,0.041,0.07,0.05
GJS2 13mm,poprawne_adi,GJS.2,POPRAWNE_ADI\GJS.2_13mm_1000x,POPRAWNE_ADI\GJS.2_13mm_1000x\GJS.2_13mm_1000x-153.jpg,GJS.2_13mm_1000x-153.jpg,13.0,870,120,370,120,970.6,744.7,13.8,137.6,306.0,HB,3.47,2.6,0.29,0.012,0.047,0.041,0.07,0.05
GJS2 13mm,poprawne_adi,GJS.2,POPRAWNE_ADI\GJS.2_13mm_1000x,POPRAWNE_ADI\GJS.2_13mm_1000x\GJS.2_13mm_1000x-154.jpg,GJS.2_13mm_1000x-154.jpg,13.0,870,120,370,120,970.6,744.7,13.8,137.6,306.0,HB,3.47,2.6,0.29,0.012,0.047,0.041,0.07,0.05
GJS2 13mm,poprawne_adi,GJS.2,POPRAWNE_ADI\GJS.2_13mm_1000x,POPRAWNE_ADI\GJS.2_13mm_1000x\GJS.2_13mm_1000x-155.jpg,GJS.2_13mm_1000x-155.jpg,13.0,870,120,370,120,970.6,744.7,13.8,137.6,306.0,HB,3.47,2.6,0.29,0.012,0.047,0.041,0.07,0.05
GJS2 13mm,poprawne_adi,GJS.2,POPRAWNE_ADI\GJS.2_13mm_1000x,POPRAWNE_ADI\GJS.2_13mm_1000x\GJS.2_13mm_1000x-156.jpg,GJS.2_13mm_1000x-156.jpg,13.0,870,120,370,120,970.6,744.7,13.8,137.6,306.0,HB,3.47,2.6,0.29,0.012,0.047,0.041,0.07,0.05
GJS2 13mm,poprawne_adi,GJS.2,POPRAWNE_ADI\GJS.2_13mm_1000x,POPRAWNE_ADI\GJS.2_13mm_1000x\GJS.2_13mm_1000x-157.jpg,GJS.2_13mm_1000x-157.jpg,13.0,870,120,370,120,970.6,744.7,13.8,137.6,306.0,HB,3.47,2.6,0.29,0.012,0.047,0.041,0.07,0.05
GJS2 13mm,poprawne_adi,GJS.2,POPRAWNE_ADI\GJS.2_13mm_1000x,POPRAWNE_ADI\GJS.2_13mm_1000x\GJS.2_13mm_1000x-158.jpg,GJS.2_13mm_1000x-158.jpg,13.0,870,120,370,120,970.6,744.7,13.8,137.6,306.0,HB,3.47,2.6,0.29,0.012,0.047,0.041,0.07,0.05
GJS2 13mm,poprawne_adi,GJS.2,POPRAWNE_ADI\GJS.2_13mm_1000x,POPRAWNE_ADI\GJS.2_13mm_1000x\GJS.2_13mm_1000x-159.jpg,GJS.2_13mm_1000x-159.jpg,13.0,870,120,370,120,970.6,744.7,13.8,137.6,306.0,HB,3.47,2.6,0.29,0.012,0.047,0.041,0.07,0.05
GJS2 13mm,poprawne_adi,GJS.2,POPRAWNE_ADI\GJS.2_13mm_1000x,POPRAWNE_ADI\GJS.2_13mm_1000x\GJS.2_13mm_1000x-160.jpg,GJS.2_13mm_1000x-160.jpg,13.0,870,120,370,120,970.6,744.7,13.8,137.6,306.0,HB,3.47,2.6,0.29,0.012,0.047,0.041,0.07,0.05
GJS2 13mm,poprawne_adi,GJS.2,POPRAWNE_ADI\GJS.2_13mm_1000x,POPRAWNE_ADI\GJS.2_13mm_1000x\GJS.2_13mm_1000x-161.jpg,GJS.2_13mm_1000x-161.jpg,13.0,870,120,370,120,970.6,744.7,13.8,137.6,306.0,HB,3.47,2.6,0.29,0.012,0.047,0.041,0.07,0.05
GJS2 13mm,poprawne_adi,GJS.2,POPRAWNE_ADI\GJS.2_13mm_1000x,POPRAWNE_ADI\GJS.2_13mm_1000x\GJS.2_13mm_1000x-162.jpg,GJS.2_13mm_1000x-162.jpg,13.0,870,120,370,120,970.6,744.7,13.8,137.6,306.0,HB,3.47,2.6,0.29,0.012,0.047,0.041,0.07,0.05
GJS2 13mm,poprawne_adi,GJS.2,POPRAWNE_ADI\GJS.2_13mm_1000x,POPRAWNE_ADI\GJS.2_13mm_1000x\GJS.2_13mm_1000x-163.jpg,GJS.2_13mm_1000x-163.jpg,13.0,870,120,370,120,970.6,744.7,13.8,137.6,306.0,HB,3.47,2.6,0.29,0.012,0.047,0.041,0.07,0.05
GJS2 13mm,poprawne_adi,GJS.2,POPRAWNE_ADI\GJS.2_13mm_1000x,POPRAWNE_ADI\GJS.2_13mm_1000x\GJS.2_13mm_1000x-164.jpg,GJS.2_13mm_1000x-164.jpg,13.0,870,120,370,120,970.6,744.7,13.8,137.6,306.0,HB,3.47,2.6,0.29,0.012,0.047,0.041,0.07,0.05
GJS2 13mm,poprawne_adi,GJS.2,POPRAWNE_ADI\GJS.2_13mm_1000x,POPRAWNE_ADI\GJS.2_13mm_1000x\GJS.2_13mm_1000x-165.jpg,GJS.2_13mm_1000x-165.jpg,13.0,870,120,370,120,970.6,744.7,13.8,137.6,306.0,HB,3.47,2.6,0.29,0.012,0.047,0.041,0.07,0.05
GJS2 13mm,poprawne_adi,GJS.2,POPRAWNE_ADI\GJS.2_13mm_1000x,POPRAWNE_ADI\GJS.2_13mm_1000x\GJS.2_13mm_1000x-166.jpg,GJS.2_13mm_1000x-166.jpg,13.0,870,120,370,120,970.6,744.7,13.8,137.6,306.0,HB,3.47,2.6,0.29,0.012,0.047,0.041,0.07,0.05
GJS2 13mm,poprawne_adi,GJS.2,POPRAWNE_ADI\GJS.2_13mm_1000x,POPRAWNE_ADI\GJS.2_13mm_1000x\GJS.2_13mm_1000x-167.jpg,GJS.2_13mm_1000x-167.jpg,13.0,870,120,370,120,970.6,744.7,13.8,137.6,306.0,HB,3.47,2.6,0.29,0.012,0.047,0.041,0.07,0.05
GJS2 13mm,poprawne_adi,GJS.2,POPRAWNE_ADI\GJS.2_13mm_1000x,POPRAWNE_ADI\GJS.2_13mm_1000x\GJS.2_13mm_1000x-168.jpg,GJS.2_13mm_1000x-168.jpg,13.0,870,120,370,120,970.6,744.7,13.8,137.6,306.0,HB,3.47,2.6,0.29,0.012,0.047,0.041,0.07,0.05
GJS2 13mm,poprawne_adi,GJS.2,POPRAWNE_ADI\GJS.2_13mm_1000x,POPRAWNE_ADI\GJS.2_13mm_1000x\GJS.2_13mm_1000x-169.jpg,GJS.2_13mm_1000x-169.jpg,13.0,870,120,370,120,970.6,744.7,13.8,137.6,306.0,HB,3.47,2.6,0.29,0.012,0.047,0.041,0.07,0.05
GJS2 13mm,poprawne_adi,GJS.2,POPRAWNE_ADI\GJS.2_13mm_1000x,POPRAWNE_ADI\GJS.2_13mm_1000x\GJS.2_13mm_1000x-170.jpg,GJS.2_13mm_1000x-170.jpg,13.0,870,120,370,120,970.6,744.7,13.8,137.6,306.0,HB,3.47,2.6,0.29,0.012,0.047,0.041,0.07,0.05
GJS2 13mm,poprawne_adi,GJS.2,POPRAWNE_ADI\GJS.2_13mm_1000x,POPRAWNE_ADI\GJS.2_13mm_1000x\GJS.2_13mm_1000x-171.jpg,GJS.2_13mm_1000x-171.jpg,13.0,870,120,370,120,970.6,744.7,13.8,137.6,306.0,HB,3.47,2.6,0.29,0.012,0.047,0.041,0.07,0.05
GJS2 13mm,poprawne_adi,GJS.2,POPRAWNE_ADI\GJS.2_13mm_1000x,POPRAWNE_ADI\GJS.2_13mm_1000x\GJS.2_13mm_1000x-172.jpg,GJS.2_13mm_1000x-172.jpg,13.0,870,120,370,120,970.6,744.7,13.8,137.6,306.0,HB,3.47,2.6,0.29,0.012,0.047,0.041,0.07,0.05
GJS2 13mm,poprawne_adi,GJS.2,POPRAWNE_ADI\GJS.2_13mm_1000x,POPRAWNE_ADI\GJS.2_13mm_1000x\GJS.2_13mm_1000x-173.jpg,GJS.2_13mm_1000x-173.jpg,13.0,870,120,370,120,970.6,744.7,13.8,137.6,306.0,HB,3.47,2.6,0.29,0.012,0.047,0.041,0.07,0.05
GJS2 13mm,poprawne_adi,GJS.2,POPRAWNE_ADI\GJS.2_13mm_1000x,POPRAWNE_ADI\GJS.2_13mm_1000x\GJS.2_13mm_1000x-174.jpg,GJS.2_13mm_1000x-174.jpg,13.0,870,120,370,120,970.6,744.7,13.8,137.6,306.0,HB,3.47,2.6,0.29,0.012,0.047,0.041,0.07,0.05
GJS2 13mm,poprawne_adi,GJS.2,POPRAWNE_ADI\GJS.2_13mm_1000x,POPRAWNE_ADI\GJS.2_13mm_1000x\GJS.2_13mm_1000x-175.jpg,GJS.2_13mm_1000x-175.jpg,13.0,870,120,370,120,970.6,744.7,13.8,137.6,306.0,HB,3.47,2.6,0.29,0.012,0.047,0.041,0.07,0.05
GJS2 13mm,poprawne_adi,GJS.2,POPRAWNE_ADI\GJS.2_13mm_1000x,POPRAWNE_ADI\GJS.2_13mm_1000x\GJS.2_13mm_1000x-176.jpg,GJS.2_13mm_1000x-176.jpg,13.0,870,120,370,120,970.6,744.7,13.8,137.6,306.0,HB,3.47,2.6,0.29,0.012,0.047,0.041,0.07,0.05
GJS2 13mm,poprawne_adi,GJS.2,POPRAWNE_ADI\GJS.2_13mm_1000x,POPRAWNE_ADI\GJS.2_13mm_1000x\GJS.2_13mm_1000x-177.jpg,GJS.2_13mm_1000x-177.jpg,13.0,870,120,370,120,970.6,744.7,13.8,137.6,306.0,HB,3.47,2.6,0.29,0.012,0.047,0.041,0.07,0.05
GJS2 13mm,poprawne_adi,GJS.2,POPRAWNE_ADI\GJS.2_13mm_1000x,POPRAWNE_ADI\GJS.2_13mm_1000x\GJS.2_13mm_1000x-178.jpg,GJS.2_13mm_1000x-178.jpg,13.0,870,120,370,120,970.6,744.7,13.8,137.6,306.0,HB,3.47,2.6,0.29,0.012,0.047,0.041,0.07,0.05
GJS2 13mm,poprawne_adi,GJS.2,POPRAWNE_ADI\GJS.2_13mm_1000x,POPRAWNE_ADI\GJS.2_13mm_1000x\GJS.2_13mm_1000x-179.jpg,GJS.2_13mm_1000x-179.jpg,13.0,870,120,370,120,970.6,744.7,13.8,137.6,306.0,HB,3.47,2.6,0.29,0.012,0.047,0.041,0.07,0.05
GJS2 13mm,poprawne_adi,GJS.2,POPRAWNE_ADI\GJS.2_13mm_1000x,POPRAWNE_ADI\GJS.2_13mm_1000x\GJS.2_13mm_1000x-180.jpg,GJS.2_13mm_1000x-180.jpg,13.0,870,120,370,120,970.6,744.7,13.8,137.6,306.0,HB,3.47,2.6,0.29,0.012,0.047,0.041,0.07,0.05
GJS2 13mm,poprawne_adi,GJS.2,POPRAWNE_ADI\GJS.2_13mm_1000x,POPRAWNE_ADI\GJS.2_13mm_1000x\GJS.2_13mm_1000x-181.jpg,GJS.2_13mm_1000x-181.jpg,13.0,870,120,370,120,970.6,744.7,13.8,137.6,306.0,HB,3.47,2.6,0.29,0.012,0.047,0.041,0.07,0.05
GJS2 13mm,poprawne_adi,GJS.2,POPRAWNE_ADI\GJS.2_13mm_1000x,POPRAWNE_ADI\GJS.2_13mm_1000x\GJS.2_13mm_1000x-182.jpg,GJS.2_13mm_1000x-182.jpg,13.0,870,120,370,120,970.6,744.7,13.8,137.6,306.0,HB,3.47,2.6,0.29,0.012,0.047,0.041,0.07,0.05
GJS2 13mm,poprawne_adi,GJS.2,POPRAWNE_ADI\GJS.2_13mm_1000x,POPRAWNE_ADI\GJS.2_13mm_1000x\GJS.2_13mm_1000x-183.jpg,GJS.2_13mm_1000x-183.jpg,13.0,870,120,370,120,970.6,744.7,13.8,137.6,306.0,HB,3.47,2.6,0.29,0.012,0.047,0.041,0.07,0.05
GJS2 13mm,poprawne_adi,GJS.2,POPRAWNE_ADI\GJS.2_13mm_1000x,POPRAWNE_ADI\GJS.2_13mm_1000x\GJS.2_13mm_1000x-184.jpg,GJS.2_13mm_1000x-184.jpg,13.0,870,120,370,120,970.6,744.7,13.8,137.6,306.0,HB,3.47,2.6,0.29,0.012,0.047,0.041,0.07,0.05
GJS2 13mm,poprawne_adi,GJS.2,POPRAWNE_ADI\GJS.2_13mm_1000x,POPRAWNE_ADI\GJS.2_13mm_1000x\GJS.2_13mm_1000x-185.jpg,GJS.2_13mm_1000x-185.jpg,13.0,870,120,370,120,970.6,744.7,13.8,137.6,306.0,HB,3.47,2.6,0.29,0.012,0.047,0.041,0.07,0.05
GJS2 13mm,poprawne_adi,GJS.2,POPRAWNE_ADI\GJS.2_13mm_1000x,POPRAWNE_ADI\GJS.2_13mm_1000x\GJS.2_13mm_1000x-186.jpg,GJS.2_13mm_1000x-186.jpg,13.0,870,120,370,120,970.6,744.7,13.8,137.6,306.0,HB,3.47,2.6,0.29,0.012,0.047,0.041,0.07,0.05
GJS2 13mm,poprawne_adi,GJS.2,POPRAWNE_ADI\GJS.2_13mm_1000x,POPRAWNE_ADI\GJS.2_13mm_1000x\GJS.2_13mm_1000x-187.jpg,GJS.2_13mm_1000x-187.jpg,13.0,870,120,370,120,970.6,744.7,13.8,137.6,306.0,HB,3.47,2.6,0.29,0.012,0.047,0.041,0.07,0.05
GJS2 13mm,poprawne_adi,GJS.2,POPRAWNE_ADI\GJS.2_13mm_1000x,POPRAWNE_ADI\GJS.2_13mm_1000x\GJS.2_13mm_1000x-188.jpg,GJS.2_13mm_1000x-188.jpg,13.0,870,120,370,120,970.6,744.7,13.8,137.6,306.0,HB,3.47,2.6,0.29,0.012,0.047,0.041,0.07,0.05
GJS2 13mm,poprawne_adi,GJS.2,POPRAWNE_ADI\GJS.2_13mm_1000x,POPRAWNE_ADI\GJS.2_13mm_1000x\GJS.2_13mm_1000x-189.jpg,GJS.2_13mm_1000x-189.jpg,13.0,870,120,370,120,970.6,744.7,13.8,137.6,306.0,HB,3.47,2.6,0.29,0.012,0.047,0.041,0.07,0.05
GJS2 13mm,poprawne_adi,GJS.2,POPRAWNE_ADI\GJS.2_13mm_1000x,POPRAWNE_ADI\GJS.2_13mm_1000x\GJS.2_13mm_1000x-190.jpg,GJS.2_13mm_1000x-190.jpg,13.0,870,120,370,120,970.6,744.7,13.8,137.6,306.0,HB,3.47,2.6,0.29,0.012,0.047,0.041,0.07,0.05
GJS2 13mm,poprawne_adi,GJS.2,POPRAWNE_ADI\GJS.2_13mm_1000x,POPRAWNE_ADI\GJS.2_13mm_1000x\GJS.2_13mm_1000x-191.jpg,GJS.2_13mm_1000x-191.jpg,13.0,870,120,370,120,970.6,744.7,13.8,137.6,306.0,HB,3.47,2.6,0.29,0.012,0.047,0.041,0.07,0.05
GJS2 13mm,poprawne_adi,GJS.2,POPRAWNE_ADI\GJS.2_13mm_1000x,POPRAWNE_ADI\GJS.2_13mm_1000x\GJS.2_13mm_1000x-192.jpg,GJS.2_13mm_1000x-192.jpg,13.0,870,120,370,120,970.6,744.7,13.8,137.6,306.0,HB,3.47,2.6,0.29,0.012,0.047,0.041,0.07,0.05
GJS2 13mm,poprawne_adi,GJS.2,POPRAWNE_ADI\GJS.2_13mm_1000x,POPRAWNE_ADI\GJS.2_13mm_1000x\GJS.2_13mm_1000x-193.jpg,GJS.2_13mm_1000x-193.jpg,13.0,870,120,370,120,970.6,744.7,13.8,137.6,306.0,HB,3.47,2.6,0.29,0.012,0.047,0.041,0.07,0.05
GJS2 13mm,poprawne_adi,GJS.2,POPRAWNE_ADI\GJS.2_13mm_1000x,POPRAWNE_ADI\GJS.2_13mm_1000x\GJS.2_13mm_1000x-194.jpg,GJS.2_13mm_1000x-194.jpg,13.0,870,120,370,120,970.6,744.7,13.8,137.6,306.0,HB,3.47,2.6,0.29,0.012,0.047,0.041,0.07,0.05
GJS2 13mm,poprawne_adi,GJS.2,POPRAWNE_ADI\GJS.2_13mm_1000x,POPRAWNE_ADI\GJS.2_13mm_1000x\GJS.2_13mm_1000x-195.jpg,GJS.2_13mm_1000x-195.jpg,13.0,870,120,370,120,970.6,744.7,13.8,137.6,306.0,HB,3.47,2.6,0.29,0.012,0.047,0.041,0.07,0.05
GJS2 13mm,poprawne_adi,GJS.2,POPRAWNE_ADI\GJS.2_13mm_1000x,POPRAWNE_ADI\GJS.2_13mm_1000x\GJS.2_13mm_1000x-196.jpg,GJS.2_13mm_1000x-196.jpg,13.0,870,120,370,120,970.6,744.7,13.8,137.6,306.0,HB,3.47,2.6,0.29,0.012,0.047,0.041,0.07,0.05
GJS2 13mm,poprawne_adi,GJS.2,POPRAWNE_ADI\GJS.2_13mm_1000x,POPRAWNE_ADI\GJS.2_13mm_1000x\GJS.2_13mm_1000x-197.jpg,GJS.2_13mm_1000x-197.jpg,13.0,870,120,370,120,970.6,744.7,13.8,137.6,306.0,HB,3.47,2.6,0.29,0.012,0.047,0.041,0.07,0.05
GJS2 13mm,poprawne_adi,GJS.2,POPRAWNE_ADI\GJS.2_13mm_1000x,POPRAWNE_ADI\GJS.2_13mm_1000x\GJS.2_13mm_1000x-198.jpg,GJS.2_13mm_1000x-198.jpg,13.0,870,120,370,120,970.6,744.7,13.8,137.6,306.0,HB,3.47,2.6,0.29,0.012,0.047,0.041,0.07,0.05
GJS2 13mm,poprawne_adi,GJS.2,POPRAWNE_ADI\GJS.2_13mm_1000x,POPRAWNE_ADI\GJS.2_13mm_1000x\GJS.2_13mm_1000x-199.jpg,GJS.2_13mm_1000x-199.jpg,13.0,870,120,370,120,970.6,744.7,13.8,137.6,306.0,HB,3.47,2.6,0.29,0.012,0.047,0.041,0.07,0.05
GJS2 13mm,poprawne_adi,GJS.2,POPRAWNE_ADI\GJS.2_13mm_1000x,POPRAWNE_ADI\GJS.2_13mm_1000x\GJS.2_13mm_1000x-200.jpg,GJS.2_13mm_1000x-200.jpg,13.0,870,120,370,120,970.6,744.7,13.8,137.6,306.0,HB,3.47,2.6,0.29,0.012,0.047,0.041,0.07,0.05
Cu.2 3mm,poprawne_adi,GJS Cu.2 lub Cu.2,POPRAWNE_ADI\Cu.2_3mm_1000x,POPRAWNE_ADI\Cu.2_3mm_1000x\Cu.2_3mm_1000x-001.jpg,Cu.2_3mm_1000x-001.jpg,3.0,870,90,370,90,1078.2,847.1,19.5,,336.0,HB,3.3,2.4,0.35,0.01,0.056,0.054,0.7,0.25
Cu.2 3mm,poprawne_adi,GJS Cu.2 lub Cu.2,POPRAWNE_ADI\Cu.2_3mm_1000x,POPRAWNE_ADI\Cu.2_3mm_1000x\Cu.2_3mm_1000x-002.jpg,Cu.2_3mm_1000x-002.jpg,3.0,870,90,370,90,1078.2,847.1,19.5,,336.0,HB,3.3,2.4,0.35,0.01,0.056,0.054,0.7,0.25
Cu.2 3mm,poprawne_adi,GJS Cu.2 lub Cu.2,POPRAWNE_ADI\Cu.2_3mm_1000x,POPRAWNE_ADI\Cu.2_3mm_1000x\Cu.2_3mm_1000x-003.jpg,Cu.2_3mm_1000x-003.jpg,3.0,870,90,370,90,1078.2,847.1,19.5,,336.0,HB,3.3,2.4,0.35,0.01,0.056,0.054,0.7,0.25
Cu.2 3mm,poprawne_adi,GJS Cu.2 lub Cu.2,POPRAWNE_ADI\Cu.2_3mm_1000x,POPRAWNE_ADI\Cu.2_3mm_1000x\Cu.2_3mm_1000x-004.jpg,Cu.2_3mm_1000x-004.jpg,3.0,870,90,370,90,1078.2,847.1,19.5,,336.0,HB,3.3,2.4,0.35,0.01,0.056,0.054,0.7,0.25
Cu.2 3mm,poprawne_adi,GJS Cu.2 lub Cu.2,POPRAWNE_ADI\Cu.2_3mm_1000x,POPRAWNE_ADI\Cu.2_3mm_1000x\Cu.2_3mm_1000x-005.jpg,Cu.2_3mm_1000x-005.jpg,3.0,870,90,370,90,1078.2,847.1,19.5,,336.0,HB,3.3,2.4,0.35,0.01,0.056,0.054,0.7,0.25
Cu.2 3mm,poprawne_adi,GJS Cu.2 lub Cu.2,POPRAWNE_ADI\Cu.2_3mm_1000x,POPRAWNE_ADI\Cu.2_3mm_1000x\Cu.2_3mm_1000x-006.jpg,Cu.2_3mm_1000x-006.jpg,3.0,870,90,370,90,1078.2,847.1,19.5,,336.0,HB,3.3,2.4,0.35,0.01,0.056,0.054,0.7,0.25
Cu.2 3mm,poprawne_adi,GJS Cu.2 lub Cu.2,POPRAWNE_ADI\Cu.2_3mm_1000x,POPRAWNE_ADI\Cu.2_3mm_1000x\Cu.2_3mm_1000x-007.jpg,Cu.2_3mm_1000x-007.jpg,3.0,870,90,370,90,1078.2,847.1,19.5,,336.0,HB,3.3,2.4,0.35,0.01,0.056,0.054,0.7,0.25
Cu.2 3mm,poprawne_adi,GJS Cu.2 lub Cu.2,POPRAWNE_ADI\Cu.2_3mm_1000x,POPRAWNE_ADI\Cu.2_3mm_1000x\Cu.2_3mm_1000x-008.jpg,Cu.2_3mm_1000x-008.jpg,3.0,870,90,370,90,1078.2,847.1,19.5,,336.0,HB,3.3,2.4,0.35,0.01,0.056,0.054,0.7,0.25
Cu.2 3mm,poprawne_adi,GJS Cu.2 lub Cu.2,POPRAWNE_ADI\Cu.2_3mm_1000x,POPRAWNE_ADI\Cu.2_3mm_1000x\Cu.2_3mm_1000x-009.jpg,Cu.2_3mm_1000x-009.jpg,3.0,870,90,370,90,1078.2,847.1,19.5,,336.0,HB,3.3,2.4,0.35,0.01,0.056,0.054,0.7,0.25
Cu.2 3mm,poprawne_adi,GJS Cu.2 lub Cu.2,POPRAWNE_ADI\Cu.2_3mm_1000x,POPRAWNE_ADI\Cu.2_3mm_1000x\Cu.2_3mm_1000x-010.jpg,Cu.2_3mm_1000x-010.jpg,3.0,870,90,370,90,1078.2,847.1,19.5,,336.0,HB,3.3,2.4,0.35,0.01,0.056,0.054,0.7,0.25
Cu.2 3mm,poprawne_adi,GJS Cu.2 lub Cu.2,POPRAWNE_ADI\Cu.2_3mm_1000x,POPRAWNE_ADI\Cu.2_3mm_1000x\Cu.2_3mm_1000x-011.jpg,Cu.2_3mm_1000x-011.jpg,3.0,870,90,370,90,1078.2,847.1,19.5,,336.0,HB,3.3,2.4,0.35,0.01,0.056,0.054,0.7,0.25
Cu.2 3mm,poprawne_adi,GJS Cu.2 lub Cu.2,POPRAWNE_ADI\Cu.2_3mm_1000x,POPRAWNE_ADI\Cu.2_3mm_1000x\Cu.2_3mm_1000x-012.jpg,Cu.2_3mm_1000x-012.jpg,3.0,870,90,370,90,1078.2,847.1,19.5,,336.0,HB,3.3,2.4,0.35,0.01,0.056,0.054,0.7,0.25
Cu.2 3mm,poprawne_adi,GJS Cu.2 lub Cu.2,POPRAWNE_ADI\Cu.2_3mm_1000x,POPRAWNE_ADI\Cu.2_3mm_1000x\Cu.2_3mm_1000x-013.jpg,Cu.2_3mm_1000x-013.jpg,3.0,870,90,370,90,1078.2,847.1,19.5,,336.0,HB,3.3,2.4,0.35,0.01,0.056,0.054,0.7,0.25
Cu.2 3mm,poprawne_adi,GJS Cu.2 lub Cu.2,POPRAWNE_ADI\Cu.2_3mm_1000x,POPRAWNE_ADI\Cu.2_3mm_1000x\Cu.2_3mm_1000x-014.jpg,Cu.2_3mm_1000x-014.jpg,3.0,870,90,370,90,1078.2,847.1,19.5,,336.0,HB,3.3,2.4,0.35,0.01,0.056,0.054,0.7,0.25
Cu.2 3mm,poprawne_adi,GJS Cu.2 lub Cu.2,POPRAWNE_ADI\Cu.2_3mm_1000x,POPRAWNE_ADI\Cu.2_3mm_1000x\Cu.2_3mm_1000x-015.jpg,Cu.2_3mm_1000x-015.jpg,3.0,870,90,370,90,1078.2,847.1,19.5,,336.0,HB,3.3,2.4,0.35,0.01,0.056,0.054,0.7,0.25
Cu.2 3mm,poprawne_adi,GJS Cu.2 lub Cu.2,POPRAWNE_ADI\Cu.2_3mm_1000x,POPRAWNE_ADI\Cu.2_3mm_1000x\Cu.2_3mm_1000x-016.jpg,Cu.2_3mm_1000x-016.jpg,3.0,870,90,370,90,1078.2,847.1,19.5,,336.0,HB,3.3,2.4,0.35,0.01,0.056,0.054,0.7,0.25
Cu.2 3mm,poprawne_adi,GJS Cu.2 lub Cu.2,POPRAWNE_ADI\Cu.2_3mm_1000x,POPRAWNE_ADI\Cu.2_3mm_1000x\Cu.2_3mm_1000x-017.jpg,Cu.2_3mm_1000x-017.jpg,3.0,870,90,370,90,1078.2,847.1,19.5,,336.0,HB,3.3,2.4,0.35,0.01,0.056,0.054,0.7,0.25
Cu.2 3mm,poprawne_adi,GJS Cu.2 lub Cu.2,POPRAWNE_ADI\Cu.2_3mm_1000x,POPRAWNE_ADI\Cu.2_3mm_1000x\Cu.2_3mm_1000x-018.jpg,Cu.2_3mm_1000x-018.jpg,3.0,870,90,370,90,1078.2,847.1,19.5,,336.0,HB,3.3,2.4,0.35,0.01,0.056,0.054,0.7,0.25
Cu.2 3mm,poprawne_adi,GJS Cu.2 lub Cu.2,POPRAWNE_ADI\Cu.2_3mm_1000x,POPRAWNE_ADI\Cu.2_3mm_1000x\Cu.2_3mm_1000x-019.jpg,Cu.2_3mm_1000x-019.jpg,3.0,870,90,370,90,1078.2,847.1,19.5,,336.0,HB,3.3,2.4,0.35,0.01,0.056,0.054,0.7,0.25
Cu.2 3mm,poprawne_adi,GJS Cu.2 lub Cu.2,POPRAWNE_ADI\Cu.2_3mm_1000x,POPRAWNE_ADI\Cu.2_3mm_1000x\Cu.2_3mm_1000x-020.jpg,Cu.2_3mm_1000x-020.jpg,3.0,870,90,370,90,1078.2,847.1,19.5,,336.0,HB,3.3,2.4,0.35,0.01,0.056,0.054,0.7,0.25
Cu.2 3mm,poprawne_adi,GJS Cu.2 lub Cu.2,POPRAWNE_ADI\Cu.2_3mm_1000x,POPRAWNE_ADI\Cu.2_3mm_1000x\Cu.2_3mm_1000x-021.jpg,Cu.2_3mm_1000x-021.jpg,3.0,870,90,370,90,1078.2,847.1,19.5,,336.0,HB,3.3,2.4,0.35,0.01,0.056,0.054,0.7,0.25
Cu.2 3mm,poprawne_adi,GJS Cu.2 lub Cu.2,POPRAWNE_ADI\Cu.2_3mm_1000x,POPRAWNE_ADI\Cu.2_3mm_1000x\Cu.2_3mm_1000x-022.jpg,Cu.2_3mm_1000x-022.jpg,3.0,870,90,370,90,1078.2,847.1,19.5,,336.0,HB,3.3,2.4,0.35,0.01,0.056,0.054,0.7,0.25
Cu.2 3mm,poprawne_adi,GJS Cu.2 lub Cu.2,POPRAWNE_ADI\Cu.2_3mm_1000x,POPRAWNE_ADI\Cu.2_3mm_1000x\Cu.2_3mm_1000x-023.jpg,Cu.2_3mm_1000x-023.jpg,3.0,870,90,370,90,1078.2,847.1,19.5,,336.0,HB,3.3,2.4,0.35,0.01,0.056,0.054,0.7,0.25
Cu.2 3mm,poprawne_adi,GJS Cu.2 lub Cu.2,POPRAWNE_ADI\Cu.2_3mm_1000x,POPRAWNE_ADI\Cu.2_3mm_1000x\Cu.2_3mm_1000x-024.jpg,Cu.2_3mm_1000x-024.jpg,3.0,870,90,370,90,1078.2,847.1,19.5,,336.0,HB,3.3,2.4,0.35,0.01,0.056,0.054,0.7,0.25
Cu.2 3mm,poprawne_adi,GJS Cu.2 lub Cu.2,POPRAWNE_ADI\Cu.2_3mm_1000x,POPRAWNE_ADI\Cu.2_3mm_1000x\Cu.2_3mm_1000x-025.jpg,Cu.2_3mm_1000x-025.jpg,3.0,870,90,370,90,1078.2,847.1,19.5,,336.0,HB,3.3,2.4,0.35,0.01,0.056,0.054,0.7,0.25
Cu.2 3mm,poprawne_adi,GJS Cu.2 lub Cu.2,POPRAWNE_ADI\Cu.2_3mm_1000x,POPRAWNE_ADI\Cu.2_3mm_1000x\Cu.2_3mm_1000x-026.jpg,Cu.2_3mm_1000x-026.jpg,3.0,870,90,370,90,1078.2,847.1,19.5,,336.0,HB,3.3,2.4,0.35,0.01,0.056,0.054,0.7,0.25
Cu.2 3mm,poprawne_adi,GJS Cu.2 lub Cu.2,POPRAWNE_ADI\Cu.2_3mm_1000x,POPRAWNE_ADI\Cu.2_3mm_1000x\Cu.2_3mm_1000x-027.jpg,Cu.2_3mm_1000x-027.jpg,3.0,870,90,370,90,1078.2,847.1,19.5,,336.0,HB,3.3,2.4,0.35,0.01,0.056,0.054,0.7,0.25
Cu.2 3mm,poprawne_adi,GJS Cu.2 lub Cu.2,POPRAWNE_ADI\Cu.2_3mm_1000x,POPRAWNE_ADI\Cu.2_3mm_1000x\Cu.2_3mm_1000x-028.jpg,Cu.2_3mm_1000x-028.jpg,3.0,870,90,370,90,1078.2,847.1,19.5,,336.0,HB,3.3,2.4,0.35,0.01,0.056,0.054,0.7,0.25
Cu.2 3mm,poprawne_adi,GJS Cu.2 lub Cu.2,POPRAWNE_ADI\Cu.2_3mm_1000x,POPRAWNE_ADI\Cu.2_3mm_1000x\Cu.2_3mm_1000x-029.jpg,Cu.2_3mm_1000x-029.jpg,3.0,870,90,370,90,1078.2,847.1,19.5,,336.0,HB,3.3,2.4,0.35,0.01,0.056,0.054,0.7,0.25
Cu.2 3mm,poprawne_adi,GJS Cu.2 lub Cu.2,POPRAWNE_ADI\Cu.2_3mm_1000x,POPRAWNE_ADI\Cu.2_3mm_1000x\Cu.2_3mm_1000x-030.jpg,Cu.2_3mm_1000x-030.jpg,3.0,870,90,370,90,1078.2,847.1,19.5,,336.0,HB,3.3,2.4,0.35,0.01,0.056,0.054,0.7,0.25
Cu.2 3mm,poprawne_adi,GJS Cu.2 lub Cu.2,POPRAWNE_ADI\Cu.2_3mm_1000x,POPRAWNE_ADI\Cu.2_3mm_1000x\Cu.2_3mm_1000x-031.jpg,Cu.2_3mm_1000x-031.jpg,3.0,870,90,370,90,1078.2,847.1,19.5,,336.0,HB,3.3,2.4,0.35,0.01,0.056,0.054,0.7,0.25
Cu.2 3mm,poprawne_adi,GJS Cu.2 lub Cu.2,POPRAWNE_ADI\Cu.2_3mm_1000x,POPRAWNE_ADI\Cu.2_3mm_1000x\Cu.2_3mm_1000x-032.jpg,Cu.2_3mm_1000x-032.jpg,3.0,870,90,370,90,1078.2,847.1,19.5,,336.0,HB,3.3,2.4,0.35,0.01,0.056,0.054,0.7,0.25
Cu.2 3mm,poprawne_adi,GJS Cu.2 lub Cu.2,POPRAWNE_ADI\Cu.2_3mm_1000x,POPRAWNE_ADI\Cu.2_3mm_1000x\Cu.2_3mm_1000x-033.jpg,Cu.2_3mm_1000x-033.jpg,3.0,870,90,370,90,1078.2,847.1,19.5,,336.0,HB,3.3,2.4,0.35,0.01,0.056,0.054,0.7,0.25
Cu.2 3mm,poprawne_adi,GJS Cu.2 lub Cu.2,POPRAWNE_ADI\Cu.2_3mm_1000x,POPRAWNE_ADI\Cu.2_3mm_1000x\Cu.2_3mm_1000x-034.jpg,Cu.2_3mm_1000x-034.jpg,3.0,870,90,370,90,1078.2,847.1,19.5,,336.0,HB,3.3,2.4,0.35,0.01,0.056,0.054,0.7,0.25
Cu.2 3mm,poprawne_adi,GJS Cu.2 lub Cu.2,POPRAWNE_ADI\Cu.2_3mm_1000x,POPRAWNE_ADI\Cu.2_3mm_1000x\Cu.2_3mm_1000x-035.jpg,Cu.2_3mm_1000x-035.jpg,3.0,870,90,370,90,1078.2,847.1,19.5,,336.0,HB,3.3,2.4,0.35,0.01,0.056,0.054,0.7,0.25
Cu.2 3mm,poprawne_adi,GJS Cu.2 lub Cu.2,POPRAWNE_ADI\Cu.2_3mm_1000x,POPRAWNE_ADI\Cu.2_3mm_1000x\Cu.2_3mm_1000x-036.jpg,Cu.2_3mm_1000x-036.jpg,3.0,870,90,370,90,1078.2,847.1,19.5,,336.0,HB,3.3,2.4,0.35,0.01,0.056,0.054,0.7,0.25
Cu.2 3mm,poprawne_adi,GJS Cu.2 lub Cu.2,POPRAWNE_ADI\Cu.2_3mm_1000x,POPRAWNE_ADI\Cu.2_3mm_1000x\Cu.2_3mm_1000x-037.jpg,Cu.2_3mm_1000x-037.jpg,3.0,870,90,370,90,1078.2,847.1,19.5,,336.0,HB,3.3,2.4,0.35,0.01,0.056,0.054,0.7,0.25
Cu.2 3mm,poprawne_adi,GJS Cu.2 lub Cu.2,POPRAWNE_ADI\Cu.2_3mm_1000x,POPRAWNE_ADI\Cu.2_3mm_1000x\Cu.2_3mm_1000x-038.jpg,Cu.2_3mm_1000x-038.jpg,3.0,870,90,370,90,1078.2,847.1,19.5,,336.0,HB,3.3,2.4,0.35,0.01,0.056,0.054,0.7,0.25
Cu.2 3mm,poprawne_adi,GJS Cu.2 lub Cu.2,POPRAWNE_ADI\Cu.2_3mm_1000x,POPRAWNE_ADI\Cu.2_3mm_1000x\Cu.2_3mm_1000x-039.jpg,Cu.2_3mm_1000x-039.jpg,3.0,870,90,370,90,1078.2,847.1,19.5,,336.0,HB,3.3,2.4,0.35,0.01,0.056,0.054,0.7,0.25
Cu.2 3mm,poprawne_adi,GJS Cu.2 lub Cu.2,POPRAWNE_ADI\Cu.2_3mm_1000x,POPRAWNE_ADI\Cu.2_3mm_1000x\Cu.2_3mm_1000x-040.jpg,Cu.2_3mm_1000x-040.jpg,3.0,870,90,370,90,1078.2,847.1,19.5,,336.0,HB,3.3,2.4,0.35,0.01,0.056,0.054,0.7,0.25
Cu.2 3mm,poprawne_adi,GJS Cu.2 lub Cu.2,POPRAWNE_ADI\Cu.2_3mm_1000x,POPRAWNE_ADI\Cu.2_3mm_1000x\Cu.2_3mm_1000x-041.jpg,Cu.2_3mm_1000x-041.jpg,3.0,870,90,370,90,1078.2,847.1,19.5,,336.0,HB,3.3,2.4,0.35,0.01,0.056,0.054,0.7,0.25
Cu.2 3mm,poprawne_adi,GJS Cu.2 lub Cu.2,POPRAWNE_ADI\Cu.2_3mm_1000x,POPRAWNE_ADI\Cu.2_3mm_1000x\Cu.2_3mm_1000x-042.jpg,Cu.2_3mm_1000x-042.jpg,3.0,870,90,370,90,1078.2,847.1,19.5,,336.0,HB,3.3,2.4,0.35,0.01,0.056,0.054,0.7,0.25
Cu.2 3mm,poprawne_adi,GJS Cu.2 lub Cu.2,POPRAWNE_ADI\Cu.2_3mm_1000x,POPRAWNE_ADI\Cu.2_3mm_1000x\Cu.2_3mm_1000x-043.jpg,Cu.2_3mm_1000x-043.jpg,3.0,870,90,370,90,1078.2,847.1,19.5,,336.0,HB,3.3,2.4,0.35,0.01,0.056,0.054,0.7,0.25
Cu.2 3mm,poprawne_adi,GJS Cu.2 lub Cu.2,POPRAWNE_ADI\Cu.2_3mm_1000x,POPRAWNE_ADI\Cu.2_3mm_1000x\Cu.2_3mm_1000x-044.jpg,Cu.2_3mm_1000x-044.jpg,3.0,870,90,370,90,1078.2,847.1,19.5,,336.0,HB,3.3,2.4,0.35,0.01,0.056,0.054,0.7,0.25
Cu.2 3mm,poprawne_adi,GJS Cu.2 lub Cu.2,POPRAWNE_ADI\Cu.2_3mm_1000x,POPRAWNE_ADI\Cu.2_3mm_1000x\Cu.2_3mm_1000x-045.jpg,Cu.2_3mm_1000x-045.jpg,3.0,870,90,370,90,1078.2,847.1,19.5,,336.0,HB,3.3,2.4,0.35,0.01,0.056,0.054,0.7,0.25
Cu.2 3mm,poprawne_adi,GJS Cu.2 lub Cu.2,POPRAWNE_ADI\Cu.2_3mm_1000x,POPRAWNE_ADI\Cu.2_3mm_1000x\Cu.2_3mm_1000x-046.jpg,Cu.2_3mm_1000x-046.jpg,3.0,870,90,370,90,1078.2,847.1,19.5,,336.0,HB,3.3,2.4,0.35,0.01,0.056,0.054,0.7,0.25
Cu.2 3mm,poprawne_adi,GJS Cu.2 lub Cu.2,POPRAWNE_ADI\Cu.2_3mm_1000x,POPRAWNE_ADI\Cu.2_3mm_1000x\Cu.2_3mm_1000x-047.jpg,Cu.2_3mm_1000x-047.jpg,3.0,870,90,370,90,1078.2,847.1,19.5,,336.0,HB,3.3,2.4,0.35,0.01,0.056,0.054,0.7,0.25
Cu.2 3mm,poprawne_adi,GJS Cu.2 lub Cu.2,POPRAWNE_ADI\Cu.2_3mm_1000x,POPRAWNE_ADI\Cu.2_3mm_1000x\Cu.2_3mm_1000x-048.jpg,Cu.2_3mm_1000x-048.jpg,3.0,870,90,370,90,1078.2,847.1,19.5,,336.0,HB,3.3,2.4,0.35,0.01,0.056,0.054,0.7,0.25
Cu.2 3mm,poprawne_adi,GJS Cu.2 lub Cu.2,POPRAWNE_ADI\Cu.2_3mm_1000x,POPRAWNE_ADI\Cu.2_3mm_1000x\Cu.2_3mm_1000x-049.jpg,Cu.2_3mm_1000x-049.jpg,3.0,870,90,370,90,1078.2,847.1,19.5,,336.0,HB,3.3,2.4,0.35,0.01,0.056,0.054,0.7,0.25
Cu.2 3mm,poprawne_adi,GJS Cu.2 lub Cu.2,POPRAWNE_ADI\Cu.2_3mm_1000x,POPRAWNE_ADI\Cu.2_3mm_1000x\Cu.2_3mm_1000x-050.jpg,Cu.2_3mm_1000x-050.jpg,3.0,870,90,370,90,1078.2,847.1,19.5,,336.0,HB,3.3,2.4,0.35,0.01,0.056,0.054,0.7,0.25
Cu.2 3mm,poprawne_adi,GJS Cu.2 lub Cu.2,POPRAWNE_ADI\Cu.2_3mm_1000x,POPRAWNE_ADI\Cu.2_3mm_1000x\Cu.2_3mm_1000x-051.jpg,Cu.2_3mm_1000x-051.jpg,3.0,870,90,370,90,1078.2,847.1,19.5,,336.0,HB,3.3,2.4,0.35,0.01,0.056,0.054,0.7,0.25
Cu.2 3mm,poprawne_adi,GJS Cu.2 lub Cu.2,POPRAWNE_ADI\Cu.2_3mm_1000x,POPRAWNE_ADI\Cu.2_3mm_1000x\Cu.2_3mm_1000x-052.jpg,Cu.2_3mm_1000x-052.jpg,3.0,870,90,370,90,1078.2,847.1,19.5,,336.0,HB,3.3,2.4,0.35,0.01,0.056,0.054,0.7,0.25
Cu.2 3mm,poprawne_adi,GJS Cu.2 lub Cu.2,POPRAWNE_ADI\Cu.2_3mm_1000x,POPRAWNE_ADI\Cu.2_3mm_1000x\Cu.2_3mm_1000x-053.jpg,Cu.2_3mm_1000x-053.jpg,3.0,870,90,370,90,1078.2,847.1,19.5,,336.0,HB,3.3,2.4,0.35,0.01,0.056,0.054,0.7,0.25
Cu.2 3mm,poprawne_adi,GJS Cu.2 lub Cu.2,POPRAWNE_ADI\Cu.2_3mm_1000x,POPRAWNE_ADI\Cu.2_3mm_1000x\Cu.2_3mm_1000x-054.jpg,Cu.2_3mm_1000x-054.jpg,3.0,870,90,370,90,1078.2,847.1,19.5,,336.0,HB,3.3,2.4,0.35,0.01,0.056,0.054,0.7,0.25
Cu.2 3mm,poprawne_adi,GJS Cu.2 lub Cu.2,POPRAWNE_ADI\Cu.2_3mm_1000x,POPRAWNE_ADI\Cu.2_3mm_1000x\Cu.2_3mm_1000x-055.jpg,Cu.2_3mm_1000x-055.jpg,3.0,870,90,370,90,1078.2,847.1,19.5,,336.0,HB,3.3,2.4,0.35,0.01,0.056,0.054,0.7,0.25
Cu.2 3mm,poprawne_adi,GJS Cu.2 lub Cu.2,POPRAWNE_ADI\Cu.2_3mm_1000x,POPRAWNE_ADI\Cu.2_3mm_1000x\Cu.2_3mm_1000x-056.jpg,Cu.2_3mm_1000x-056.jpg,3.0,870,90,370,90,1078.2,847.1,19.5,,336.0,HB,3.3,2.4,0.35,0.01,0.056,0.054,0.7,0.25
Cu.2 3mm,poprawne_adi,GJS Cu.2 lub Cu.2,POPRAWNE_ADI\Cu.2_3mm_1000x,POPRAWNE_ADI\Cu.2_3mm_1000x\Cu.2_3mm_1000x-057.jpg,Cu.2_3mm_1000x-057.jpg,3.0,870,90,370,90,1078.2,847.1,19.5,,336.0,HB,3.3,2.4,0.35,0.01,0.056,0.054,0.7,0.25
Cu.2 3mm,poprawne_adi,GJS Cu.2 lub Cu.2,POPRAWNE_ADI\Cu.2_3mm_1000x,POPRAWNE_ADI\Cu.2_3mm_1000x\Cu.2_3mm_1000x-058.jpg,Cu.2_3mm_1000x-058.jpg,3.0,870,90,370,90,1078.2,847.1,19.5,,336.0,HB,3.3,2.4,0.35,0.01,0.056,0.054,0.7,0.25
Cu.2 3mm,poprawne_adi,GJS Cu.2 lub Cu.2,POPRAWNE_ADI\Cu.2_3mm_1000x,POPRAWNE_ADI\Cu.2_3mm_1000x\Cu.2_3mm_1000x-059.jpg,Cu.2_3mm_1000x-059.jpg,3.0,870,90,370,90,1078.2,847.1,19.5,,336.0,HB,3.3,2.4,0.35,0.01,0.056,0.054,0.7,0.25
Cu.2 3mm,poprawne_adi,GJS Cu.2 lub Cu.2,POPRAWNE_ADI\Cu.2_3mm_1000x,POPRAWNE_ADI\Cu.2_3mm_1000x\Cu.2_3mm_1000x-060.jpg,Cu.2_3mm_1000x-060.jpg,3.0,870,90,370,90,1078.2,847.1,19.5,,336.0,HB,3.3,2.4,0.35,0.01,0.056,0.054,0.7,0.25
Cu.2 3mm,poprawne_adi,GJS Cu.2 lub Cu.2,POPRAWNE_ADI\Cu.2_3mm_1000x,POPRAWNE_ADI\Cu.2_3mm_1000x\Cu.2_3mm_1000x-061.jpg,Cu.2_3mm_1000x-061.jpg,3.0,870,90,370,90,1078.2,847.1,19.5,,336.0,HB,3.3,2.4,0.35,0.01,0.056,0.054,0.7,0.25
Cu.2 3mm,poprawne_adi,GJS Cu.2 lub Cu.2,POPRAWNE_ADI\Cu.2_3mm_1000x,POPRAWNE_ADI\Cu.2_3mm_1000x\Cu.2_3mm_1000x-062.jpg,Cu.2_3mm_1000x-062.jpg,3.0,870,90,370,90,1078.2,847.1,19.5,,336.0,HB,3.3,2.4,0.35,0.01,0.056,0.054,0.7,0.25
Cu.2 3mm,poprawne_adi,GJS Cu.2 lub Cu.2,POPRAWNE_ADI\Cu.2_3mm_1000x,POPRAWNE_ADI\Cu.2_3mm_1000x\Cu.2_3mm_1000x-063.jpg,Cu.2_3mm_1000x-063.jpg,3.0,870,90,370,90,1078.2,847.1,19.5,,336.0,HB,3.3,2.4,0.35,0.01,0.056,0.054,0.7,0.25
Cu.2 3mm,poprawne_adi,GJS Cu.2 lub Cu.2,POPRAWNE_ADI\Cu.2_3mm_1000x,POPRAWNE_ADI\Cu.2_3mm_1000x\Cu.2_3mm_1000x-064.jpg,Cu.2_3mm_1000x-064.jpg,3.0,870,90,370,90,1078.2,847.1,19.5,,336.0,HB,3.3,2.4,0.35,0.01,0.056,0.054,0.7,0.25
Cu.2 3mm,poprawne_adi,GJS Cu.2 lub Cu.2,POPRAWNE_ADI\Cu.2_3mm_1000x,POPRAWNE_ADI\Cu.2_3mm_1000x\Cu.2_3mm_1000x-065.jpg,Cu.2_3mm_1000x-065.jpg,3.0,870,90,370,90,1078.2,847.1,19.5,,336.0,HB,3.3,2.4,0.35,0.01,0.056,0.054,0.7,0.25
Cu.2 3mm,poprawne_adi,GJS Cu.2 lub Cu.2,POPRAWNE_ADI\Cu.2_3mm_1000x,POPRAWNE_ADI\Cu.2_3mm_1000x\Cu.2_3mm_1000x-066.jpg,Cu.2_3mm_1000x-066.jpg,3.0,870,90,370,90,1078.2,847.1,19.5,,336.0,HB,3.3,2.4,0.35,0.01,0.056,0.054,0.7,0.25
Cu.2 3mm,poprawne_adi,GJS Cu.2 lub Cu.2,POPRAWNE_ADI\Cu.2_3mm_1000x,POPRAWNE_ADI\Cu.2_3mm_1000x\Cu.2_3mm_1000x-067.jpg,Cu.2_3mm_1000x-067.jpg,3.0,870,90,370,90,1078.2,847.1,19.5,,336.0,HB,3.3,2.4,0.35,0.01,0.056,0.054,0.7,0.25
Cu.2 3mm,poprawne_adi,GJS Cu.2 lub Cu.2,POPRAWNE_ADI\Cu.2_3mm_1000x,POPRAWNE_ADI\Cu.2_3mm_1000x\Cu.2_3mm_1000x-068.jpg,Cu.2_3mm_1000x-068.jpg,3.0,870,90,370,90,1078.2,847.1,19.5,,336.0,HB,3.3,2.4,0.35,0.01,0.056,0.054,0.7,0.25
Cu.2 3mm,poprawne_adi,GJS Cu.2 lub Cu.2,POPRAWNE_ADI\Cu.2_3mm_1000x,POPRAWNE_ADI\Cu.2_3mm_1000x\Cu.2_3mm_1000x-069.jpg,Cu.2_3mm_1000x-069.jpg,3.0,870,90,370,90,1078.2,847.1,19.5,,336.0,HB,3.3,2.4,0.35,0.01,0.056,0.054,0.7,0.25
Cu.2 3mm,poprawne_adi,GJS Cu.2 lub Cu.2,POPRAWNE_ADI\Cu.2_3mm_1000x,POPRAWNE_ADI\Cu.2_3mm_1000x\Cu.2_3mm_1000x-070.jpg,Cu.2_3mm_1000x-070.jpg,3.0,870,90,370,90,1078.2,847.1,19.5,,336.0,HB,3.3,2.4,0.35,0.01,0.056,0.054,0.7,0.25
Cu.2 3mm,poprawne_adi,GJS Cu.2 lub Cu.2,POPRAWNE_ADI\Cu.2_3mm_1000x,POPRAWNE_ADI\Cu.2_3mm_1000x\Cu.2_3mm_1000x-071.jpg,Cu.2_3mm_1000x-071.jpg,3.0,870,90,370,90,1078.2,847.1,19.5,,336.0,HB,3.3,2.4,0.35,0.01,0.056,0.054,0.7,0.25
Cu.2 3mm,poprawne_adi,GJS Cu.2 lub Cu.2,POPRAWNE_ADI\Cu.2_3mm_1000x,POPRAWNE_ADI\Cu.2_3mm_1000x\Cu.2_3mm_1000x-072.jpg,Cu.2_3mm_1000x-072.jpg,3.0,870,90,370,90,1078.2,847.1,19.5,,336.0,HB,3.3,2.4,0.35,0.01,0.056,0.054,0.7,0.25
Cu.2 3mm,poprawne_adi,GJS Cu.2 lub Cu.2,POPRAWNE_ADI\Cu.2_3mm_1000x,POPRAWNE_ADI\Cu.2_3mm_1000x\Cu.2_3mm_1000x-073.jpg,Cu.2_3mm_1000x-073.jpg,3.0,870,90,370,90,1078.2,847.1,19.5,,336.0,HB,3.3,2.4,0.35,0.01,0.056,0.054,0.7,0.25
Cu.2 3mm,poprawne_adi,GJS Cu.2 lub Cu.2,POPRAWNE_ADI\Cu.2_3mm_1000x,POPRAWNE_ADI\Cu.2_3mm_1000x\Cu.2_3mm_1000x-074.jpg,Cu.2_3mm_1000x-074.jpg,3.0,870,90,370,90,1078.2,847.1,19.5,,336.0,HB,3.3,2.4,0.35,0.01,0.056,0.054,0.7,0.25
Cu.2 3mm,poprawne_adi,GJS Cu.2 lub Cu.2,POPRAWNE_ADI\Cu.2_3mm_1000x,POPRAWNE_ADI\Cu.2_3mm_1000x\Cu.2_3mm_1000x-075.jpg,Cu.2_3mm_1000x-075.jpg,3.0,870,90,370,90,1078.2,847.1,19.5,,336.0,HB,3.3,2.4,0.35,0.01,0.056,0.054,0.7,0.25
Cu.2 3mm,poprawne_adi,GJS Cu.2 lub Cu.2,POPRAWNE_ADI\Cu.2_3mm_1000x,POPRAWNE_ADI\Cu.2_3mm_1000x\Cu.2_3mm_1000x-076.jpg,Cu.2_3mm_1000x-076.jpg,3.0,870,90,370,90,1078.2,847.1,19.5,,336.0,HB,3.3,2.4,0.35,0.01,0.056,0.054,0.7,0.25
Cu.2 3mm,poprawne_adi,GJS Cu.2 lub Cu.2,POPRAWNE_ADI\Cu.2_3mm_1000x,POPRAWNE_ADI\Cu.2_3mm_1000x\Cu.2_3mm_1000x-077.jpg,Cu.2_3mm_1000x-077.jpg,3.0,870,90,370,90,1078.2,847.1,19.5,,336.0,HB,3.3,2.4,0.35,0.01,0.056,0.054,0.7,0.25
Cu.2 3mm,poprawne_adi,GJS Cu.2 lub Cu.2,POPRAWNE_ADI\Cu.2_3mm_1000x,POPRAWNE_ADI\Cu.2_3mm_1000x\Cu.2_3mm_1000x-078.jpg,Cu.2_3mm_1000x-078.jpg,3.0,870,90,370,90,1078.2,847.1,19.5,,336.0,HB,3.3,2.4,0.35,0.01,0.056,0.054,0.7,0.25
Cu.2 3mm,poprawne_adi,GJS Cu.2 lub Cu.2,POPRAWNE_ADI\Cu.2_3mm_1000x,POPRAWNE_ADI\Cu.2_3mm_1000x\Cu.2_3mm_1000x-079.jpg,Cu.2_3mm_1000x-079.jpg,3.0,870,90,370,90,1078.2,847.1,19.5,,336.0,HB,3.3,2.4,0.35,0.01,0.056,0.054,0.7,0.25
Cu.2 3mm,poprawne_adi,GJS Cu.2 lub Cu.2,POPRAWNE_ADI\Cu.2_3mm_1000x,POPRAWNE_ADI\Cu.2_3mm_1000x\Cu.2_3mm_1000x-080.jpg,Cu.2_3mm_1000x-080.jpg,3.0,870,90,370,90,1078.2,847.1,19.5,,336.0,HB,3.3,2.4,0.35,0.01,0.056,0.054,0.7,0.25
Cu.2 3mm,poprawne_adi,GJS Cu.2 lub Cu.2,POPRAWNE_ADI\Cu.2_3mm_1000x,POPRAWNE_ADI\Cu.2_3mm_1000x\Cu.2_3mm_1000x-081.jpg,Cu.2_3mm_1000x-081.jpg,3.0,870,90,370,90,1078.2,847.1,19.5,,336.0,HB,3.3,2.4,0.35,0.01,0.056,0.054,0.7,0.25
Cu.2 3mm,poprawne_adi,GJS Cu.2 lub Cu.2,POPRAWNE_ADI\Cu.2_3mm_1000x,POPRAWNE_ADI\Cu.2_3mm_1000x\Cu.2_3mm_1000x-082.jpg,Cu.2_3mm_1000x-082.jpg,3.0,870,90,370,90,1078.2,847.1,19.5,,336.0,HB,3.3,2.4,0.35,0.01,0.056,0.054,0.7,0.25
Cu.2 3mm,poprawne_adi,GJS Cu.2 lub Cu.2,POPRAWNE_ADI\Cu.2_3mm_1000x,POPRAWNE_ADI\Cu.2_3mm_1000x\Cu.2_3mm_1000x-083.jpg,Cu.2_3mm_1000x-083.jpg,3.0,870,90,370,90,1078.2,847.1,19.5,,336.0,HB,3.3,2.4,0.35,0.01,0.056,0.054,0.7,0.25
Cu.2 3mm,poprawne_adi,GJS Cu.2 lub Cu.2,POPRAWNE_ADI\Cu.2_3mm_1000x,POPRAWNE_ADI\Cu.2_3mm_1000x\Cu.2_3mm_1000x-084.jpg,Cu.2_3mm_1000x-084.jpg,3.0,870,90,370,90,1078.2,847.1,19.5,,336.0,HB,3.3,2.4,0.35,0.01,0.056,0.054,0.7,0.25
Cu.2 3mm,poprawne_adi,GJS Cu.2 lub Cu.2,POPRAWNE_ADI\Cu.2_3mm_1000x,POPRAWNE_ADI\Cu.2_3mm_1000x\Cu.2_3mm_1000x-085.jpg,Cu.2_3mm_1000x-085.jpg,3.0,870,90,370,90,1078.2,847.1,19.5,,336.0,HB,3.3,2.4,0.35,0.01,0.056,0.054,0.7,0.25
Cu.2 3mm,poprawne_adi,GJS Cu.2 lub Cu.2,POPRAWNE_ADI\Cu.2_3mm_1000x,POPRAWNE_ADI\Cu.2_3mm_1000x\Cu.2_3mm_1000x-086.jpg,Cu.2_3mm_1000x-086.jpg,3.0,870,90,370,90,1078.2,847.1,19.5,,336.0,HB,3.3,2.4,0.35,0.01,0.056,0.054,0.7,0.25
Cu.2 3mm,poprawne_adi,GJS Cu.2 lub Cu.2,POPRAWNE_ADI\Cu.2_3mm_1000x,POPRAWNE_ADI\Cu.2_3mm_1000x\Cu.2_3mm_1000x-087.jpg,Cu.2_3mm_1000x-087.jpg,3.0,870,90,370,90,1078.2,847.1,19.5,,336.0,HB,3.3,2.4,0.35,0.01,0.056,0.054,0.7,0.25
Cu.2 3mm,poprawne_adi,GJS Cu.2 lub Cu.2,POPRAWNE_ADI\Cu.2_3mm_1000x,POPRAWNE_ADI\Cu.2_3mm_1000x\Cu.2_3mm_1000x-088.jpg,Cu.2_3mm_1000x-088.jpg,3.0,870,90,370,90,1078.2,847.1,19.5,,336.0,HB,3.3,2.4,0.35,0.01,0.056,0.054,0.7,0.25
Cu.2 3mm,poprawne_adi,GJS Cu.2 lub Cu.2,POPRAWNE_ADI\Cu.2_3mm_1000x,POPRAWNE_ADI\Cu.2_3mm_1000x\Cu.2_3mm_1000x-089.jpg,Cu.2_3mm_1000x-089.jpg,3.0,870,90,370,90,1078.2,847.1,19.5,,336.0,HB,3.3,2.4,0.35,0.01,0.056,0.054,0.7,0.25
Cu.2 3mm,poprawne_adi,GJS Cu.2 lub Cu.2,POPRAWNE_ADI\Cu.2_3mm_1000x,POPRAWNE_ADI\Cu.2_3mm_1000x\Cu.2_3mm_1000x-090.jpg,Cu.2_3mm_1000x-090.jpg,3.0,870,90,370,90,1078.2,847.1,19.5,,336.0,HB,3.3,2.4,0.35,0.01,0.056,0.054,0.7,0.25
Cu.2 3mm,poprawne_adi,GJS Cu.2 lub Cu.2,POPRAWNE_ADI\Cu.2_3mm_1000x,POPRAWNE_ADI\Cu.2_3mm_1000x\Cu.2_3mm_1000x-091.jpg,Cu.2_3mm_1000x-091.jpg,3.0,870,90,370,90,1078.2,847.1,19.5,,336.0,HB,3.3,2.4,0.35,0.01,0.056,0.054,0.7,0.25
Cu.2 3mm,poprawne_adi,GJS Cu.2 lub Cu.2,POPRAWNE_ADI\Cu.2_3mm_1000x,POPRAWNE_ADI\Cu.2_3mm_1000x\Cu.2_3mm_1000x-092.jpg,Cu.2_3mm_1000x-092.jpg,3.0,870,90,370,90,1078.2,847.1,19.5,,336.0,HB,3.3,2.4,0.35,0.01,0.056,0.054,0.7,0.25
Cu.2 3mm,poprawne_adi,GJS Cu.2 lub Cu.2,POPRAWNE_ADI\Cu.2_3mm_1000x,POPRAWNE_ADI\Cu.2_3mm_1000x\Cu.2_3mm_1000x-093.jpg,Cu.2_3mm_1000x-093.jpg,3.0,870,90,370,90,1078.2,847.1,19.5,,336.0,HB,3.3,2.4,0.35,0.01,0.056,0.054,0.7,0.25
Cu.2 3mm,poprawne_adi,GJS Cu.2 lub Cu.2,POPRAWNE_ADI\Cu.2_3mm_1000x,POPRAWNE_ADI\Cu.2_3mm_1000x\Cu.2_3mm_1000x-094.jpg,Cu.2_3mm_1000x-094.jpg,3.0,870,90,370,90,1078.2,847.1,19.5,,336.0,HB,3.3,2.4,0.35,0.01,0.056,0.054,0.7,0.25
Cu.2 3mm,poprawne_adi,GJS Cu.2 lub Cu.2,POPRAWNE_ADI\Cu.2_3mm_1000x,POPRAWNE_ADI\Cu.2_3mm_1000x\Cu.2_3mm_1000x-095.jpg,Cu.2_3mm_1000x-095.jpg,3.0,870,90,370,90,1078.2,847.1,19.5,,336.0,HB,3.3,2.4,0.35,0.01,0.056,0.054,0.7,0.25
Cu.2 3mm,poprawne_adi,GJS Cu.2 lub Cu.2,POPRAWNE_ADI\Cu.2_3mm_1000x,POPRAWNE_ADI\Cu.2_3mm_1000x\Cu.2_3mm_1000x-096.jpg,Cu.2_3mm_1000x-096.jpg,3.0,870,90,370,90,1078.2,847.1,19.5,,336.0,HB,3.3,2.4,0.35,0.01,0.056,0.054,0.7,0.25
Cu.2 3mm,poprawne_adi,GJS Cu.2 lub Cu.2,POPRAWNE_ADI\Cu.2_3mm_1000x,POPRAWNE_ADI\Cu.2_3mm_1000x\Cu.2_3mm_1000x-097.jpg,Cu.2_3mm_1000x-097.jpg,3.0,870,90,370,90,1078.2,847.1,19.5,,336.0,HB,3.3,2.4,0.35,0.01,0.056,0.054,0.7,0.25
Cu.2 3mm,poprawne_adi,GJS Cu.2 lub Cu.2,POPRAWNE_ADI\Cu.2_3mm_1000x,POPRAWNE_ADI\Cu.2_3mm_1000x\Cu.2_3mm_1000x-098.jpg,Cu.2_3mm_1000x-098.jpg,3.0,870,90,370,90,1078.2,847.1,19.5,,336.0,HB,3.3,2.4,0.35,0.01,0.056,0.054,0.7,0.25
Cu.2 3mm,poprawne_adi,GJS Cu.2 lub Cu.2,POPRAWNE_ADI\Cu.2_3mm_1000x,POPRAWNE_ADI\Cu.2_3mm_1000x\Cu.2_3mm_1000x-099.jpg,Cu.2_3mm_1000x-099.jpg,3.0,870,90,370,90,1078.2,847.1,19.5,,336.0,HB,3.3,2.4,0.35,0.01,0.056,0.054,0.7,0.25
Cu.2 3mm,poprawne_adi,GJS Cu.2 lub Cu.2,POPRAWNE_ADI\Cu.2_3mm_1000x,POPRAWNE_ADI\Cu.2_3mm_1000x\Cu.2_3mm_1000x-100.jpg,Cu.2_3mm_1000x-100.jpg,3.0,870,90,370,90,1078.2,847.1,19.5,,336.0,HB,3.3,2.4,0.35,0.01,0.056,0.054,0.7,0.25
Cu.2 3mm,poprawne_adi,GJS Cu.2 lub Cu.2,POPRAWNE_ADI\Cu.2_3mm_1000x,POPRAWNE_ADI\Cu.2_3mm_1000x\Cu.2_3mm_1000x-101.jpg,Cu.2_3mm_1000x-101.jpg,3.0,870,90,370,90,1078.2,847.1,19.5,,336.0,HB,3.3,2.4,0.35,0.01,0.056,0.054,0.7,0.25
Cu.2 3mm,poprawne_adi,GJS Cu.2 lub Cu.2,POPRAWNE_ADI\Cu.2_3mm_1000x,POPRAWNE_ADI\Cu.2_3mm_1000x\Cu.2_3mm_1000x-102.jpg,Cu.2_3mm_1000x-102.jpg,3.0,870,90,370,90,1078.2,847.1,19.5,,336.0,HB,3.3,2.4,0.35,0.01,0.056,0.054,0.7,0.25
Cu.2 3mm,poprawne_adi,GJS Cu.2 lub Cu.2,POPRAWNE_ADI\Cu.2_3mm_1000x,POPRAWNE_ADI\Cu.2_3mm_1000x\Cu.2_3mm_1000x-103.jpg,Cu.2_3mm_1000x-103.jpg,3.0,870,90,370,90,1078.2,847.1,19.5,,336.0,HB,3.3,2.4,0.35,0.01,0.056,0.054,0.7,0.25
Cu.2 3mm,poprawne_adi,GJS Cu.2 lub Cu.2,POPRAWNE_ADI\Cu.2_3mm_1000x,POPRAWNE_ADI\Cu.2_3mm_1000x\Cu.2_3mm_1000x-104.jpg,Cu.2_3mm_1000x-104.jpg,3.0,870,90,370,90,1078.2,847.1,19.5,,336.0,HB,3.3,2.4,0.35,0.01,0.056,0.054,0.7,0.25
Cu.2 3mm,poprawne_adi,GJS Cu.2 lub Cu.2,POPRAWNE_ADI\Cu.2_3mm_1000x,POPRAWNE_ADI\Cu.2_3mm_1000x\Cu.2_3mm_1000x-105.jpg,Cu.2_3mm_1000x-105.jpg,3.0,870,90,370,90,1078.2,847.1,19.5,,336.0,HB,3.3,2.4,0.35,0.01,0.056,0.054,0.7,0.25
Cu.2 3mm,poprawne_adi,GJS Cu.2 lub Cu.2,POPRAWNE_ADI\Cu.2_3mm_1000x,POPRAWNE_ADI\Cu.2_3mm_1000x\Cu.2_3mm_1000x-106.jpg,Cu.2_3mm_1000x-106.jpg,3.0,870,90,370,90,1078.2,847.1,19.5,,336.0,HB,3.3,2.4,0.35,0.01,0.056,0.054,0.7,0.25
Cu.2 3mm,poprawne_adi,GJS Cu.2 lub Cu.2,POPRAWNE_ADI\Cu.2_3mm_1000x,POPRAWNE_ADI\Cu.2_3mm_1000x\Cu.2_3mm_1000x-107.jpg,Cu.2_3mm_1000x-107.jpg,3.0,870,90,370,90,1078.2,847.1,19.5,,336.0,HB,3.3,2.4,0.35,0.01,0.056,0.054,0.7,0.25
Cu.2 3mm,poprawne_adi,GJS Cu.2 lub Cu.2,POPRAWNE_ADI\Cu.2_3mm_1000x,POPRAWNE_ADI\Cu.2_3mm_1000x\Cu.2_3mm_1000x-108.jpg,Cu.2_3mm_1000x-108.jpg,3.0,870,90,370,90,1078.2,847.1,19.5,,336.0,HB,3.3,2.4,0.35,0.01,0.056,0.054,0.7,0.25
Cu.2 3mm,poprawne_adi,GJS Cu.2 lub Cu.2,POPRAWNE_ADI\Cu.2_3mm_1000x,POPRAWNE_ADI\Cu.2_3mm_1000x\Cu.2_3mm_1000x-109.jpg,Cu.2_3mm_1000x-109.jpg,3.0,870,90,370,90,1078.2,847.1,19.5,,336.0,HB,3.3,2.4,0.35,0.01,0.056,0.054,0.7,0.25
Cu.2 3mm,poprawne_adi,GJS Cu.2 lub Cu.2,POPRAWNE_ADI\Cu.2_3mm_1000x,POPRAWNE_ADI\Cu.2_3mm_1000x\Cu.2_3mm_1000x-110.jpg,Cu.2_3mm_1000x-110.jpg,3.0,870,90,370,90,1078.2,847.1,19.5,,336.0,HB,3.3,2.4,0.35,0.01,0.056,0.054,0.7,0.25
Cu.2 3mm,poprawne_adi,GJS Cu.2 lub Cu.2,POPRAWNE_ADI\Cu.2_3mm_1000x,POPRAWNE_ADI\Cu.2_3mm_1000x\Cu.2_3mm_1000x-111.jpg,Cu.2_3mm_1000x-111.jpg,3.0,870,90,370,90,1078.2,847.1,19.5,,336.0,HB,3.3,2.4,0.35,0.01,0.056,0.054,0.7,0.25
Cu.2 3mm,poprawne_adi,GJS Cu.2 lub Cu.2,POPRAWNE_ADI\Cu.2_3mm_1000x,POPRAWNE_ADI\Cu.2_3mm_1000x\Cu.2_3mm_1000x-112.jpg,Cu.2_3mm_1000x-112.jpg,3.0,870,90,370,90,1078.2,847.1,19.5,,336.0,HB,3.3,2.4,0.35,0.01,0.056,0.054,0.7,0.25
Cu.2 3mm,poprawne_adi,GJS Cu.2 lub Cu.2,POPRAWNE_ADI\Cu.2_3mm_1000x,POPRAWNE_ADI\Cu.2_3mm_1000x\Cu.2_3mm_1000x-113.jpg,Cu.2_3mm_1000x-113.jpg,3.0,870,90,370,90,1078.2,847.1,19.5,,336.0,HB,3.3,2.4,0.35,0.01,0.056,0.054,0.7,0.25
Cu.2 3mm,poprawne_adi,GJS Cu.2 lub Cu.2,POPRAWNE_ADI\Cu.2_3mm_1000x,POPRAWNE_ADI\Cu.2_3mm_1000x\Cu.2_3mm_1000x-114.jpg,Cu.2_3mm_1000x-114.jpg,3.0,870,90,370,90,1078.2,847.1,19.5,,336.0,HB,3.3,2.4,0.35,0.01,0.056,0.054,0.7,0.25
Cu.2 3mm,poprawne_adi,GJS Cu.2 lub Cu.2,POPRAWNE_ADI\Cu.2_3mm_1000x,POPRAWNE_ADI\Cu.2_3mm_1000x\Cu.2_3mm_1000x-115.jpg,Cu.2_3mm_1000x-115.jpg,3.0,870,90,370,90,1078.2,847.1,19.5,,336.0,HB,3.3,2.4,0.35,0.01,0.056,0.054,0.7,0.25
Cu.2 3mm,poprawne_adi,GJS Cu.2 lub Cu.2,POPRAWNE_ADI\Cu.2_3mm_1000x,POPRAWNE_ADI\Cu.2_3mm_1000x\Cu.2_3mm_1000x-116.jpg,Cu.2_3mm_1000x-116.jpg,3.0,870,90,370,90,1078.2,847.1,19.5,,336.0,HB,3.3,2.4,0.35,0.01,0.056,0.054,0.7,0.25
Cu.2 3mm,poprawne_adi,GJS Cu.2 lub Cu.2,POPRAWNE_ADI\Cu.2_3mm_1000x,POPRAWNE_ADI\Cu.2_3mm_1000x\Cu.2_3mm_1000x-117.jpg,Cu.2_3mm_1000x-117.jpg,3.0,870,90,370,90,1078.2,847.1,19.5,,336.0,HB,3.3,2.4,0.35,0.01,0.056,0.054,0.7,0.25
Cu.2 3mm,poprawne_adi,GJS Cu.2 lub Cu.2,POPRAWNE_ADI\Cu.2_3mm_1000x,POPRAWNE_ADI\Cu.2_3mm_1000x\Cu.2_3mm_1000x-118.jpg,Cu.2_3mm_1000x-118.jpg,3.0,870,90,370,90,1078.2,847.1,19.5,,336.0,HB,3.3,2.4,0.35,0.01,0.056,0.054,0.7,0.25
Cu.2 3mm,poprawne_adi,GJS Cu.2 lub Cu.2,POPRAWNE_ADI\Cu.2_3mm_1000x,POPRAWNE_ADI\Cu.2_3mm_1000x\Cu.2_3mm_1000x-119.jpg,Cu.2_3mm_1000x-119.jpg,3.0,870,90,370,90,1078.2,847.1,19.5,,336.0,HB,3.3,2.4,0.35,0.01,0.056,0.054,0.7,0.25
Cu.2 3mm,poprawne_adi,GJS Cu.2 lub Cu.2,POPRAWNE_ADI\Cu.2_3mm_1000x,POPRAWNE_ADI\Cu.2_3mm_1000x\Cu.2_3mm_1000x-120.jpg,Cu.2_3mm_1000x-120.jpg,3.0,870,90,370,90,1078.2,847.1,19.5,,336.0,HB,3.3,2.4,0.35,0.01,0.056,0.054,0.7,0.25
Cu.2 3mm,poprawne_adi,GJS Cu.2 lub Cu.2,POPRAWNE_ADI\Cu.2_3mm_1000x,POPRAWNE_ADI\Cu.2_3mm_1000x\Cu.2_3mm_1000x-121.jpg,Cu.2_3mm_1000x-121.jpg,3.0,870,90,370,90,1078.2,847.1,19.5,,336.0,HB,3.3,2.4,0.35,0.01,0.056,0.054,0.7,0.25
Cu.2 3mm,poprawne_adi,GJS Cu.2 lub Cu.2,POPRAWNE_ADI\Cu.2_3mm_1000x,POPRAWNE_ADI\Cu.2_3mm_1000x\Cu.2_3mm_1000x-122.jpg,Cu.2_3mm_1000x-122.jpg,3.0,870,90,370,90,1078.2,847.1,19.5,,336.0,HB,3.3,2.4,0.35,0.01,0.056,0.054,0.7,0.25
Cu.2 3mm,poprawne_adi,GJS Cu.2 lub Cu.2,POPRAWNE_ADI\Cu.2_3mm_1000x,POPRAWNE_ADI\Cu.2_3mm_1000x\Cu.2_3mm_1000x-123.jpg,Cu.2_3mm_1000x-123.jpg,3.0,870,90,370,90,1078.2,847.1,19.5,,336.0,HB,3.3,2.4,0.35,0.01,0.056,0.054,0.7,0.25
Cu.2 3mm,poprawne_adi,GJS Cu.2 lub Cu.2,POPRAWNE_ADI\Cu.2_3mm_1000x,POPRAWNE_ADI\Cu.2_3mm_1000x\Cu.2_3mm_1000x-124.jpg,Cu.2_3mm_1000x-124.jpg,3.0,870,90,370,90,1078.2,847.1,19.5,,336.0,HB,3.3,2.4,0.35,0.01,0.056,0.054,0.7,0.25
Cu.2 3mm,poprawne_adi,GJS Cu.2 lub Cu.2,POPRAWNE_ADI\Cu.2_3mm_1000x,POPRAWNE_ADI\Cu.2_3mm_1000x\Cu.2_3mm_1000x-125.jpg,Cu.2_3mm_1000x-125.jpg,3.0,870,90,370,90,1078.2,847.1,19.5,,336.0,HB,3.3,2.4,0.35,0.01,0.056,0.054,0.7,0.25
Cu.2 3mm,poprawne_adi,GJS Cu.2 lub Cu.2,POPRAWNE_ADI\Cu.2_3mm_1000x,POPRAWNE_ADI\Cu.2_3mm_1000x\Cu.2_3mm_1000x-126.jpg,Cu.2_3mm_1000x-126.jpg,3.0,870,90,370,90,1078.2,847.1,19.5,,336.0,HB,3.3,2.4,0.35,0.01,0.056,0.054,0.7,0.25
Cu.2 3mm,poprawne_adi,GJS Cu.2 lub Cu.2,POPRAWNE_ADI\Cu.2_3mm_1000x,POPRAWNE_ADI\Cu.2_3mm_1000x\Cu.2_3mm_1000x-127.jpg,Cu.2_3mm_1000x-127.jpg,3.0,870,90,370,90,1078.2,847.1,19.5,,336.0,HB,3.3,2.4,0.35,0.01,0.056,0.054,0.7,0.25
Cu.2 3mm,poprawne_adi,GJS Cu.2 lub Cu.2,POPRAWNE_ADI\Cu.2_3mm_1000x,POPRAWNE_ADI\Cu.2_3mm_1000x\Cu.2_3mm_1000x-128.jpg,Cu.2_3mm_1000x-128.jpg,3.0,870,90,370,90,1078.2,847.1,19.5,,336.0,HB,3.3,2.4,0.35,0.01,0.056,0.054,0.7,0.25
Cu.2 3mm,poprawne_adi,GJS Cu.2 lub Cu.2,POPRAWNE_ADI\Cu.2_3mm_1000x,POPRAWNE_ADI\Cu.2_3mm_1000x\Cu.2_3mm_1000x-129.jpg,Cu.2_3mm_1000x-129.jpg,3.0,870,90,370,90,1078.2,847.1,19.5,,336.0,HB,3.3,2.4,0.35,0.01,0.056,0.054,0.7,0.25
Cu.2 3mm,poprawne_adi,GJS Cu.2 lub Cu.2,POPRAWNE_ADI\Cu.2_3mm_1000x,POPRAWNE_ADI\Cu.2_3mm_1000x\Cu.2_3mm_1000x-130.jpg,Cu.2_3mm_1000x-130.jpg,3.0,870,90,370,90,1078.2,847.1,19.5,,336.0,HB,3.3,2.4,0.35,0.01,0.056,0.054,0.7,0.25
Cu.2 3mm,poprawne_adi,GJS Cu.2 lub Cu.2,POPRAWNE_ADI\Cu.2_3mm_1000x,POPRAWNE_ADI\Cu.2_3mm_1000x\Cu.2_3mm_1000x-131.jpg,Cu.2_3mm_1000x-131.jpg,3.0,870,90,370,90,1078.2,847.1,19.5,,336.0,HB,3.3,2.4,0.35,0.01,0.056,0.054,0.7,0.25
Cu.2 3mm,poprawne_adi,GJS Cu.2 lub Cu.2,POPRAWNE_ADI\Cu.2_3mm_1000x,POPRAWNE_ADI\Cu.2_3mm_1000x\Cu.2_3mm_1000x-132.jpg,Cu.2_3mm_1000x-132.jpg,3.0,870,90,370,90,1078.2,847.1,19.5,,336.0,HB,3.3,2.4,0.35,0.01,0.056,0.054,0.7,0.25
Cu.2 3mm,poprawne_adi,GJS Cu.2 lub Cu.2,POPRAWNE_ADI\Cu.2_3mm_1000x,POPRAWNE_ADI\Cu.2_3mm_1000x\Cu.2_3mm_1000x-133.jpg,Cu.2_3mm_1000x-133.jpg,3.0,870,90,370,90,1078.2,847.1,19.5,,336.0,HB,3.3,2.4,0.35,0.01,0.056,0.054,0.7,0.25
Cu.2 3mm,poprawne_adi,GJS Cu.2 lub Cu.2,POPRAWNE_ADI\Cu.2_3mm_1000x,POPRAWNE_ADI\Cu.2_3mm_1000x\Cu.2_3mm_1000x-134.jpg,Cu.2_3mm_1000x-134.jpg,3.0,870,90,370,90,1078.2,847.1,19.5,,336.0,HB,3.3,2.4,0.35,0.01,0.056,0.054,0.7,0.25
Cu.2 3mm,poprawne_adi,GJS Cu.2 lub Cu.2,POPRAWNE_ADI\Cu.2_3mm_1000x,POPRAWNE_ADI\Cu.2_3mm_1000x\Cu.2_3mm_1000x-135.jpg,Cu.2_3mm_1000x-135.jpg,3.0,870,90,370,90,1078.2,847.1,19.5,,336.0,HB,3.3,2.4,0.35,0.01,0.056,0.054,0.7,0.25
Cu.2 3mm,poprawne_adi,GJS Cu.2 lub Cu.2,POPRAWNE_ADI\Cu.2_3mm_1000x,POPRAWNE_ADI\Cu.2_3mm_1000x\Cu.2_3mm_1000x-136.jpg,Cu.2_3mm_1000x-136.jpg,3.0,870,90,370,90,1078.2,847.1,19.5,,336.0,HB,3.3,2.4,0.35,0.01,0.056,0.054,0.7,0.25
Cu.2 3mm,poprawne_adi,GJS Cu.2 lub Cu.2,POPRAWNE_ADI\Cu.2_3mm_1000x,POPRAWNE_ADI\Cu.2_3mm_1000x\Cu.2_3mm_1000x-137.jpg,Cu.2_3mm_1000x-137.jpg,3.0,870,90,370,90,1078.2,847.1,19.5,,336.0,HB,3.3,2.4,0.35,0.01,0.056,0.054,0.7,0.25
Cu.2 3mm,poprawne_adi,GJS Cu.2 lub Cu.2,POPRAWNE_ADI\Cu.2_3mm_1000x,POPRAWNE_ADI\Cu.2_3mm_1000x\Cu.2_3mm_1000x-138.jpg,Cu.2_3mm_1000x-138.jpg,3.0,870,90,370,90,1078.2,847.1,19.5,,336.0,HB,3.3,2.4,0.35,0.01,0.056,0.054,0.7,0.25
Cu.2 3mm,poprawne_adi,GJS Cu.2 lub Cu.2,POPRAWNE_ADI\Cu.2_3mm_1000x,POPRAWNE_ADI\Cu.2_3mm_1000x\Cu.2_3mm_1000x-139.jpg,Cu.2_3mm_1000x-139.jpg,3.0,870,90,370,90,1078.2,847.1,19.5,,336.0,HB,3.3,2.4,0.35,0.01,0.056,0.054,0.7,0.25
Cu.2 3mm,poprawne_adi,GJS Cu.2 lub Cu.2,POPRAWNE_ADI\Cu.2_3mm_1000x,POPRAWNE_ADI\Cu.2_3mm_1000x\Cu.2_3mm_1000x-140.jpg,Cu.2_3mm_1000x-140.jpg,3.0,870,90,370,90,1078.2,847.1,19.5,,336.0,HB,3.3,2.4,0.35,0.01,0.056,0.054,0.7,0.25
Cu.2 3mm,poprawne_adi,GJS Cu.2 lub Cu.2,POPRAWNE_ADI\Cu.2_3mm_1000x,POPRAWNE_ADI\Cu.2_3mm_1000x\Cu.2_3mm_1000x-141.jpg,Cu.2_3mm_1000x-141.jpg,3.0,870,90,370,90,1078.2,847.1,19.5,,336.0,HB,3.3,2.4,0.35,0.01,0.056,0.054,0.7,0.25
Cu.2 3mm,poprawne_adi,GJS Cu.2 lub Cu.2,POPRAWNE_ADI\Cu.2_3mm_1000x,POPRAWNE_ADI\Cu.2_3mm_1000x\Cu.2_3mm_1000x-142.jpg,Cu.2_3mm_1000x-142.jpg,3.0,870,90,370,90,1078.2,847.1,19.5,,336.0,HB,3.3,2.4,0.35,0.01,0.056,0.054,0.7,0.25
Cu.2 3mm,poprawne_adi,GJS Cu.2 lub Cu.2,POPRAWNE_ADI\Cu.2_3mm_1000x,POPRAWNE_ADI\Cu.2_3mm_1000x\Cu.2_3mm_1000x-143.jpg,Cu.2_3mm_1000x-143.jpg,3.0,870,90,370,90,1078.2,847.1,19.5,,336.0,HB,3.3,2.4,0.35,0.01,0.056,0.054,0.7,0.25
Cu.2 3mm,poprawne_adi,GJS Cu.2 lub Cu.2,POPRAWNE_ADI\Cu.2_3mm_1000x,POPRAWNE_ADI\Cu.2_3mm_1000x\Cu.2_3mm_1000x-144.jpg,Cu.2_3mm_1000x-144.jpg,3.0,870,90,370,90,1078.2,847.1,19.5,,336.0,HB,3.3,2.4,0.35,0.01,0.056,0.054,0.7,0.25
Cu.2 3mm,poprawne_adi,GJS Cu.2 lub Cu.2,POPRAWNE_ADI\Cu.2_3mm_1000x,POPRAWNE_ADI\Cu.2_3mm_1000x\Cu.2_3mm_1000x-145.jpg,Cu.2_3mm_1000x-145.jpg,3.0,870,90,370,90,1078.2,847.1,19.5,,336.0,HB,3.3,2.4,0.35,0.01,0.056,0.054,0.7,0.25
Cu.2 3mm,poprawne_adi,GJS Cu.2 lub Cu.2,POPRAWNE_ADI\Cu.2_3mm_1000x,POPRAWNE_ADI\Cu.2_3mm_1000x\Cu.2_3mm_1000x-146.jpg,Cu.2_3mm_1000x-146.jpg,3.0,870,90,370,90,1078.2,847.1,19.5,,336.0,HB,3.3,2.4,0.35,0.01,0.056,0.054,0.7,0.25
Cu.2 3mm,poprawne_adi,GJS Cu.2 lub Cu.2,POPRAWNE_ADI\Cu.2_3mm_1000x,POPRAWNE_ADI\Cu.2_3mm_1000x\Cu.2_3mm_1000x-147.jpg,Cu.2_3mm_1000x-147.jpg,3.0,870,90,370,90,1078.2,847.1,19.5,,336.0,HB,3.3,2.4,0.35,0.01,0.056,0.054,0.7,0.25
Cu.2 3mm,poprawne_adi,GJS Cu.2 lub Cu.2,POPRAWNE_ADI\Cu.2_3mm_1000x,POPRAWNE_ADI\Cu.2_3mm_1000x\Cu.2_3mm_1000x-148.jpg,Cu.2_3mm_1000x-148.jpg,3.0,870,90,370,90,1078.2,847.1,19.5,,336.0,HB,3.3,2.4,0.35,0.01,0.056,0.054,0.7,0.25
Cu.2 3mm,poprawne_adi,GJS Cu.2 lub Cu.2,POPRAWNE_ADI\Cu.2_3mm_1000x,POPRAWNE_ADI\Cu.2_3mm_1000x\Cu.2_3mm_1000x-149.jpg,Cu.2_3mm_1000x-149.jpg,3.0,870,90,370,90,1078.2,847.1,19.5,,336.0,HB,3.3,2.4,0.35,0.01,0.056,0.054,0.7,0.25
Cu.2 3mm,poprawne_adi,GJS Cu.2 lub Cu.2,POPRAWNE_ADI\Cu.2_3mm_1000x,POPRAWNE_ADI\Cu.2_3mm_1000x\Cu.2_3mm_1000x-150.jpg,Cu.2_3mm_1000x-150.jpg,3.0,870,90,370,90,1078.2,847.1,19.5,,336.0,HB,3.3,2.4,0.35,0.01,0.056,0.054,0.7,0.25
Cu.2 3mm,poprawne_adi,GJS Cu.2 lub Cu.2,POPRAWNE_ADI\Cu.2_3mm_1000x,POPRAWNE_ADI\Cu.2_3mm_1000x\Cu.2_3mm_1000x-151.jpg,Cu.2_3mm_1000x-151.jpg,3.0,870,90,370,90,1078.2,847.1,19.5,,336.0,HB,3.3,2.4,0.35,0.01,0.056,0.054,0.7,0.25
Cu.2 3mm,poprawne_adi,GJS Cu.2 lub Cu.2,POPRAWNE_ADI\Cu.2_3mm_1000x,POPRAWNE_ADI\Cu.2_3mm_1000x\Cu.2_3mm_1000x-152.jpg,Cu.2_3mm_1000x-152.jpg,3.0,870,90,370,90,1078.2,847.1,19.5,,336.0,HB,3.3,2.4,0.35,0.01,0.056,0.054,0.7,0.25
Cu.2 3mm,poprawne_adi,GJS Cu.2 lub Cu.2,POPRAWNE_ADI\Cu.2_3mm_1000x,POPRAWNE_ADI\Cu.2_3mm_1000x\Cu.2_3mm_1000x-153.jpg,Cu.2_3mm_1000x-153.jpg,3.0,870,90,370,90,1078.2,847.1,19.5,,336.0,HB,3.3,2.4,0.35,0.01,0.056,0.054,0.7,0.25
Cu.2 3mm,poprawne_adi,GJS Cu.2 lub Cu.2,POPRAWNE_ADI\Cu.2_3mm_1000x,POPRAWNE_ADI\Cu.2_3mm_1000x\Cu.2_3mm_1000x-154.jpg,Cu.2_3mm_1000x-154.jpg,3.0,870,90,370,90,1078.2,847.1,19.5,,336.0,HB,3.3,2.4,0.35,0.01,0.056,0.054,0.7,0.25
Cu.2 3mm,poprawne_adi,GJS Cu.2 lub Cu.2,POPRAWNE_ADI\Cu.2_3mm_1000x,POPRAWNE_ADI\Cu.2_3mm_1000x\Cu.2_3mm_1000x-155.jpg,Cu.2_3mm_1000x-155.jpg,3.0,870,90,370,90,1078.2,847.1,19.5,,336.0,HB,3.3,2.4,0.35,0.01,0.056,0.054,0.7,0.25
Cu.2 3mm,poprawne_adi,GJS Cu.2 lub Cu.2,POPRAWNE_ADI\Cu.2_3mm_1000x,POPRAWNE_ADI\Cu.2_3mm_1000x\Cu.2_3mm_1000x-156.jpg,Cu.2_3mm_1000x-156.jpg,3.0,870,90,370,90,1078.2,847.1,19.5,,336.0,HB,3.3,2.4,0.35,0.01,0.056,0.054,0.7,0.25
Cu.2 3mm,poprawne_adi,GJS Cu.2 lub Cu.2,POPRAWNE_ADI\Cu.2_3mm_1000x,POPRAWNE_ADI\Cu.2_3mm_1000x\Cu.2_3mm_1000x-157.jpg,Cu.2_3mm_1000x-157.jpg,3.0,870,90,370,90,1078.2,847.1,19.5,,336.0,HB,3.3,2.4,0.35,0.01,0.056,0.054,0.7,0.25
Cu.2 3mm,poprawne_adi,GJS Cu.2 lub Cu.2,POPRAWNE_ADI\Cu.2_3mm_1000x,POPRAWNE_ADI\Cu.2_3mm_1000x\Cu.2_3mm_1000x-158.jpg,Cu.2_3mm_1000x-158.jpg,3.0,870,90,370,90,1078.2,847.1,19.5,,336.0,HB,3.3,2.4,0.35,0.01,0.056,0.054,0.7,0.25
Cu.2 3mm,poprawne_adi,GJS Cu.2 lub Cu.2,POPRAWNE_ADI\Cu.2_3mm_1000x,POPRAWNE_ADI\Cu.2_3mm_1000x\Cu.2_3mm_1000x-159.jpg,Cu.2_3mm_1000x-159.jpg,3.0,870,90,370,90,1078.2,847.1,19.5,,336.0,HB,3.3,2.4,0.35,0.01,0.056,0.054,0.7,0.25
Cu.2 3mm,poprawne_adi,GJS Cu.2 lub Cu.2,POPRAWNE_ADI\Cu.2_3mm_1000x,POPRAWNE_ADI\Cu.2_3mm_1000x\Cu.2_3mm_1000x-160.jpg,Cu.2_3mm_1000x-160.jpg,3.0,870,90,370,90,1078.2,847.1,19.5,,336.0,HB,3.3,2.4,0.35,0.01,0.056,0.054,0.7,0.25
Cu.2 3mm,poprawne_adi,GJS Cu.2 lub Cu.2,POPRAWNE_ADI\Cu.2_3mm_1000x,POPRAWNE_ADI\Cu.2_3mm_1000x\Cu.2_3mm_1000x-161.jpg,Cu.2_3mm_1000x-161.jpg,3.0,870,90,370,90,1078.2,847.1,19.5,,336.0,HB,3.3,2.4,0.35,0.01,0.056,0.054,0.7,0.25
Cu.2 3mm,poprawne_adi,GJS Cu.2 lub Cu.2,POPRAWNE_ADI\Cu.2_3mm_1000x,POPRAWNE_ADI\Cu.2_3mm_1000x\Cu.2_3mm_1000x-162.jpg,Cu.2_3mm_1000x-162.jpg,3.0,870,90,370,90,1078.2,847.1,19.5,,336.0,HB,3.3,2.4,0.35,0.01,0.056,0.054,0.7,0.25
Cu.2 3mm,poprawne_adi,GJS Cu.2 lub Cu.2,POPRAWNE_ADI\Cu.2_3mm_1000x,POPRAWNE_ADI\Cu.2_3mm_1000x\Cu.2_3mm_1000x-163.jpg,Cu.2_3mm_1000x-163.jpg,3.0,870,90,370,90,1078.2,847.1,19.5,,336.0,HB,3.3,2.4,0.35,0.01,0.056,0.054,0.7,0.25
Cu.2 3mm,poprawne_adi,GJS Cu.2 lub Cu.2,POPRAWNE_ADI\Cu.2_3mm_1000x,POPRAWNE_ADI\Cu.2_3mm_1000x\Cu.2_3mm_1000x-164.jpg,Cu.2_3mm_1000x-164.jpg,3.0,870,90,370,90,1078.2,847.1,19.5,,336.0,HB,3.3,2.4,0.35,0.01,0.056,0.054,0.7,0.25
Cu.2 3mm,poprawne_adi,GJS Cu.2 lub Cu.2,POPRAWNE_ADI\Cu.2_3mm_1000x,POPRAWNE_ADI\Cu.2_3mm_1000x\Cu.2_3mm_1000x-165.jpg,Cu.2_3mm_1000x-165.jpg,3.0,870,90,370,90,1078.2,847.1,19.5,,336.0,HB,3.3,2.4,0.35,0.01,0.056,0.054,0.7,0.25
Cu.2 3mm,poprawne_adi,GJS Cu.2 lub Cu.2,POPRAWNE_ADI\Cu.2_3mm_1000x,POPRAWNE_ADI\Cu.2_3mm_1000x\Cu.2_3mm_1000x-166.jpg,Cu.2_3mm_1000x-166.jpg,3.0,870,90,370,90,1078.2,847.1,19.5,,336.0,HB,3.3,2.4,0.35,0.01,0.056,0.054,0.7,0.25
Cu.2 3mm,poprawne_adi,GJS Cu.2 lub Cu.2,POPRAWNE_ADI\Cu.2_3mm_1000x,POPRAWNE_ADI\Cu.2_3mm_1000x\Cu.2_3mm_1000x-167.jpg,Cu.2_3mm_1000x-167.jpg,3.0,870,90,370,90,1078.2,847.1,19.5,,336.0,HB,3.3,2.4,0.35,0.01,0.056,0.054,0.7,0.25
Cu.2 3mm,poprawne_adi,GJS Cu.2 lub Cu.2,POPRAWNE_ADI\Cu.2_3mm_1000x,POPRAWNE_ADI\Cu.2_3mm_1000x\Cu.2_3mm_1000x-168.jpg,Cu.2_3mm_1000x-168.jpg,3.0,870,90,370,90,1078.2,847.1,19.5,,336.0,HB,3.3,2.4,0.35,0.01,0.056,0.054,0.7,0.25
Cu.2 3mm,poprawne_adi,GJS Cu.2 lub Cu.2,POPRAWNE_ADI\Cu.2_3mm_1000x,POPRAWNE_ADI\Cu.2_3mm_1000x\Cu.2_3mm_1000x-169.jpg,Cu.2_3mm_1000x-169.jpg,3.0,870,90,370,90,1078.2,847.1,19.5,,336.0,HB,3.3,2.4,0.35,0.01,0.056,0.054,0.7,0.25
Cu.2 3mm,poprawne_adi,GJS Cu.2 lub Cu.2,POPRAWNE_ADI\Cu.2_3mm_1000x,POPRAWNE_ADI\Cu.2_3mm_1000x\Cu.2_3mm_1000x-170.jpg,Cu.2_3mm_1000x-170.jpg,3.0,870,90,370,90,1078.2,847.1,19.5,,336.0,HB,3.3,2.4,0.35,0.01,0.056,0.054,0.7,0.25
Cu.2 3mm,poprawne_adi,GJS Cu.2 lub Cu.2,POPRAWNE_ADI\Cu.2_3mm_1000x,POPRAWNE_ADI\Cu.2_3mm_1000x\Cu.2_3mm_1000x-171.jpg,Cu.2_3mm_1000x-171.jpg,3.0,870,90,370,90,1078.2,847.1,19.5,,336.0,HB,3.3,2.4,0.35,0.01,0.056,0.054,0.7,0.25
Cu.2 3mm,poprawne_adi,GJS Cu.2 lub Cu.2,POPRAWNE_ADI\Cu.2_3mm_1000x,POPRAWNE_ADI\Cu.2_3mm_1000x\Cu.2_3mm_1000x-172.jpg,Cu.2_3mm_1000x-172.jpg,3.0,870,90,370,90,1078.2,847.1,19.5,,336.0,HB,3.3,2.4,0.35,0.01,0.056,0.054,0.7,0.25
Cu.2 3mm,poprawne_adi,GJS Cu.2 lub Cu.2,POPRAWNE_ADI\Cu.2_3mm_1000x,POPRAWNE_ADI\Cu.2_3mm_1000x\Cu.2_3mm_1000x-173.jpg,Cu.2_3mm_1000x-173.jpg,3.0,870,90,370,90,1078.2,847.1,19.5,,336.0,HB,3.3,2.4,0.35,0.01,0.056,0.054,0.7,0.25
Cu.2 3mm,poprawne_adi,GJS Cu.2 lub Cu.2,POPRAWNE_ADI\Cu.2_3mm_1000x,POPRAWNE_ADI\Cu.2_3mm_1000x\Cu.2_3mm_1000x-174.jpg,Cu.2_3mm_1000x-174.jpg,3.0,870,90,370,90,1078.2,847.1,19.5,,336.0,HB,3.3,2.4,0.35,0.01,0.056,0.054,0.7,0.25
Cu.2 3mm,poprawne_adi,GJS Cu.2 lub Cu.2,POPRAWNE_ADI\Cu.2_3mm_1000x,POPRAWNE_ADI\Cu.2_3mm_1000x\Cu.2_3mm_1000x-175.jpg,Cu.2_3mm_1000x-175.jpg,3.0,870,90,370,90,1078.2,847.1,19.5,,336.0,HB,3.3,2.4,0.35,0.01,0.056,0.054,0.7,0.25
Cu.2 3mm,poprawne_adi,GJS Cu.2 lub Cu.2,POPRAWNE_ADI\Cu.2_3mm_1000x,POPRAWNE_ADI\Cu.2_3mm_1000x\Cu.2_3mm_1000x-176.jpg,Cu.2_3mm_1000x-176.jpg,3.0,870,90,370,90,1078.2,847.1,19.5,,336.0,HB,3.3,2.4,0.35,0.01,0.056,0.054,0.7,0.25
Cu.2 3mm,poprawne_adi,GJS Cu.2 lub Cu.2,POPRAWNE_ADI\Cu.2_3mm_1000x,POPRAWNE_ADI\Cu.2_3mm_1000x\Cu.2_3mm_1000x-177.jpg,Cu.2_3mm_1000x-177.jpg,3.0,870,90,370,90,1078.2,847.1,19.5,,336.0,HB,3.3,2.4,0.35,0.01,0.056,0.054,0.7,0.25
Cu.2 3mm,poprawne_adi,GJS Cu.2 lub Cu.2,POPRAWNE_ADI\Cu.2_3mm_1000x,POPRAWNE_ADI\Cu.2_3mm_1000x\Cu.2_3mm_1000x-178.jpg,Cu.2_3mm_1000x-178.jpg,3.0,870,90,370,90,1078.2,847.1,19.5,,336.0,HB,3.3,2.4,0.35,0.01,0.056,0.054,0.7,0.25
Cu.2 3mm,poprawne_adi,GJS Cu.2 lub Cu.2,POPRAWNE_ADI\Cu.2_3mm_1000x,POPRAWNE_ADI\Cu.2_3mm_1000x\Cu.2_3mm_1000x-179.jpg,Cu.2_3mm_1000x-179.jpg,3.0,870,90,370,90,1078.2,847.1,19.5,,336.0,HB,3.3,2.4,0.35,0.01,0.056,0.054,0.7,0.25
Cu.2 3mm,poprawne_adi,GJS Cu.2 lub Cu.2,POPRAWNE_ADI\Cu.2_3mm_1000x,POPRAWNE_ADI\Cu.2_3mm_1000x\Cu.2_3mm_1000x-180.jpg,Cu.2_3mm_1000x-180.jpg,3.0,870,90,370,90,1078.2,847.1,19.5,,336.0,HB,3.3,2.4,0.35,0.01,0.056,0.054,0.7,0.25
Cu.2 3mm,poprawne_adi,GJS Cu.2 lub Cu.2,POPRAWNE_ADI\Cu.2_3mm_1000x,POPRAWNE_ADI\Cu.2_3mm_1000x\Cu.2_3mm_1000x-181.jpg,Cu.2_3mm_1000x-181.jpg,3.0,870,90,370,90,1078.2,847.1,19.5,,336.0,HB,3.3,2.4,0.35,0.01,0.056,0.054,0.7,0.25
Cu.2 3mm,poprawne_adi,GJS Cu.2 lub Cu.2,POPRAWNE_ADI\Cu.2_3mm_1000x,POPRAWNE_ADI\Cu.2_3mm_1000x\Cu.2_3mm_1000x-182.jpg,Cu.2_3mm_1000x-182.jpg,3.0,870,90,370,90,1078.2,847.1,19.5,,336.0,HB,3.3,2.4,0.35,0.01,0.056,0.054,0.7,0.25
Cu.2 3mm,poprawne_adi,GJS Cu.2 lub Cu.2,POPRAWNE_ADI\Cu.2_3mm_1000x,POPRAWNE_ADI\Cu.2_3mm_1000x\Cu.2_3mm_1000x-183.jpg,Cu.2_3mm_1000x-183.jpg,3.0,870,90,370,90,1078.2,847.1,19.5,,336.0,HB,3.3,2.4,0.35,0.01,0.056,0.054,0.7,0.25
Cu.2 3mm,poprawne_adi,GJS Cu.2 lub Cu.2,POPRAWNE_ADI\Cu.2_3mm_1000x,POPRAWNE_ADI\Cu.2_3mm_1000x\Cu.2_3mm_1000x-184.jpg,Cu.2_3mm_1000x-184.jpg,3.0,870,90,370,90,1078.2,847.1,19.5,,336.0,HB,3.3,2.4,0.35,0.01,0.056,0.054,0.7,0.25
Cu.2 3mm,poprawne_adi,GJS Cu.2 lub Cu.2,POPRAWNE_ADI\Cu.2_3mm_1000x,POPRAWNE_ADI\Cu.2_3mm_1000x\Cu.2_3mm_1000x-185.jpg,Cu.2_3mm_1000x-185.jpg,3.0,870,90,370,90,1078.2,847.1,19.5,,336.0,HB,3.3,2.4,0.35,0.01,0.056,0.054,0.7,0.25
Cu.2 3mm,poprawne_adi,GJS Cu.2 lub Cu.2,POPRAWNE_ADI\Cu.2_3mm_1000x,POPRAWNE_ADI\Cu.2_3mm_1000x\Cu.2_3mm_1000x-186.jpg,Cu.2_3mm_1000x-186.jpg,3.0,870,90,370,90,1078.2,847.1,19.5,,336.0,HB,3.3,2.4,0.35,0.01,0.056,0.054,0.7,0.25
Cu.2 3mm,poprawne_adi,GJS Cu.2 lub Cu.2,POPRAWNE_ADI\Cu.2_3mm_1000x,POPRAWNE_ADI\Cu.2_3mm_1000x\Cu.2_3mm_1000x-187.jpg,Cu.2_3mm_1000x-187.jpg,3.0,870,90,370,90,1078.2,847.1,19.5,,336.0,HB,3.3,2.4,0.35,0.01,0.056,0.054,0.7,0.25
Cu.2 3mm,poprawne_adi,GJS Cu.2 lub Cu.2,POPRAWNE_ADI\Cu.2_3mm_1000x,POPRAWNE_ADI\Cu.2_3mm_1000x\Cu.2_3mm_1000x-188.jpg,Cu.2_3mm_1000x-188.jpg,3.0,870,90,370,90,1078.2,847.1,19.5,,336.0,HB,3.3,2.4,0.35,0.01,0.056,0.054,0.7,0.25
Cu.2 3mm,poprawne_adi,GJS Cu.2 lub Cu.2,POPRAWNE_ADI\Cu.2_3mm_1000x,POPRAWNE_ADI\Cu.2_3mm_1000x\Cu.2_3mm_1000x-189.jpg,Cu.2_3mm_1000x-189.jpg,3.0,870,90,370,90,1078.2,847.1,19.5,,336.0,HB,3.3,2.4,0.35,0.01,0.056,0.054,0.7,0.25
Cu.2 3mm,poprawne_adi,GJS Cu.2 lub Cu.2,POPRAWNE_ADI\Cu.2_3mm_1000x,POPRAWNE_ADI\Cu.2_3mm_1000x\Cu.2_3mm_1000x-190.jpg,Cu.2_3mm_1000x-190.jpg,3.0,870,90,370,90,1078.2,847.1,19.5,,336.0,HB,3.3,2.4,0.35,0.01,0.056,0.054,0.7,0.25
Cu.2 3mm,poprawne_adi,GJS Cu.2 lub Cu.2,POPRAWNE_ADI\Cu.2_3mm_1000x,POPRAWNE_ADI\Cu.2_3mm_1000x\Cu.2_3mm_1000x-191.jpg,Cu.2_3mm_1000x-191.jpg,3.0,870,90,370,90,1078.2,847.1,19.5,,336.0,HB,3.3,2.4,0.35,0.01,0.056,0.054,0.7,0.25
Cu.2 3mm,poprawne_adi,GJS Cu.2 lub Cu.2,POPRAWNE_ADI\Cu.2_3mm_1000x,POPRAWNE_ADI\Cu.2_3mm_1000x\Cu.2_3mm_1000x-192.jpg,Cu.2_3mm_1000x-192.jpg,3.0,870,90,370,90,1078.2,847.1,19.5,,336.0,HB,3.3,2.4,0.35,0.01,0.056,0.054,0.7,0.25
Cu.2 3mm,poprawne_adi,GJS Cu.2 lub Cu.2,POPRAWNE_ADI\Cu.2_3mm_1000x,POPRAWNE_ADI\Cu.2_3mm_1000x\Cu.2_3mm_1000x-193.jpg,Cu.2_3mm_1000x-193.jpg,3.0,870,90,370,90,1078.2,847.1,19.5,,336.0,HB,3.3,2.4,0.35,0.01,0.056,0.054,0.7,0.25
Cu.2 3mm,poprawne_adi,GJS Cu.2 lub Cu.2,POPRAWNE_ADI\Cu.2_3mm_1000x,POPRAWNE_ADI\Cu.2_3mm_1000x\Cu.2_3mm_1000x-194.jpg,Cu.2_3mm_1000x-194.jpg,3.0,870,90,370,90,1078.2,847.1,19.5,,336.0,HB,3.3,2.4,0.35,0.01,0.056,0.054,0.7,0.25
Cu.2 3mm,poprawne_adi,GJS Cu.2 lub Cu.2,POPRAWNE_ADI\Cu.2_3mm_1000x,POPRAWNE_ADI\Cu.2_3mm_1000x\Cu.2_3mm_1000x-195.jpg,Cu.2_3mm_1000x-195.jpg,3.0,870,90,370,90,1078.2,847.1,19.5,,336.0,HB,3.3,2.4,0.35,0.01,0.056,0.054,0.7,0.25
Cu.2 3mm,poprawne_adi,GJS Cu.2 lub Cu.2,POPRAWNE_ADI\Cu.2_3mm_1000x,POPRAWNE_ADI\Cu.2_3mm_1000x\Cu.2_3mm_1000x-196.jpg,Cu.2_3mm_1000x-196.jpg,3.0,870,90,370,90,1078.2,847.1,19.5,,336.0,HB,3.3,2.4,0.35,0.01,0.056,0.054,0.7,0.25
Cu.2 3mm,poprawne_adi,GJS Cu.2 lub Cu.2,POPRAWNE_ADI\Cu.2_3mm_1000x,POPRAWNE_ADI\Cu.2_3mm_1000x\Cu.2_3mm_1000x-197.jpg,Cu.2_3mm_1000x-197.jpg,3.0,870,90,370,90,1078.2,847.1,19.5,,336.0,HB,3.3,2.4,0.35,0.01,0.056,0.054,0.7,0.25
Cu.2 3mm,poprawne_adi,GJS Cu.2 lub Cu.2,POPRAWNE_ADI\Cu.2_3mm_1000x,POPRAWNE_ADI\Cu.2_3mm_1000x\Cu.2_3mm_1000x-198.jpg,Cu.2_3mm_1000x-198.jpg,3.0,870,90,370,90,1078.2,847.1,19.5,,336.0,HB,3.3,2.4,0.35,0.01,0.056,0.054,0.7,0.25
Cu.2 3mm,poprawne_adi,GJS Cu.2 lub Cu.2,POPRAWNE_ADI\Cu.2_3mm_1000x,POPRAWNE_ADI\Cu.2_3mm_1000x\Cu.2_3mm_1000x-199.jpg,Cu.2_3mm_1000x-199.jpg,3.0,870,90,370,90,1078.2,847.1,19.5,,336.0,HB,3.3,2.4,0.35,0.01,0.056,0.054,0.7,0.25
Cu.2 3mm,poprawne_adi,GJS Cu.2 lub Cu.2,POPRAWNE_ADI\Cu.2_3mm_1000x,POPRAWNE_ADI\Cu.2_3mm_1000x\Cu.2_3mm_1000x-200.jpg,Cu.2_3mm_1000x-200.jpg,3.0,870,90,370,90,1078.2,847.1,19.5,,336.0,HB,3.3,2.4,0.35,0.01,0.056,0.054,0.7,0.25
Cu.2 3mm,poprawne_adi,GJS Cu.2 lub Cu.2,POPRAWNE_ADI\Cu.2_3mm_1000x,POPRAWNE_ADI\Cu.2_3mm_1000x\Cu.2_3mm_1000x-201.jpg,Cu.2_3mm_1000x-201.jpg,3.0,870,90,370,90,1078.2,847.1,19.5,,336.0,HB,3.3,2.4,0.35,0.01,0.056,0.054,0.7,0.25
Cu.2 13mm,poprawne_adi,GJS Cu.2 lub Cu.2,POPRAWNE_ADI\Cu.2_13mm_1000x,POPRAWNE_ADI\Cu.2_13mm_1000x\Cu.2_13mm_1000x-001.jpg,Cu.2_13mm_1000x-001.jpg,13.0,870,120,370,120,930.3,668.1,15.0,135.4,332.0,HB,3.3,2.4,0.35,0.01,0.056,0.054,0.7,0.25
Cu.2 13mm,poprawne_adi,GJS Cu.2 lub Cu.2,POPRAWNE_ADI\Cu.2_13mm_1000x,POPRAWNE_ADI\Cu.2_13mm_1000x\Cu.2_13mm_1000x-002.jpg,Cu.2_13mm_1000x-002.jpg,13.0,870,120,370,120,930.3,668.1,15.0,135.4,332.0,HB,3.3,2.4,0.35,0.01,0.056,0.054,0.7,0.25
Cu.2 13mm,poprawne_adi,GJS Cu.2 lub Cu.2,POPRAWNE_ADI\Cu.2_13mm_1000x,POPRAWNE_ADI\Cu.2_13mm_1000x\Cu.2_13mm_1000x-003.jpg,Cu.2_13mm_1000x-003.jpg,13.0,870,120,370,120,930.3,668.1,15.0,135.4,332.0,HB,3.3,2.4,0.35,0.01,0.056,0.054,0.7,0.25
Cu.2 13mm,poprawne_adi,GJS Cu.2 lub Cu.2,POPRAWNE_ADI\Cu.2_13mm_1000x,POPRAWNE_ADI\Cu.2_13mm_1000x\Cu.2_13mm_1000x-004.jpg,Cu.2_13mm_1000x-004.jpg,13.0,870,120,370,120,930.3,668.1,15.0,135.4,332.0,HB,3.3,2.4,0.35,0.01,0.056,0.054,0.7,0.25
Cu.2 13mm,poprawne_adi,GJS Cu.2 lub Cu.2,POPRAWNE_ADI\Cu.2_13mm_1000x,POPRAWNE_ADI\Cu.2_13mm_1000x\Cu.2_13mm_1000x-005.jpg,Cu.2_13mm_1000x-005.jpg,13.0,870,120,370,120,930.3,668.1,15.0,135.4,332.0,HB,3.3,2.4,0.35,0.01,0.056,0.054,0.7,0.25
Cu.2 13mm,poprawne_adi,GJS Cu.2 lub Cu.2,POPRAWNE_ADI\Cu.2_13mm_1000x,POPRAWNE_ADI\Cu.2_13mm_1000x\Cu.2_13mm_1000x-006.jpg,Cu.2_13mm_1000x-006.jpg,13.0,870,120,370,120,930.3,668.1,15.0,135.4,332.0,HB,3.3,2.4,0.35,0.01,0.056,0.054,0.7,0.25
Cu.2 13mm,poprawne_adi,GJS Cu.2 lub Cu.2,POPRAWNE_ADI\Cu.2_13mm_1000x,POPRAWNE_ADI\Cu.2_13mm_1000x\Cu.2_13mm_1000x-007.jpg,Cu.2_13mm_1000x-007.jpg,13.0,870,120,370,120,930.3,668.1,15.0,135.4,332.0,HB,3.3,2.4,0.35,0.01,0.056,0.054,0.7,0.25
Cu.2 13mm,poprawne_adi,GJS Cu.2 lub Cu.2,POPRAWNE_ADI\Cu.2_13mm_1000x,POPRAWNE_ADI\Cu.2_13mm_1000x\Cu.2_13mm_1000x-008.jpg,Cu.2_13mm_1000x-008.jpg,13.0,870,120,370,120,930.3,668.1,15.0,135.4,332.0,HB,3.3,2.4,0.35,0.01,0.056,0.054,0.7,0.25
Cu.2 13mm,poprawne_adi,GJS Cu.2 lub Cu.2,POPRAWNE_ADI\Cu.2_13mm_1000x,POPRAWNE_ADI\Cu.2_13mm_1000x\Cu.2_13mm_1000x-009.jpg,Cu.2_13mm_1000x-009.jpg,13.0,870,120,370,120,930.3,668.1,15.0,135.4,332.0,HB,3.3,2.4,0.35,0.01,0.056,0.054,0.7,0.25
Cu.2 13mm,poprawne_adi,GJS Cu.2 lub Cu.2,POPRAWNE_ADI\Cu.2_13mm_1000x,POPRAWNE_ADI\Cu.2_13mm_1000x\Cu.2_13mm_1000x-010.jpg,Cu.2_13mm_1000x-010.jpg,13.0,870,120,370,120,930.3,668.1,15.0,135.4,332.0,HB,3.3,2.4,0.35,0.01,0.056,0.054,0.7,0.25
Cu.2 13mm,poprawne_adi,GJS Cu.2 lub Cu.2,POPRAWNE_ADI\Cu.2_13mm_1000x,POPRAWNE_ADI\Cu.2_13mm_1000x\Cu.2_13mm_1000x-011.jpg,Cu.2_13mm_1000x-011.jpg,13.0,870,120,370,120,930.3,668.1,15.0,135.4,332.0,HB,3.3,2.4,0.35,0.01,0.056,0.054,0.7,0.25
Cu.2 13mm,poprawne_adi,GJS Cu.2 lub Cu.2,POPRAWNE_ADI\Cu.2_13mm_1000x,POPRAWNE_ADI\Cu.2_13mm_1000x\Cu.2_13mm_1000x-012.jpg,Cu.2_13mm_1000x-012.jpg,13.0,870,120,370,120,930.3,668.1,15.0,135.4,332.0,HB,3.3,2.4,0.35,0.01,0.056,0.054,0.7,0.25
Cu.2 13mm,poprawne_adi,GJS Cu.2 lub Cu.2,POPRAWNE_ADI\Cu.2_13mm_1000x,POPRAWNE_ADI\Cu.2_13mm_1000x\Cu.2_13mm_1000x-013.jpg,Cu.2_13mm_1000x-013.jpg,13.0,870,120,370,120,930.3,668.1,15.0,135.4,332.0,HB,3.3,2.4,0.35,0.01,0.056,0.054,0.7,0.25
Cu.2 13mm,poprawne_adi,GJS Cu.2 lub Cu.2,POPRAWNE_ADI\Cu.2_13mm_1000x,POPRAWNE_ADI\Cu.2_13mm_1000x\Cu.2_13mm_1000x-014.jpg,Cu.2_13mm_1000x-014.jpg,13.0,870,120,370,120,930.3,668.1,15.0,135.4,332.0,HB,3.3,2.4,0.35,0.01,0.056,0.054,0.7,0.25
Cu.2 13mm,poprawne_adi,GJS Cu.2 lub Cu.2,POPRAWNE_ADI\Cu.2_13mm_1000x,POPRAWNE_ADI\Cu.2_13mm_1000x\Cu.2_13mm_1000x-015.jpg,Cu.2_13mm_1000x-015.jpg,13.0,870,120,370,120,930.3,668.1,15.0,135.4,332.0,HB,3.3,2.4,0.35,0.01,0.056,0.054,0.7,0.25
Cu.2 13mm,poprawne_adi,GJS Cu.2 lub Cu.2,POPRAWNE_ADI\Cu.2_13mm_1000x,POPRAWNE_ADI\Cu.2_13mm_1000x\Cu.2_13mm_1000x-016.jpg,Cu.2_13mm_1000x-016.jpg,13.0,870,120,370,120,930.3,668.1,15.0,135.4,332.0,HB,3.3,2.4,0.35,0.01,0.056,0.054,0.7,0.25
Cu.2 13mm,poprawne_adi,GJS Cu.2 lub Cu.2,POPRAWNE_ADI\Cu.2_13mm_1000x,POPRAWNE_ADI\Cu.2_13mm_1000x\Cu.2_13mm_1000x-017.jpg,Cu.2_13mm_1000x-017.jpg,13.0,870,120,370,120,930.3,668.1,15.0,135.4,332.0,HB,3.3,2.4,0.35,0.01,0.056,0.054,0.7,0.25
Cu.2 13mm,poprawne_adi,GJS Cu.2 lub Cu.2,POPRAWNE_ADI\Cu.2_13mm_1000x,POPRAWNE_ADI\Cu.2_13mm_1000x\Cu.2_13mm_1000x-018.jpg,Cu.2_13mm_1000x-018.jpg,13.0,870,120,370,120,930.3,668.1,15.0,135.4,332.0,HB,3.3,2.4,0.35,0.01,0.056,0.054,0.7,0.25
Cu.2 13mm,poprawne_adi,GJS Cu.2 lub Cu.2,POPRAWNE_ADI\Cu.2_13mm_1000x,POPRAWNE_ADI\Cu.2_13mm_1000x\Cu.2_13mm_1000x-019.jpg,Cu.2_13mm_1000x-019.jpg,13.0,870,120,370,120,930.3,668.1,15.0,135.4,332.0,HB,3.3,2.4,0.35,0.01,0.056,0.054,0.7,0.25
Cu.2 13mm,poprawne_adi,GJS Cu.2 lub Cu.2,POPRAWNE_ADI\Cu.2_13mm_1000x,POPRAWNE_ADI\Cu.2_13mm_1000x\Cu.2_13mm_1000x-020.jpg,Cu.2_13mm_1000x-020.jpg,13.0,870,120,370,120,930.3,668.1,15.0,135.4,332.0,HB,3.3,2.4,0.35,0.01,0.056,0.054,0.7,0.25
Cu.2 13mm,poprawne_adi,GJS Cu.2 lub Cu.2,POPRAWNE_ADI\Cu.2_13mm_1000x,POPRAWNE_ADI\Cu.2_13mm_1000x\Cu.2_13mm_1000x-021.jpg,Cu.2_13mm_1000x-021.jpg,13.0,870,120,370,120,930.3,668.1,15.0,135.4,332.0,HB,3.3,2.4,0.35,0.01,0.056,0.054,0.7,0.25
Cu.2 13mm,poprawne_adi,GJS Cu.2 lub Cu.2,POPRAWNE_ADI\Cu.2_13mm_1000x,POPRAWNE_ADI\Cu.2_13mm_1000x\Cu.2_13mm_1000x-022.jpg,Cu.2_13mm_1000x-022.jpg,13.0,870,120,370,120,930.3,668.1,15.0,135.4,332.0,HB,3.3,2.4,0.35,0.01,0.056,0.054,0.7,0.25
Cu.2 13mm,poprawne_adi,GJS Cu.2 lub Cu.2,POPRAWNE_ADI\Cu.2_13mm_1000x,POPRAWNE_ADI\Cu.2_13mm_1000x\Cu.2_13mm_1000x-023.jpg,Cu.2_13mm_1000x-023.jpg,13.0,870,120,370,120,930.3,668.1,15.0,135.4,332.0,HB,3.3,2.4,0.35,0.01,0.056,0.054,0.7,0.25
Cu.2 13mm,poprawne_adi,GJS Cu.2 lub Cu.2,POPRAWNE_ADI\Cu.2_13mm_1000x,POPRAWNE_ADI\Cu.2_13mm_1000x\Cu.2_13mm_1000x-024.jpg,Cu.2_13mm_1000x-024.jpg,13.0,870,120,370,120,930.3,668.1,15.0,135.4,332.0,HB,3.3,2.4,0.35,0.01,0.056,0.054,0.7,0.25
Cu.2 13mm,poprawne_adi,GJS Cu.2 lub Cu.2,POPRAWNE_ADI\Cu.2_13mm_1000x,POPRAWNE_ADI\Cu.2_13mm_1000x\Cu.2_13mm_1000x-025.jpg,Cu.2_13mm_1000x-025.jpg,13.0,870,120,370,120,930.3,668.1,15.0,135.4,332.0,HB,3.3,2.4,0.35,0.01,0.056,0.054,0.7,0.25
Cu.2 13mm,poprawne_adi,GJS Cu.2 lub Cu.2,POPRAWNE_ADI\Cu.2_13mm_1000x,POPRAWNE_ADI\Cu.2_13mm_1000x\Cu.2_13mm_1000x-026.jpg,Cu.2_13mm_1000x-026.jpg,13.0,870,120,370,120,930.3,668.1,15.0,135.4,332.0,HB,3.3,2.4,0.35,0.01,0.056,0.054,0.7,0.25
Cu.2 13mm,poprawne_adi,GJS Cu.2 lub Cu.2,POPRAWNE_ADI\Cu.2_13mm_1000x,POPRAWNE_ADI\Cu.2_13mm_1000x\Cu.2_13mm_1000x-027.jpg,Cu.2_13mm_1000x-027.jpg,13.0,870,120,370,120,930.3,668.1,15.0,135.4,332.0,HB,3.3,2.4,0.35,0.01,0.056,0.054,0.7,0.25
Cu.2 13mm,poprawne_adi,GJS Cu.2 lub Cu.2,POPRAWNE_ADI\Cu.2_13mm_1000x,POPRAWNE_ADI\Cu.2_13mm_1000x\Cu.2_13mm_1000x-028.jpg,Cu.2_13mm_1000x-028.jpg,13.0,870,120,370,120,930.3,668.1,15.0,135.4,332.0,HB,3.3,2.4,0.35,0.01,0.056,0.054,0.7,0.25
Cu.2 13mm,poprawne_adi,GJS Cu.2 lub Cu.2,POPRAWNE_ADI\Cu.2_13mm_1000x,POPRAWNE_ADI\Cu.2_13mm_1000x\Cu.2_13mm_1000x-029.jpg,Cu.2_13mm_1000x-029.jpg,13.0,870,120,370,120,930.3,668.1,15.0,135.4,332.0,HB,3.3,2.4,0.35,0.01,0.056,0.054,0.7,0.25
Cu.2 13mm,poprawne_adi,GJS Cu.2 lub Cu.2,POPRAWNE_ADI\Cu.2_13mm_1000x,POPRAWNE_ADI\Cu.2_13mm_1000x\Cu.2_13mm_1000x-030.jpg,Cu.2_13mm_1000x-030.jpg,13.0,870,120,370,120,930.3,668.1,15.0,135.4,332.0,HB,3.3,2.4,0.35,0.01,0.056,0.054,0.7,0.25
Cu.2 13mm,poprawne_adi,GJS Cu.2 lub Cu.2,POPRAWNE_ADI\Cu.2_13mm_1000x,POPRAWNE_ADI\Cu.2_13mm_1000x\Cu.2_13mm_1000x-031.jpg,Cu.2_13mm_1000x-031.jpg,13.0,870,120,370,120,930.3,668.1,15.0,135.4,332.0,HB,3.3,2.4,0.35,0.01,0.056,0.054,0.7,0.25
Cu.2 13mm,poprawne_adi,GJS Cu.2 lub Cu.2,POPRAWNE_ADI\Cu.2_13mm_1000x,POPRAWNE_ADI\Cu.2_13mm_1000x\Cu.2_13mm_1000x-032.jpg,Cu.2_13mm_1000x-032.jpg,13.0,870,120,370,120,930.3,668.1,15.0,135.4,332.0,HB,3.3,2.4,0.35,0.01,0.056,0.054,0.7,0.25
Cu.2 13mm,poprawne_adi,GJS Cu.2 lub Cu.2,POPRAWNE_ADI\Cu.2_13mm_1000x,POPRAWNE_ADI\Cu.2_13mm_1000x\Cu.2_13mm_1000x-033.jpg,Cu.2_13mm_1000x-033.jpg,13.0,870,120,370,120,930.3,668.1,15.0,135.4,332.0,HB,3.3,2.4,0.35,0.01,0.056,0.054,0.7,0.25
Cu.2 13mm,poprawne_adi,GJS Cu.2 lub Cu.2,POPRAWNE_ADI\Cu.2_13mm_1000x,POPRAWNE_ADI\Cu.2_13mm_1000x\Cu.2_13mm_1000x-034.jpg,Cu.2_13mm_1000x-034.jpg,13.0,870,120,370,120,930.3,668.1,15.0,135.4,332.0,HB,3.3,2.4,0.35,0.01,0.056,0.054,0.7,0.25
Cu.2 13mm,poprawne_adi,GJS Cu.2 lub Cu.2,POPRAWNE_ADI\Cu.2_13mm_1000x,POPRAWNE_ADI\Cu.2_13mm_1000x\Cu.2_13mm_1000x-035.jpg,Cu.2_13mm_1000x-035.jpg,13.0,870,120,370,120,930.3,668.1,15.0,135.4,332.0,HB,3.3,2.4,0.35,0.01,0.056,0.054,0.7,0.25
Cu.2 13mm,poprawne_adi,GJS Cu.2 lub Cu.2,POPRAWNE_ADI\Cu.2_13mm_1000x,POPRAWNE_ADI\Cu.2_13mm_1000x\Cu.2_13mm_1000x-036.jpg,Cu.2_13mm_1000x-036.jpg,13.0,870,120,370,120,930.3,668.1,15.0,135.4,332.0,HB,3.3,2.4,0.35,0.01,0.056,0.054,0.7,0.25
Cu.2 13mm,poprawne_adi,GJS Cu.2 lub Cu.2,POPRAWNE_ADI\Cu.2_13mm_1000x,POPRAWNE_ADI\Cu.2_13mm_1000x\Cu.2_13mm_1000x-037.jpg,Cu.2_13mm_1000x-037.jpg,13.0,870,120,370,120,930.3,668.1,15.0,135.4,332.0,HB,3.3,2.4,0.35,0.01,0.056,0.054,0.7,0.25
Cu.2 13mm,poprawne_adi,GJS Cu.2 lub Cu.2,POPRAWNE_ADI\Cu.2_13mm_1000x,POPRAWNE_ADI\Cu.2_13mm_1000x\Cu.2_13mm_1000x-038.jpg,Cu.2_13mm_1000x-038.jpg,13.0,870,120,370,120,930.3,668.1,15.0,135.4,332.0,HB,3.3,2.4,0.35,0.01,0.056,0.054,0.7,0.25
Cu.2 13mm,poprawne_adi,GJS Cu.2 lub Cu.2,POPRAWNE_ADI\Cu.2_13mm_1000x,POPRAWNE_ADI\Cu.2_13mm_1000x\Cu.2_13mm_1000x-039.jpg,Cu.2_13mm_1000x-039.jpg,13.0,870,120,370,120,930.3,668.1,15.0,135.4,332.0,HB,3.3,2.4,0.35,0.01,0.056,0.054,0.7,0.25
Cu.2 13mm,poprawne_adi,GJS Cu.2 lub Cu.2,POPRAWNE_ADI\Cu.2_13mm_1000x,POPRAWNE_ADI\Cu.2_13mm_1000x\Cu.2_13mm_1000x-040.jpg,Cu.2_13mm_1000x-040.jpg,13.0,870,120,370,120,930.3,668.1,15.0,135.4,332.0,HB,3.3,2.4,0.35,0.01,0.056,0.054,0.7,0.25
Cu.2 13mm,poprawne_adi,GJS Cu.2 lub Cu.2,POPRAWNE_ADI\Cu.2_13mm_1000x,POPRAWNE_ADI\Cu.2_13mm_1000x\Cu.2_13mm_1000x-041.jpg,Cu.2_13mm_1000x-041.jpg,13.0,870,120,370,120,930.3,668.1,15.0,135.4,332.0,HB,3.3,2.4,0.35,0.01,0.056,0.054,0.7,0.25
Cu.2 13mm,poprawne_adi,GJS Cu.2 lub Cu.2,POPRAWNE_ADI\Cu.2_13mm_1000x,POPRAWNE_ADI\Cu.2_13mm_1000x\Cu.2_13mm_1000x-042.jpg,Cu.2_13mm_1000x-042.jpg,13.0,870,120,370,120,930.3,668.1,15.0,135.4,332.0,HB,3.3,2.4,0.35,0.01,0.056,0.054,0.7,0.25
Cu.2 13mm,poprawne_adi,GJS Cu.2 lub Cu.2,POPRAWNE_ADI\Cu.2_13mm_1000x,POPRAWNE_ADI\Cu.2_13mm_1000x\Cu.2_13mm_1000x-043.jpg,Cu.2_13mm_1000x-043.jpg,13.0,870,120,370,120,930.3,668.1,15.0,135.4,332.0,HB,3.3,2.4,0.35,0.01,0.056,0.054,0.7,0.25
Cu.2 13mm,poprawne_adi,GJS Cu.2 lub Cu.2,POPRAWNE_ADI\Cu.2_13mm_1000x,POPRAWNE_ADI\Cu.2_13mm_1000x\Cu.2_13mm_1000x-044.jpg,Cu.2_13mm_1000x-044.jpg,13.0,870,120,370,120,930.3,668.1,15.0,135.4,332.0,HB,3.3,2.4,0.35,0.01,0.056,0.054,0.7,0.25
Cu.2 13mm,poprawne_adi,GJS Cu.2 lub Cu.2,POPRAWNE_ADI\Cu.2_13mm_1000x,POPRAWNE_ADI\Cu.2_13mm_1000x\Cu.2_13mm_1000x-045.jpg,Cu.2_13mm_1000x-045.jpg,13.0,870,120,370,120,930.3,668.1,15.0,135.4,332.0,HB,3.3,2.4,0.35,0.01,0.056,0.054,0.7,0.25
Cu.2 13mm,poprawne_adi,GJS Cu.2 lub Cu.2,POPRAWNE_ADI\Cu.2_13mm_1000x,POPRAWNE_ADI\Cu.2_13mm_1000x\Cu.2_13mm_1000x-046.jpg,Cu.2_13mm_1000x-046.jpg,13.0,870,120,370,120,930.3,668.1,15.0,135.4,332.0,HB,3.3,2.4,0.35,0.01,0.056,0.054,0.7,0.25
Cu.2 13mm,poprawne_adi,GJS Cu.2 lub Cu.2,POPRAWNE_ADI\Cu.2_13mm_1000x,POPRAWNE_ADI\Cu.2_13mm_1000x\Cu.2_13mm_1000x-047.jpg,Cu.2_13mm_1000x-047.jpg,13.0,870,120,370,120,930.3,668.1,15.0,135.4,332.0,HB,3.3,2.4,0.35,0.01,0.056,0.054,0.7,0.25
Cu.2 13mm,poprawne_adi,GJS Cu.2 lub Cu.2,POPRAWNE_ADI\Cu.2_13mm_1000x,POPRAWNE_ADI\Cu.2_13mm_1000x\Cu.2_13mm_1000x-048.jpg,Cu.2_13mm_1000x-048.jpg,13.0,870,120,370,120,930.3,668.1,15.0,135.4,332.0,HB,3.3,2.4,0.35,0.01,0.056,0.054,0.7,0.25
Cu.2 13mm,poprawne_adi,GJS Cu.2 lub Cu.2,POPRAWNE_ADI\Cu.2_13mm_1000x,POPRAWNE_ADI\Cu.2_13mm_1000x\Cu.2_13mm_1000x-049.jpg,Cu.2_13mm_1000x-049.jpg,13.0,870,120,370,120,930.3,668.1,15.0,135.4,332.0,HB,3.3,2.4,0.35,0.01,0.056,0.054,0.7,0.25
Cu.2 13mm,poprawne_adi,GJS Cu.2 lub Cu.2,POPRAWNE_ADI\Cu.2_13mm_1000x,POPRAWNE_ADI\Cu.2_13mm_1000x\Cu.2_13mm_1000x-050.jpg,Cu.2_13mm_1000x-050.jpg,13.0,870,120,370,120,930.3,668.1,15.0,135.4,332.0,HB,3.3,2.4,0.35,0.01,0.056,0.054,0.7,0.25
Cu.2 13mm,poprawne_adi,GJS Cu.2 lub Cu.2,POPRAWNE_ADI\Cu.2_13mm_1000x,POPRAWNE_ADI\Cu.2_13mm_1000x\Cu.2_13mm_1000x-051.jpg,Cu.2_13mm_1000x-051.jpg,13.0,870,120,370,120,930.3,668.1,15.0,135.4,332.0,HB,3.3,2.4,0.35,0.01,0.056,0.054,0.7,0.25
Cu.2 13mm,poprawne_adi,GJS Cu.2 lub Cu.2,POPRAWNE_ADI\Cu.2_13mm_1000x,POPRAWNE_ADI\Cu.2_13mm_1000x\Cu.2_13mm_1000x-052.jpg,Cu.2_13mm_1000x-052.jpg,13.0,870,120,370,120,930.3,668.1,15.0,135.4,332.0,HB,3.3,2.4,0.35,0.01,0.056,0.054,0.7,0.25
Cu.2 13mm,poprawne_adi,GJS Cu.2 lub Cu.2,POPRAWNE_ADI\Cu.2_13mm_1000x,POPRAWNE_ADI\Cu.2_13mm_1000x\Cu.2_13mm_1000x-053.jpg,Cu.2_13mm_1000x-053.jpg,13.0,870,120,370,120,930.3,668.1,15.0,135.4,332.0,HB,3.3,2.4,0.35,0.01,0.056,0.054,0.7,0.25
Cu.2 13mm,poprawne_adi,GJS Cu.2 lub Cu.2,POPRAWNE_ADI\Cu.2_13mm_1000x,POPRAWNE_ADI\Cu.2_13mm_1000x\Cu.2_13mm_1000x-054.jpg,Cu.2_13mm_1000x-054.jpg,13.0,870,120,370,120,930.3,668.1,15.0,135.4,332.0,HB,3.3,2.4,0.35,0.01,0.056,0.054,0.7,0.25
Cu.2 13mm,poprawne_adi,GJS Cu.2 lub Cu.2,POPRAWNE_ADI\Cu.2_13mm_1000x,POPRAWNE_ADI\Cu.2_13mm_1000x\Cu.2_13mm_1000x-055.jpg,Cu.2_13mm_1000x-055.jpg,13.0,870,120,370,120,930.3,668.1,15.0,135.4,332.0,HB,3.3,2.4,0.35,0.01,0.056,0.054,0.7,0.25
Cu.2 13mm,poprawne_adi,GJS Cu.2 lub Cu.2,POPRAWNE_ADI\Cu.2_13mm_1000x,POPRAWNE_ADI\Cu.2_13mm_1000x\Cu.2_13mm_1000x-056.jpg,Cu.2_13mm_1000x-056.jpg,13.0,870,120,370,120,930.3,668.1,15.0,135.4,332.0,HB,3.3,2.4,0.35,0.01,0.056,0.054,0.7,0.25
Cu.2 13mm,poprawne_adi,GJS Cu.2 lub Cu.2,POPRAWNE_ADI\Cu.2_13mm_1000x,POPRAWNE_ADI\Cu.2_13mm_1000x\Cu.2_13mm_1000x-057.jpg,Cu.2_13mm_1000x-057.jpg,13.0,870,120,370,120,930.3,668.1,15.0,135.4,332.0,HB,3.3,2.4,0.35,0.01,0.056,0.054,0.7,0.25
Cu.2 13mm,poprawne_adi,GJS Cu.2 lub Cu.2,POPRAWNE_ADI\Cu.2_13mm_1000x,POPRAWNE_ADI\Cu.2_13mm_1000x\Cu.2_13mm_1000x-058.jpg,Cu.2_13mm_1000x-058.jpg,13.0,870,120,370,120,930.3,668.1,15.0,135.4,332.0,HB,3.3,2.4,0.35,0.01,0.056,0.054,0.7,0.25
Cu.2 13mm,poprawne_adi,GJS Cu.2 lub Cu.2,POPRAWNE_ADI\Cu.2_13mm_1000x,POPRAWNE_ADI\Cu.2_13mm_1000x\Cu.2_13mm_1000x-059.jpg,Cu.2_13mm_1000x-059.jpg,13.0,870,120,370,120,930.3,668.1,15.0,135.4,332.0,HB,3.3,2.4,0.35,0.01,0.056,0.054,0.7,0.25
Cu.2 13mm,poprawne_adi,GJS Cu.2 lub Cu.2,POPRAWNE_ADI\Cu.2_13mm_1000x,POPRAWNE_ADI\Cu.2_13mm_1000x\Cu.2_13mm_1000x-060.jpg,Cu.2_13mm_1000x-060.jpg,13.0,870,120,370,120,930.3,668.1,15.0,135.4,332.0,HB,3.3,2.4,0.35,0.01,0.056,0.054,0.7,0.25
Cu.2 13mm,poprawne_adi,GJS Cu.2 lub Cu.2,POPRAWNE_ADI\Cu.2_13mm_1000x,POPRAWNE_ADI\Cu.2_13mm_1000x\Cu.2_13mm_1000x-061.jpg,Cu.2_13mm_1000x-061.jpg,13.0,870,120,370,120,930.3,668.1,15.0,135.4,332.0,HB,3.3,2.4,0.35,0.01,0.056,0.054,0.7,0.25
Cu.2 13mm,poprawne_adi,GJS Cu.2 lub Cu.2,POPRAWNE_ADI\Cu.2_13mm_1000x,POPRAWNE_ADI\Cu.2_13mm_1000x\Cu.2_13mm_1000x-062.jpg,Cu.2_13mm_1000x-062.jpg,13.0,870,120,370,120,930.3,668.1,15.0,135.4,332.0,HB,3.3,2.4,0.35,0.01,0.056,0.054,0.7,0.25
Cu.2 13mm,poprawne_adi,GJS Cu.2 lub Cu.2,POPRAWNE_ADI\Cu.2_13mm_1000x,POPRAWNE_ADI\Cu.2_13mm_1000x\Cu.2_13mm_1000x-063.jpg,Cu.2_13mm_1000x-063.jpg,13.0,870,120,370,120,930.3,668.1,15.0,135.4,332.0,HB,3.3,2.4,0.35,0.01,0.056,0.054,0.7,0.25
Cu.2 13mm,poprawne_adi,GJS Cu.2 lub Cu.2,POPRAWNE_ADI\Cu.2_13mm_1000x,POPRAWNE_ADI\Cu.2_13mm_1000x\Cu.2_13mm_1000x-064.jpg,Cu.2_13mm_1000x-064.jpg,13.0,870,120,370,120,930.3,668.1,15.0,135.4,332.0,HB,3.3,2.4,0.35,0.01,0.056,0.054,0.7,0.25
Cu.2 13mm,poprawne_adi,GJS Cu.2 lub Cu.2,POPRAWNE_ADI\Cu.2_13mm_1000x,POPRAWNE_ADI\Cu.2_13mm_1000x\Cu.2_13mm_1000x-065.jpg,Cu.2_13mm_1000x-065.jpg,13.0,870,120,370,120,930.3,668.1,15.0,135.4,332.0,HB,3.3,2.4,0.35,0.01,0.056,0.054,0.7,0.25
Cu.2 13mm,poprawne_adi,GJS Cu.2 lub Cu.2,POPRAWNE_ADI\Cu.2_13mm_1000x,POPRAWNE_ADI\Cu.2_13mm_1000x\Cu.2_13mm_1000x-066.jpg,Cu.2_13mm_1000x-066.jpg,13.0,870,120,370,120,930.3,668.1,15.0,135.4,332.0,HB,3.3,2.4,0.35,0.01,0.056,0.054,0.7,0.25
Cu.2 13mm,poprawne_adi,GJS Cu.2 lub Cu.2,POPRAWNE_ADI\Cu.2_13mm_1000x,POPRAWNE_ADI\Cu.2_13mm_1000x\Cu.2_13mm_1000x-067.jpg,Cu.2_13mm_1000x-067.jpg,13.0,870,120,370,120,930.3,668.1,15.0,135.4,332.0,HB,3.3,2.4,0.35,0.01,0.056,0.054,0.7,0.25
Cu.2 13mm,poprawne_adi,GJS Cu.2 lub Cu.2,POPRAWNE_ADI\Cu.2_13mm_1000x,POPRAWNE_ADI\Cu.2_13mm_1000x\Cu.2_13mm_1000x-068.jpg,Cu.2_13mm_1000x-068.jpg,13.0,870,120,370,120,930.3,668.1,15.0,135.4,332.0,HB,3.3,2.4,0.35,0.01,0.056,0.054,0.7,0.25
Cu.2 13mm,poprawne_adi,GJS Cu.2 lub Cu.2,POPRAWNE_ADI\Cu.2_13mm_1000x,POPRAWNE_ADI\Cu.2_13mm_1000x\Cu.2_13mm_1000x-069.jpg,Cu.2_13mm_1000x-069.jpg,13.0,870,120,370,120,930.3,668.1,15.0,135.4,332.0,HB,3.3,2.4,0.35,0.01,0.056,0.054,0.7,0.25
Cu.2 13mm,poprawne_adi,GJS Cu.2 lub Cu.2,POPRAWNE_ADI\Cu.2_13mm_1000x,POPRAWNE_ADI\Cu.2_13mm_1000x\Cu.2_13mm_1000x-070.jpg,Cu.2_13mm_1000x-070.jpg,13.0,870,120,370,120,930.3,668.1,15.0,135.4,332.0,HB,3.3,2.4,0.35,0.01,0.056,0.054,0.7,0.25
Cu.2 13mm,poprawne_adi,GJS Cu.2 lub Cu.2,POPRAWNE_ADI\Cu.2_13mm_1000x,POPRAWNE_ADI\Cu.2_13mm_1000x\Cu.2_13mm_1000x-071.jpg,Cu.2_13mm_1000x-071.jpg,13.0,870,120,370,120,930.3,668.1,15.0,135.4,332.0,HB,3.3,2.4,0.35,0.01,0.056,0.054,0.7,0.25
Cu.2 13mm,poprawne_adi,GJS Cu.2 lub Cu.2,POPRAWNE_ADI\Cu.2_13mm_1000x,POPRAWNE_ADI\Cu.2_13mm_1000x\Cu.2_13mm_1000x-072.jpg,Cu.2_13mm_1000x-072.jpg,13.0,870,120,370,120,930.3,668.1,15.0,135.4,332.0,HB,3.3,2.4,0.35,0.01,0.056,0.054,0.7,0.25
Cu.2 13mm,poprawne_adi,GJS Cu.2 lub Cu.2,POPRAWNE_ADI\Cu.2_13mm_1000x,POPRAWNE_ADI\Cu.2_13mm_1000x\Cu.2_13mm_1000x-073.jpg,Cu.2_13mm_1000x-073.jpg,13.0,870,120,370,120,930.3,668.1,15.0,135.4,332.0,HB,3.3,2.4,0.35,0.01,0.056,0.054,0.7,0.25
Cu.2 13mm,poprawne_adi,GJS Cu.2 lub Cu.2,POPRAWNE_ADI\Cu.2_13mm_1000x,POPRAWNE_ADI\Cu.2_13mm_1000x\Cu.2_13mm_1000x-074.jpg,Cu.2_13mm_1000x-074.jpg,13.0,870,120,370,120,930.3,668.1,15.0,135.4,332.0,HB,3.3,2.4,0.35,0.01,0.056,0.054,0.7,0.25
Cu.2 13mm,poprawne_adi,GJS Cu.2 lub Cu.2,POPRAWNE_ADI\Cu.2_13mm_1000x,POPRAWNE_ADI\Cu.2_13mm_1000x\Cu.2_13mm_1000x-075.jpg,Cu.2_13mm_1000x-075.jpg,13.0,870,120,370,120,930.3,668.1,15.0,135.4,332.0,HB,3.3,2.4,0.35,0.01,0.056,0.054,0.7,0.25
Cu.2 13mm,poprawne_adi,GJS Cu.2 lub Cu.2,POPRAWNE_ADI\Cu.2_13mm_1000x,POPRAWNE_ADI\Cu.2_13mm_1000x\Cu.2_13mm_1000x-076.jpg,Cu.2_13mm_1000x-076.jpg,13.0,870,120,370,120,930.3,668.1,15.0,135.4,332.0,HB,3.3,2.4,0.35,0.01,0.056,0.054,0.7,0.25
Cu.2 13mm,poprawne_adi,GJS Cu.2 lub Cu.2,POPRAWNE_ADI\Cu.2_13mm_1000x,POPRAWNE_ADI\Cu.2_13mm_1000x\Cu.2_13mm_1000x-077.jpg,Cu.2_13mm_1000x-077.jpg,13.0,870,120,370,120,930.3,668.1,15.0,135.4,332.0,HB,3.3,2.4,0.35,0.01,0.056,0.054,0.7,0.25
Cu.2 13mm,poprawne_adi,GJS Cu.2 lub Cu.2,POPRAWNE_ADI\Cu.2_13mm_1000x,POPRAWNE_ADI\Cu.2_13mm_1000x\Cu.2_13mm_1000x-078.jpg,Cu.2_13mm_1000x-078.jpg,13.0,870,120,370,120,930.3,668.1,15.0,135.4,332.0,HB,3.3,2.4,0.35,0.01,0.056,0.054,0.7,0.25
Cu.2 13mm,poprawne_adi,GJS Cu.2 lub Cu.2,POPRAWNE_ADI\Cu.2_13mm_1000x,POPRAWNE_ADI\Cu.2_13mm_1000x\Cu.2_13mm_1000x-079.jpg,Cu.2_13mm_1000x-079.jpg,13.0,870,120,370,120,930.3,668.1,15.0,135.4,332.0,HB,3.3,2.4,0.35,0.01,0.056,0.054,0.7,0.25
Cu.2 13mm,poprawne_adi,GJS Cu.2 lub Cu.2,POPRAWNE_ADI\Cu.2_13mm_1000x,POPRAWNE_ADI\Cu.2_13mm_1000x\Cu.2_13mm_1000x-080.jpg,Cu.2_13mm_1000x-080.jpg,13.0,870,120,370,120,930.3,668.1,15.0,135.4,332.0,HB,3.3,2.4,0.35,0.01,0.056,0.054,0.7,0.25
Cu.2 13mm,poprawne_adi,GJS Cu.2 lub Cu.2,POPRAWNE_ADI\Cu.2_13mm_1000x,POPRAWNE_ADI\Cu.2_13mm_1000x\Cu.2_13mm_1000x-081.jpg,Cu.2_13mm_1000x-081.jpg,13.0,870,120,370,120,930.3,668.1,15.0,135.4,332.0,HB,3.3,2.4,0.35,0.01,0.056,0.054,0.7,0.25
Cu.2 13mm,poprawne_adi,GJS Cu.2 lub Cu.2,POPRAWNE_ADI\Cu.2_13mm_1000x,POPRAWNE_ADI\Cu.2_13mm_1000x\Cu.2_13mm_1000x-082.jpg,Cu.2_13mm_1000x-082.jpg,13.0,870,120,370,120,930.3,668.1,15.0,135.4,332.0,HB,3.3,2.4,0.35,0.01,0.056,0.054,0.7,0.25
Cu.2 13mm,poprawne_adi,GJS Cu.2 lub Cu.2,POPRAWNE_ADI\Cu.2_13mm_1000x,POPRAWNE_ADI\Cu.2_13mm_1000x\Cu.2_13mm_1000x-083.jpg,Cu.2_13mm_1000x-083.jpg,13.0,870,120,370,120,930.3,668.1,15.0,135.4,332.0,HB,3.3,2.4,0.35,0.01,0.056,0.054,0.7,0.25
Cu.2 13mm,poprawne_adi,GJS Cu.2 lub Cu.2,POPRAWNE_ADI\Cu.2_13mm_1000x,POPRAWNE_ADI\Cu.2_13mm_1000x\Cu.2_13mm_1000x-084.jpg,Cu.2_13mm_1000x-084.jpg,13.0,870,120,370,120,930.3,668.1,15.0,135.4,332.0,HB,3.3,2.4,0.35,0.01,0.056,0.054,0.7,0.25
Cu.2 13mm,poprawne_adi,GJS Cu.2 lub Cu.2,POPRAWNE_ADI\Cu.2_13mm_1000x,POPRAWNE_ADI\Cu.2_13mm_1000x\Cu.2_13mm_1000x-085.jpg,Cu.2_13mm_1000x-085.jpg,13.0,870,120,370,120,930.3,668.1,15.0,135.4,332.0,HB,3.3,2.4,0.35,0.01,0.056,0.054,0.7,0.25
Cu.2 13mm,poprawne_adi,GJS Cu.2 lub Cu.2,POPRAWNE_ADI\Cu.2_13mm_1000x,POPRAWNE_ADI\Cu.2_13mm_1000x\Cu.2_13mm_1000x-086.jpg,Cu.2_13mm_1000x-086.jpg,13.0,870,120,370,120,930.3,668.1,15.0,135.4,332.0,HB,3.3,2.4,0.35,0.01,0.056,0.054,0.7,0.25
Cu.2 13mm,poprawne_adi,GJS Cu.2 lub Cu.2,POPRAWNE_ADI\Cu.2_13mm_1000x,POPRAWNE_ADI\Cu.2_13mm_1000x\Cu.2_13mm_1000x-087.jpg,Cu.2_13mm_1000x-087.jpg,13.0,870,120,370,120,930.3,668.1,15.0,135.4,332.0,HB,3.3,2.4,0.35,0.01,0.056,0.054,0.7,0.25
Cu.2 13mm,poprawne_adi,GJS Cu.2 lub Cu.2,POPRAWNE_ADI\Cu.2_13mm_1000x,POPRAWNE_ADI\Cu.2_13mm_1000x\Cu.2_13mm_1000x-088.jpg,Cu.2_13mm_1000x-088.jpg,13.0,870,120,370,120,930.3,668.1,15.0,135.4,332.0,HB,3.3,2.4,0.35,0.01,0.056,0.054,0.7,0.25
Cu.2 13mm,poprawne_adi,GJS Cu.2 lub Cu.2,POPRAWNE_ADI\Cu.2_13mm_1000x,POPRAWNE_ADI\Cu.2_13mm_1000x\Cu.2_13mm_1000x-089.jpg,Cu.2_13mm_1000x-089.jpg,13.0,870,120,370,120,930.3,668.1,15.0,135.4,332.0,HB,3.3,2.4,0.35,0.01,0.056,0.054,0.7,0.25
Cu.2 13mm,poprawne_adi,GJS Cu.2 lub Cu.2,POPRAWNE_ADI\Cu.2_13mm_1000x,POPRAWNE_ADI\Cu.2_13mm_1000x\Cu.2_13mm_1000x-090.jpg,Cu.2_13mm_1000x-090.jpg,13.0,870,120,370,120,930.3,668.1,15.0,135.4,332.0,HB,3.3,2.4,0.35,0.01,0.056,0.054,0.7,0.25
Cu.2 13mm,poprawne_adi,GJS Cu.2 lub Cu.2,POPRAWNE_ADI\Cu.2_13mm_1000x,POPRAWNE_ADI\Cu.2_13mm_1000x\Cu.2_13mm_1000x-091.jpg,Cu.2_13mm_1000x-091.jpg,13.0,870,120,370,120,930.3,668.1,15.0,135.4,332.0,HB,3.3,2.4,0.35,0.01,0.056,0.054,0.7,0.25
Cu.2 13mm,poprawne_adi,GJS Cu.2 lub Cu.2,POPRAWNE_ADI\Cu.2_13mm_1000x,POPRAWNE_ADI\Cu.2_13mm_1000x\Cu.2_13mm_1000x-092.jpg,Cu.2_13mm_1000x-092.jpg,13.0,870,120,370,120,930.3,668.1,15.0,135.4,332.0,HB,3.3,2.4,0.35,0.01,0.056,0.054,0.7,0.25
Cu.2 13mm,poprawne_adi,GJS Cu.2 lub Cu.2,POPRAWNE_ADI\Cu.2_13mm_1000x,POPRAWNE_ADI\Cu.2_13mm_1000x\Cu.2_13mm_1000x-093.jpg,Cu.2_13mm_1000x-093.jpg,13.0,870,120,370,120,930.3,668.1,15.0,135.4,332.0,HB,3.3,2.4,0.35,0.01,0.056,0.054,0.7,0.25
Cu.2 13mm,poprawne_adi,GJS Cu.2 lub Cu.2,POPRAWNE_ADI\Cu.2_13mm_1000x,POPRAWNE_ADI\Cu.2_13mm_1000x\Cu.2_13mm_1000x-094.jpg,Cu.2_13mm_1000x-094.jpg,13.0,870,120,370,120,930.3,668.1,15.0,135.4,332.0,HB,3.3,2.4,0.35,0.01,0.056,0.054,0.7,0.25
Cu.2 13mm,poprawne_adi,GJS Cu.2 lub Cu.2,POPRAWNE_ADI\Cu.2_13mm_1000x,POPRAWNE_ADI\Cu.2_13mm_1000x\Cu.2_13mm_1000x-095.jpg,Cu.2_13mm_1000x-095.jpg,13.0,870,120,370,120,930.3,668.1,15.0,135.4,332.0,HB,3.3,2.4,0.35,0.01,0.056,0.054,0.7,0.25
Cu.2 13mm,poprawne_adi,GJS Cu.2 lub Cu.2,POPRAWNE_ADI\Cu.2_13mm_1000x,POPRAWNE_ADI\Cu.2_13mm_1000x\Cu.2_13mm_1000x-096.jpg,Cu.2_13mm_1000x-096.jpg,13.0,870,120,370,120,930.3,668.1,15.0,135.4,332.0,HB,3.3,2.4,0.35,0.01,0.056,0.054,0.7,0.25
Cu.2 13mm,poprawne_adi,GJS Cu.2 lub Cu.2,POPRAWNE_ADI\Cu.2_13mm_1000x,POPRAWNE_ADI\Cu.2_13mm_1000x\Cu.2_13mm_1000x-097.jpg,Cu.2_13mm_1000x-097.jpg,13.0,870,120,370,120,930.3,668.1,15.0,135.4,332.0,HB,3.3,2.4,0.35,0.01,0.056,0.054,0.7,0.25
Cu.2 13mm,poprawne_adi,GJS Cu.2 lub Cu.2,POPRAWNE_ADI\Cu.2_13mm_1000x,POPRAWNE_ADI\Cu.2_13mm_1000x\Cu.2_13mm_1000x-098.jpg,Cu.2_13mm_1000x-098.jpg,13.0,870,120,370,120,930.3,668.1,15.0,135.4,332.0,HB,3.3,2.4,0.35,0.01,0.056,0.054,0.7,0.25
Cu.2 13mm,poprawne_adi,GJS Cu.2 lub Cu.2,POPRAWNE_ADI\Cu.2_13mm_1000x,POPRAWNE_ADI\Cu.2_13mm_1000x\Cu.2_13mm_1000x-099.jpg,Cu.2_13mm_1000x-099.jpg,13.0,870,120,370,120,930.3,668.1,15.0,135.4,332.0,HB,3.3,2.4,0.35,0.01,0.056,0.054,0.7,0.25
Cu.2 13mm,poprawne_adi,GJS Cu.2 lub Cu.2,POPRAWNE_ADI\Cu.2_13mm_1000x,POPRAWNE_ADI\Cu.2_13mm_1000x\Cu.2_13mm_1000x-100.jpg,Cu.2_13mm_1000x-100.jpg,13.0,870,120,370,120,930.3,668.1,15.0,135.4,332.0,HB,3.3,2.4,0.35,0.01,0.056,0.054,0.7,0.25
Cu.2 13mm,poprawne_adi,GJS Cu.2 lub Cu.2,POPRAWNE_ADI\Cu.2_13mm_1000x,POPRAWNE_ADI\Cu.2_13mm_1000x\Cu.2_13mm_1000x-101.jpg,Cu.2_13mm_1000x-101.jpg,13.0,870,120,370,120,930.3,668.1,15.0,135.4,332.0,HB,3.3,2.4,0.35,0.01,0.056,0.054,0.7,0.25
Cu.2 13mm,poprawne_adi,GJS Cu.2 lub Cu.2,POPRAWNE_ADI\Cu.2_13mm_1000x,POPRAWNE_ADI\Cu.2_13mm_1000x\Cu.2_13mm_1000x-102.jpg,Cu.2_13mm_1000x-102.jpg,13.0,870,120,370,120,930.3,668.1,15.0,135.4,332.0,HB,3.3,2.4,0.35,0.01,0.056,0.054,0.7,0.25
Cu.2 13mm,poprawne_adi,GJS Cu.2 lub Cu.2,POPRAWNE_ADI\Cu.2_13mm_1000x,POPRAWNE_ADI\Cu.2_13mm_1000x\Cu.2_13mm_1000x-103.jpg,Cu.2_13mm_1000x-103.jpg,13.0,870,120,370,120,930.3,668.1,15.0,135.4,332.0,HB,3.3,2.4,0.35,0.01,0.056,0.054,0.7,0.25
Cu.2 13mm,poprawne_adi,GJS Cu.2 lub Cu.2,POPRAWNE_ADI\Cu.2_13mm_1000x,POPRAWNE_ADI\Cu.2_13mm_1000x\Cu.2_13mm_1000x-104.jpg,Cu.2_13mm_1000x-104.jpg,13.0,870,120,370,120,930.3,668.1,15.0,135.4,332.0,HB,3.3,2.4,0.35,0.01,0.056,0.054,0.7,0.25
Cu.2 13mm,poprawne_adi,GJS Cu.2 lub Cu.2,POPRAWNE_ADI\Cu.2_13mm_1000x,POPRAWNE_ADI\Cu.2_13mm_1000x\Cu.2_13mm_1000x-105.jpg,Cu.2_13mm_1000x-105.jpg,13.0,870,120,370,120,930.3,668.1,15.0,135.4,332.0,HB,3.3,2.4,0.35,0.01,0.056,0.054,0.7,0.25
Cu.2 13mm,poprawne_adi,GJS Cu.2 lub Cu.2,POPRAWNE_ADI\Cu.2_13mm_1000x,POPRAWNE_ADI\Cu.2_13mm_1000x\Cu.2_13mm_1000x-106.jpg,Cu.2_13mm_1000x-106.jpg,13.0,870,120,370,120,930.3,668.1,15.0,135.4,332.0,HB,3.3,2.4,0.35,0.01,0.056,0.054,0.7,0.25
Cu.2 13mm,poprawne_adi,GJS Cu.2 lub Cu.2,POPRAWNE_ADI\Cu.2_13mm_1000x,POPRAWNE_ADI\Cu.2_13mm_1000x\Cu.2_13mm_1000x-107.jpg,Cu.2_13mm_1000x-107.jpg,13.0,870,120,370,120,930.3,668.1,15.0,135.4,332.0,HB,3.3,2.4,0.35,0.01,0.056,0.054,0.7,0.25
Cu.2 13mm,poprawne_adi,GJS Cu.2 lub Cu.2,POPRAWNE_ADI\Cu.2_13mm_1000x,POPRAWNE_ADI\Cu.2_13mm_1000x\Cu.2_13mm_1000x-108.jpg,Cu.2_13mm_1000x-108.jpg,13.0,870,120,370,120,930.3,668.1,15.0,135.4,332.0,HB,3.3,2.4,0.35,0.01,0.056,0.054,0.7,0.25
Cu.2 13mm,poprawne_adi,GJS Cu.2 lub Cu.2,POPRAWNE_ADI\Cu.2_13mm_1000x,POPRAWNE_ADI\Cu.2_13mm_1000x\Cu.2_13mm_1000x-109.jpg,Cu.2_13mm_1000x-109.jpg,13.0,870,120,370,120,930.3,668.1,15.0,135.4,332.0,HB,3.3,2.4,0.35,0.01,0.056,0.054,0.7,0.25
Cu.2 13mm,poprawne_adi,GJS Cu.2 lub Cu.2,POPRAWNE_ADI\Cu.2_13mm_1000x,POPRAWNE_ADI\Cu.2_13mm_1000x\Cu.2_13mm_1000x-110.jpg,Cu.2_13mm_1000x-110.jpg,13.0,870,120,370,120,930.3,668.1,15.0,135.4,332.0,HB,3.3,2.4,0.35,0.01,0.056,0.054,0.7,0.25
Cu.2 13mm,poprawne_adi,GJS Cu.2 lub Cu.2,POPRAWNE_ADI\Cu.2_13mm_1000x,POPRAWNE_ADI\Cu.2_13mm_1000x\Cu.2_13mm_1000x-111.jpg,Cu.2_13mm_1000x-111.jpg,13.0,870,120,370,120,930.3,668.1,15.0,135.4,332.0,HB,3.3,2.4,0.35,0.01,0.056,0.054,0.7,0.25
Cu.2 13mm,poprawne_adi,GJS Cu.2 lub Cu.2,POPRAWNE_ADI\Cu.2_13mm_1000x,POPRAWNE_ADI\Cu.2_13mm_1000x\Cu.2_13mm_1000x-112.jpg,Cu.2_13mm_1000x-112.jpg,13.0,870,120,370,120,930.3,668.1,15.0,135.4,332.0,HB,3.3,2.4,0.35,0.01,0.056,0.054,0.7,0.25
Cu.2 13mm,poprawne_adi,GJS Cu.2 lub Cu.2,POPRAWNE_ADI\Cu.2_13mm_1000x,POPRAWNE_ADI\Cu.2_13mm_1000x\Cu.2_13mm_1000x-113.jpg,Cu.2_13mm_1000x-113.jpg,13.0,870,120,370,120,930.3,668.1,15.0,135.4,332.0,HB,3.3,2.4,0.35,0.01,0.056,0.054,0.7,0.25
Cu.2 13mm,poprawne_adi,GJS Cu.2 lub Cu.2,POPRAWNE_ADI\Cu.2_13mm_1000x,POPRAWNE_ADI\Cu.2_13mm_1000x\Cu.2_13mm_1000x-114.jpg,Cu.2_13mm_1000x-114.jpg,13.0,870,120,370,120,930.3,668.1,15.0,135.4,332.0,HB,3.3,2.4,0.35,0.01,0.056,0.054,0.7,0.25
Cu.2 13mm,poprawne_adi,GJS Cu.2 lub Cu.2,POPRAWNE_ADI\Cu.2_13mm_1000x,POPRAWNE_ADI\Cu.2_13mm_1000x\Cu.2_13mm_1000x-115.jpg,Cu.2_13mm_1000x-115.jpg,13.0,870,120,370,120,930.3,668.1,15.0,135.4,332.0,HB,3.3,2.4,0.35,0.01,0.056,0.054,0.7,0.25
Cu.2 13mm,poprawne_adi,GJS Cu.2 lub Cu.2,POPRAWNE_ADI\Cu.2_13mm_1000x,POPRAWNE_ADI\Cu.2_13mm_1000x\Cu.2_13mm_1000x-116.jpg,Cu.2_13mm_1000x-116.jpg,13.0,870,120,370,120,930.3,668.1,15.0,135.4,332.0,HB,3.3,2.4,0.35,0.01,0.056,0.054,0.7,0.25
Cu.2 13mm,poprawne_adi,GJS Cu.2 lub Cu.2,POPRAWNE_ADI\Cu.2_13mm_1000x,POPRAWNE_ADI\Cu.2_13mm_1000x\Cu.2_13mm_1000x-117.jpg,Cu.2_13mm_1000x-117.jpg,13.0,870,120,370,120,930.3,668.1,15.0,135.4,332.0,HB,3.3,2.4,0.35,0.01,0.056,0.054,0.7,0.25
Cu.2 13mm,poprawne_adi,GJS Cu.2 lub Cu.2,POPRAWNE_ADI\Cu.2_13mm_1000x,POPRAWNE_ADI\Cu.2_13mm_1000x\Cu.2_13mm_1000x-118.jpg,Cu.2_13mm_1000x-118.jpg,13.0,870,120,370,120,930.3,668.1,15.0,135.4,332.0,HB,3.3,2.4,0.35,0.01,0.056,0.054,0.7,0.25
Cu.2 13mm,poprawne_adi,GJS Cu.2 lub Cu.2,POPRAWNE_ADI\Cu.2_13mm_1000x,POPRAWNE_ADI\Cu.2_13mm_1000x\Cu.2_13mm_1000x-119.jpg,Cu.2_13mm_1000x-119.jpg,13.0,870,120,370,120,930.3,668.1,15.0,135.4,332.0,HB,3.3,2.4,0.35,0.01,0.056,0.054,0.7,0.25
Cu.2 13mm,poprawne_adi,GJS Cu.2 lub Cu.2,POPRAWNE_ADI\Cu.2_13mm_1000x,POPRAWNE_ADI\Cu.2_13mm_1000x\Cu.2_13mm_1000x-120.jpg,Cu.2_13mm_1000x-120.jpg,13.0,870,120,370,120,930.3,668.1,15.0,135.4,332.0,HB,3.3,2.4,0.35,0.01,0.056,0.054,0.7,0.25
Cu.2 13mm,poprawne_adi,GJS Cu.2 lub Cu.2,POPRAWNE_ADI\Cu.2_13mm_1000x,POPRAWNE_ADI\Cu.2_13mm_1000x\Cu.2_13mm_1000x-121.jpg,Cu.2_13mm_1000x-121.jpg,13.0,870,120,370,120,930.3,668.1,15.0,135.4,332.0,HB,3.3,2.4,0.35,0.01,0.056,0.054,0.7,0.25
Cu.2 13mm,poprawne_adi,GJS Cu.2 lub Cu.2,POPRAWNE_ADI\Cu.2_13mm_1000x,POPRAWNE_ADI\Cu.2_13mm_1000x\Cu.2_13mm_1000x-122.jpg,Cu.2_13mm_1000x-122.jpg,13.0,870,120,370,120,930.3,668.1,15.0,135.4,332.0,HB,3.3,2.4,0.35,0.01,0.056,0.054,0.7,0.25
Cu.2 13mm,poprawne_adi,GJS Cu.2 lub Cu.2,POPRAWNE_ADI\Cu.2_13mm_1000x,POPRAWNE_ADI\Cu.2_13mm_1000x\Cu.2_13mm_1000x-123.jpg,Cu.2_13mm_1000x-123.jpg,13.0,870,120,370,120,930.3,668.1,15.0,135.4,332.0,HB,3.3,2.4,0.35,0.01,0.056,0.054,0.7,0.25
Cu.2 13mm,poprawne_adi,GJS Cu.2 lub Cu.2,POPRAWNE_ADI\Cu.2_13mm_1000x,POPRAWNE_ADI\Cu.2_13mm_1000x\Cu.2_13mm_1000x-124.jpg,Cu.2_13mm_1000x-124.jpg,13.0,870,120,370,120,930.3,668.1,15.0,135.4,332.0,HB,3.3,2.4,0.35,0.01,0.056,0.054,0.7,0.25
Cu.2 13mm,poprawne_adi,GJS Cu.2 lub Cu.2,POPRAWNE_ADI\Cu.2_13mm_1000x,POPRAWNE_ADI\Cu.2_13mm_1000x\Cu.2_13mm_1000x-125.jpg,Cu.2_13mm_1000x-125.jpg,13.0,870,120,370,120,930.3,668.1,15.0,135.4,332.0,HB,3.3,2.4,0.35,0.01,0.056,0.054,0.7,0.25
Cu.2 13mm,poprawne_adi,GJS Cu.2 lub Cu.2,POPRAWNE_ADI\Cu.2_13mm_1000x,POPRAWNE_ADI\Cu.2_13mm_1000x\Cu.2_13mm_1000x-126.jpg,Cu.2_13mm_1000x-126.jpg,13.0,870,120,370,120,930.3,668.1,15.0,135.4,332.0,HB,3.3,2.4,0.35,0.01,0.056,0.054,0.7,0.25
Cu.2 13mm,poprawne_adi,GJS Cu.2 lub Cu.2,POPRAWNE_ADI\Cu.2_13mm_1000x,POPRAWNE_ADI\Cu.2_13mm_1000x\Cu.2_13mm_1000x-127.jpg,Cu.2_13mm_1000x-127.jpg,13.0,870,120,370,120,930.3,668.1,15.0,135.4,332.0,HB,3.3,2.4,0.35,0.01,0.056,0.054,0.7,0.25
Cu.2 13mm,poprawne_adi,GJS Cu.2 lub Cu.2,POPRAWNE_ADI\Cu.2_13mm_1000x,POPRAWNE_ADI\Cu.2_13mm_1000x\Cu.2_13mm_1000x-128.jpg,Cu.2_13mm_1000x-128.jpg,13.0,870,120,370,120,930.3,668.1,15.0,135.4,332.0,HB,3.3,2.4,0.35,0.01,0.056,0.054,0.7,0.25
Cu.2 13mm,poprawne_adi,GJS Cu.2 lub Cu.2,POPRAWNE_ADI\Cu.2_13mm_1000x,POPRAWNE_ADI\Cu.2_13mm_1000x\Cu.2_13mm_1000x-129.jpg,Cu.2_13mm_1000x-129.jpg,13.0,870,120,370,120,930.3,668.1,15.0,135.4,332.0,HB,3.3,2.4,0.35,0.01,0.056,0.054,0.7,0.25
Cu.2 13mm,poprawne_adi,GJS Cu.2 lub Cu.2,POPRAWNE_ADI\Cu.2_13mm_1000x,POPRAWNE_ADI\Cu.2_13mm_1000x\Cu.2_13mm_1000x-130.jpg,Cu.2_13mm_1000x-130.jpg,13.0,870,120,370,120,930.3,668.1,15.0,135.4,332.0,HB,3.3,2.4,0.35,0.01,0.056,0.054,0.7,0.25
Cu.2 13mm,poprawne_adi,GJS Cu.2 lub Cu.2,POPRAWNE_ADI\Cu.2_13mm_1000x,POPRAWNE_ADI\Cu.2_13mm_1000x\Cu.2_13mm_1000x-131.jpg,Cu.2_13mm_1000x-131.jpg,13.0,870,120,370,120,930.3,668.1,15.0,135.4,332.0,HB,3.3,2.4,0.35,0.01,0.056,0.054,0.7,0.25
Cu.2 13mm,poprawne_adi,GJS Cu.2 lub Cu.2,POPRAWNE_ADI\Cu.2_13mm_1000x,POPRAWNE_ADI\Cu.2_13mm_1000x\Cu.2_13mm_1000x-132.jpg,Cu.2_13mm_1000x-132.jpg,13.0,870,120,370,120,930.3,668.1,15.0,135.4,332.0,HB,3.3,2.4,0.35,0.01,0.056,0.054,0.7,0.25
Cu.2 13mm,poprawne_adi,GJS Cu.2 lub Cu.2,POPRAWNE_ADI\Cu.2_13mm_1000x,POPRAWNE_ADI\Cu.2_13mm_1000x\Cu.2_13mm_1000x-133.jpg,Cu.2_13mm_1000x-133.jpg,13.0,870,120,370,120,930.3,668.1,15.0,135.4,332.0,HB,3.3,2.4,0.35,0.01,0.056,0.054,0.7,0.25
Cu.2 13mm,poprawne_adi,GJS Cu.2 lub Cu.2,POPRAWNE_ADI\Cu.2_13mm_1000x,POPRAWNE_ADI\Cu.2_13mm_1000x\Cu.2_13mm_1000x-134.jpg,Cu.2_13mm_1000x-134.jpg,13.0,870,120,370,120,930.3,668.1,15.0,135.4,332.0,HB,3.3,2.4,0.35,0.01,0.056,0.054,0.7,0.25
Cu.2 13mm,poprawne_adi,GJS Cu.2 lub Cu.2,POPRAWNE_ADI\Cu.2_13mm_1000x,POPRAWNE_ADI\Cu.2_13mm_1000x\Cu.2_13mm_1000x-135.jpg,Cu.2_13mm_1000x-135.jpg,13.0,870,120,370,120,930.3,668.1,15.0,135.4,332.0,HB,3.3,2.4,0.35,0.01,0.056,0.054,0.7,0.25
Cu.2 13mm,poprawne_adi,GJS Cu.2 lub Cu.2,POPRAWNE_ADI\Cu.2_13mm_1000x,POPRAWNE_ADI\Cu.2_13mm_1000x\Cu.2_13mm_1000x-136.jpg,Cu.2_13mm_1000x-136.jpg,13.0,870,120,370,120,930.3,668.1,15.0,135.4,332.0,HB,3.3,2.4,0.35,0.01,0.056,0.054,0.7,0.25
Cu.2 13mm,poprawne_adi,GJS Cu.2 lub Cu.2,POPRAWNE_ADI\Cu.2_13mm_1000x,POPRAWNE_ADI\Cu.2_13mm_1000x\Cu.2_13mm_1000x-137.jpg,Cu.2_13mm_1000x-137.jpg,13.0,870,120,370,120,930.3,668.1,15.0,135.4,332.0,HB,3.3,2.4,0.35,0.01,0.056,0.054,0.7,0.25
Cu.2 13mm,poprawne_adi,GJS Cu.2 lub Cu.2,POPRAWNE_ADI\Cu.2_13mm_1000x,POPRAWNE_ADI\Cu.2_13mm_1000x\Cu.2_13mm_1000x-138.jpg,Cu.2_13mm_1000x-138.jpg,13.0,870,120,370,120,930.3,668.1,15.0,135.4,332.0,HB,3.3,2.4,0.35,0.01,0.056,0.054,0.7,0.25
Cu.2 13mm,poprawne_adi,GJS Cu.2 lub Cu.2,POPRAWNE_ADI\Cu.2_13mm_1000x,POPRAWNE_ADI\Cu.2_13mm_1000x\Cu.2_13mm_1000x-139.jpg,Cu.2_13mm_1000x-139.jpg,13.0,870,120,370,120,930.3,668.1,15.0,135.4,332.0,HB,3.3,2.4,0.35,0.01,0.056,0.054,0.7,0.25
Cu.2 13mm,poprawne_adi,GJS Cu.2 lub Cu.2,POPRAWNE_ADI\Cu.2_13mm_1000x,POPRAWNE_ADI\Cu.2_13mm_1000x\Cu.2_13mm_1000x-140.jpg,Cu.2_13mm_1000x-140.jpg,13.0,870,120,370,120,930.3,668.1,15.0,135.4,332.0,HB,3.3,2.4,0.35,0.01,0.056,0.054,0.7,0.25
Cu.2 13mm,poprawne_adi,GJS Cu.2 lub Cu.2,POPRAWNE_ADI\Cu.2_13mm_1000x,POPRAWNE_ADI\Cu.2_13mm_1000x\Cu.2_13mm_1000x-141.jpg,Cu.2_13mm_1000x-141.jpg,13.0,870,120,370,120,930.3,668.1,15.0,135.4,332.0,HB,3.3,2.4,0.35,0.01,0.056,0.054,0.7,0.25
Cu.2 13mm,poprawne_adi,GJS Cu.2 lub Cu.2,POPRAWNE_ADI\Cu.2_13mm_1000x,POPRAWNE_ADI\Cu.2_13mm_1000x\Cu.2_13mm_1000x-142.jpg,Cu.2_13mm_1000x-142.jpg,13.0,870,120,370,120,930.3,668.1,15.0,135.4,332.0,HB,3.3,2.4,0.35,0.01,0.056,0.054,0.7,0.25
Cu.2 13mm,poprawne_adi,GJS Cu.2 lub Cu.2,POPRAWNE_ADI\Cu.2_13mm_1000x,POPRAWNE_ADI\Cu.2_13mm_1000x\Cu.2_13mm_1000x-143.jpg,Cu.2_13mm_1000x-143.jpg,13.0,870,120,370,120,930.3,668.1,15.0,135.4,332.0,HB,3.3,2.4,0.35,0.01,0.056,0.054,0.7,0.25
Cu.2 13mm,poprawne_adi,GJS Cu.2 lub Cu.2,POPRAWNE_ADI\Cu.2_13mm_1000x,POPRAWNE_ADI\Cu.2_13mm_1000x\Cu.2_13mm_1000x-144.jpg,Cu.2_13mm_1000x-144.jpg,13.0,870,120,370,120,930.3,668.1,15.0,135.4,332.0,HB,3.3,2.4,0.35,0.01,0.056,0.054,0.7,0.25
Cu.2 13mm,poprawne_adi,GJS Cu.2 lub Cu.2,POPRAWNE_ADI\Cu.2_13mm_1000x,POPRAWNE_ADI\Cu.2_13mm_1000x\Cu.2_13mm_1000x-145.jpg,Cu.2_13mm_1000x-145.jpg,13.0,870,120,370,120,930.3,668.1,15.0,135.4,332.0,HB,3.3,2.4,0.35,0.01,0.056,0.054,0.7,0.25
Cu.2 13mm,poprawne_adi,GJS Cu.2 lub Cu.2,POPRAWNE_ADI\Cu.2_13mm_1000x,POPRAWNE_ADI\Cu.2_13mm_1000x\Cu.2_13mm_1000x-146.jpg,Cu.2_13mm_1000x-146.jpg,13.0,870,120,370,120,930.3,668.1,15.0,135.4,332.0,HB,3.3,2.4,0.35,0.01,0.056,0.054,0.7,0.25
Cu.2 13mm,poprawne_adi,GJS Cu.2 lub Cu.2,POPRAWNE_ADI\Cu.2_13mm_1000x,POPRAWNE_ADI\Cu.2_13mm_1000x\Cu.2_13mm_1000x-147.jpg,Cu.2_13mm_1000x-147.jpg,13.0,870,120,370,120,930.3,668.1,15.0,135.4,332.0,HB,3.3,2.4,0.35,0.01,0.056,0.054,0.7,0.25
Cu.2 13mm,poprawne_adi,GJS Cu.2 lub Cu.2,POPRAWNE_ADI\Cu.2_13mm_1000x,POPRAWNE_ADI\Cu.2_13mm_1000x\Cu.2_13mm_1000x-148.jpg,Cu.2_13mm_1000x-148.jpg,13.0,870,120,370,120,930.3,668.1,15.0,135.4,332.0,HB,3.3,2.4,0.35,0.01,0.056,0.054,0.7,0.25
Cu.2 13mm,poprawne_adi,GJS Cu.2 lub Cu.2,POPRAWNE_ADI\Cu.2_13mm_1000x,POPRAWNE_ADI\Cu.2_13mm_1000x\Cu.2_13mm_1000x-149.jpg,Cu.2_13mm_1000x-149.jpg,13.0,870,120,370,120,930.3,668.1,15.0,135.4,332.0,HB,3.3,2.4,0.35,0.01,0.056,0.054,0.7,0.25
Cu.2 13mm,poprawne_adi,GJS Cu.2 lub Cu.2,POPRAWNE_ADI\Cu.2_13mm_1000x,POPRAWNE_ADI\Cu.2_13mm_1000x\Cu.2_13mm_1000x-150.jpg,Cu.2_13mm_1000x-150.jpg,13.0,870,120,370,120,930.3,668.1,15.0,135.4,332.0,HB,3.3,2.4,0.35,0.01,0.056,0.054,0.7,0.25
Cu.2 13mm,poprawne_adi,GJS Cu.2 lub Cu.2,POPRAWNE_ADI\Cu.2_13mm_1000x,POPRAWNE_ADI\Cu.2_13mm_1000x\Cu.2_13mm_1000x-151.jpg,Cu.2_13mm_1000x-151.jpg,13.0,870,120,370,120,930.3,668.1,15.0,135.4,332.0,HB,3.3,2.4,0.35,0.01,0.056,0.054,0.7,0.25
Cu.2 13mm,poprawne_adi,GJS Cu.2 lub Cu.2,POPRAWNE_ADI\Cu.2_13mm_1000x,POPRAWNE_ADI\Cu.2_13mm_1000x\Cu.2_13mm_1000x-152.jpg,Cu.2_13mm_1000x-152.jpg,13.0,870,120,370,120,930.3,668.1,15.0,135.4,332.0,HB,3.3,2.4,0.35,0.01,0.056,0.054,0.7,0.25
Cu.2 13mm,poprawne_adi,GJS Cu.2 lub Cu.2,POPRAWNE_ADI\Cu.2_13mm_1000x,POPRAWNE_ADI\Cu.2_13mm_1000x\Cu.2_13mm_1000x-153.jpg,Cu.2_13mm_1000x-153.jpg,13.0,870,120,370,120,930.3,668.1,15.0,135.4,332.0,HB,3.3,2.4,0.35,0.01,0.056,0.054,0.7,0.25
Cu.2 13mm,poprawne_adi,GJS Cu.2 lub Cu.2,POPRAWNE_ADI\Cu.2_13mm_1000x,POPRAWNE_ADI\Cu.2_13mm_1000x\Cu.2_13mm_1000x-154.jpg,Cu.2_13mm_1000x-154.jpg,13.0,870,120,370,120,930.3,668.1,15.0,135.4,332.0,HB,3.3,2.4,0.35,0.01,0.056,0.054,0.7,0.25
Cu.2 13mm,poprawne_adi,GJS Cu.2 lub Cu.2,POPRAWNE_ADI\Cu.2_13mm_1000x,POPRAWNE_ADI\Cu.2_13mm_1000x\Cu.2_13mm_1000x-155.jpg,Cu.2_13mm_1000x-155.jpg,13.0,870,120,370,120,930.3,668.1,15.0,135.4,332.0,HB,3.3,2.4,0.35,0.01,0.056,0.054,0.7,0.25
Cu.2 13mm,poprawne_adi,GJS Cu.2 lub Cu.2,POPRAWNE_ADI\Cu.2_13mm_1000x,POPRAWNE_ADI\Cu.2_13mm_1000x\Cu.2_13mm_1000x-156.jpg,Cu.2_13mm_1000x-156.jpg,13.0,870,120,370,120,930.3,668.1,15.0,135.4,332.0,HB,3.3,2.4,0.35,0.01,0.056,0.054,0.7,0.25
Cu.2 13mm,poprawne_adi,GJS Cu.2 lub Cu.2,POPRAWNE_ADI\Cu.2_13mm_1000x,POPRAWNE_ADI\Cu.2_13mm_1000x\Cu.2_13mm_1000x-157.jpg,Cu.2_13mm_1000x-157.jpg,13.0,870,120,370,120,930.3,668.1,15.0,135.4,332.0,HB,3.3,2.4,0.35,0.01,0.056,0.054,0.7,0.25
Cu.2 13mm,poprawne_adi,GJS Cu.2 lub Cu.2,POPRAWNE_ADI\Cu.2_13mm_1000x,POPRAWNE_ADI\Cu.2_13mm_1000x\Cu.2_13mm_1000x-158.jpg,Cu.2_13mm_1000x-158.jpg,13.0,870,120,370,120,930.3,668.1,15.0,135.4,332.0,HB,3.3,2.4,0.35,0.01,0.056,0.054,0.7,0.25
Cu.2 13mm,poprawne_adi,GJS Cu.2 lub Cu.2,POPRAWNE_ADI\Cu.2_13mm_1000x,POPRAWNE_ADI\Cu.2_13mm_1000x\Cu.2_13mm_1000x-159.jpg,Cu.2_13mm_1000x-159.jpg,13.0,870,120,370,120,930.3,668.1,15.0,135.4,332.0,HB,3.3,2.4,0.35,0.01,0.056,0.054,0.7,0.25
Cu.2 13mm,poprawne_adi,GJS Cu.2 lub Cu.2,POPRAWNE_ADI\Cu.2_13mm_1000x,POPRAWNE_ADI\Cu.2_13mm_1000x\Cu.2_13mm_1000x-160.jpg,Cu.2_13mm_1000x-160.jpg,13.0,870,120,370,120,930.3,668.1,15.0,135.4,332.0,HB,3.3,2.4,0.35,0.01,0.056,0.054,0.7,0.25
Cu.2 13mm,poprawne_adi,GJS Cu.2 lub Cu.2,POPRAWNE_ADI\Cu.2_13mm_1000x,POPRAWNE_ADI\Cu.2_13mm_1000x\Cu.2_13mm_1000x-161.jpg,Cu.2_13mm_1000x-161.jpg,13.0,870,120,370,120,930.3,668.1,15.0,135.4,332.0,HB,3.3,2.4,0.35,0.01,0.056,0.054,0.7,0.25
Cu.2 13mm,poprawne_adi,GJS Cu.2 lub Cu.2,POPRAWNE_ADI\Cu.2_13mm_1000x,POPRAWNE_ADI\Cu.2_13mm_1000x\Cu.2_13mm_1000x-162.jpg,Cu.2_13mm_1000x-162.jpg,13.0,870,120,370,120,930.3,668.1,15.0,135.4,332.0,HB,3.3,2.4,0.35,0.01,0.056,0.054,0.7,0.25
Cu.2 13mm,poprawne_adi,GJS Cu.2 lub Cu.2,POPRAWNE_ADI\Cu.2_13mm_1000x,POPRAWNE_ADI\Cu.2_13mm_1000x\Cu.2_13mm_1000x-163.jpg,Cu.2_13mm_1000x-163.jpg,13.0,870,120,370,120,930.3,668.1,15.0,135.4,332.0,HB,3.3,2.4,0.35,0.01,0.056,0.054,0.7,0.25
Cu.2 13mm,poprawne_adi,GJS Cu.2 lub Cu.2,POPRAWNE_ADI\Cu.2_13mm_1000x,POPRAWNE_ADI\Cu.2_13mm_1000x\Cu.2_13mm_1000x-164.jpg,Cu.2_13mm_1000x-164.jpg,13.0,870,120,370,120,930.3,668.1,15.0,135.4,332.0,HB,3.3,2.4,0.35,0.01,0.056,0.054,0.7,0.25
Cu.2 13mm,poprawne_adi,GJS Cu.2 lub Cu.2,POPRAWNE_ADI\Cu.2_13mm_1000x,POPRAWNE_ADI\Cu.2_13mm_1000x\Cu.2_13mm_1000x-165.jpg,Cu.2_13mm_1000x-165.jpg,13.0,870,120,370,120,930.3,668.1,15.0,135.4,332.0,HB,3.3,2.4,0.35,0.01,0.056,0.054,0.7,0.25
Cu.2 13mm,poprawne_adi,GJS Cu.2 lub Cu.2,POPRAWNE_ADI\Cu.2_13mm_1000x,POPRAWNE_ADI\Cu.2_13mm_1000x\Cu.2_13mm_1000x-166.jpg,Cu.2_13mm_1000x-166.jpg,13.0,870,120,370,120,930.3,668.1,15.0,135.4,332.0,HB,3.3,2.4,0.35,0.01,0.056,0.054,0.7,0.25
Cu.2 13mm,poprawne_adi,GJS Cu.2 lub Cu.2,POPRAWNE_ADI\Cu.2_13mm_1000x,POPRAWNE_ADI\Cu.2_13mm_1000x\Cu.2_13mm_1000x-167.jpg,Cu.2_13mm_1000x-167.jpg,13.0,870,120,370,120,930.3,668.1,15.0,135.4,332.0,HB,3.3,2.4,0.35,0.01,0.056,0.054,0.7,0.25
Cu.2 13mm,poprawne_adi,GJS Cu.2 lub Cu.2,POPRAWNE_ADI\Cu.2_13mm_1000x,POPRAWNE_ADI\Cu.2_13mm_1000x\Cu.2_13mm_1000x-168.jpg,Cu.2_13mm_1000x-168.jpg,13.0,870,120,370,120,930.3,668.1,15.0,135.4,332.0,HB,3.3,2.4,0.35,0.01,0.056,0.054,0.7,0.25
Cu.2 13mm,poprawne_adi,GJS Cu.2 lub Cu.2,POPRAWNE_ADI\Cu.2_13mm_1000x,POPRAWNE_ADI\Cu.2_13mm_1000x\Cu.2_13mm_1000x-169.jpg,Cu.2_13mm_1000x-169.jpg,13.0,870,120,370,120,930.3,668.1,15.0,135.4,332.0,HB,3.3,2.4,0.35,0.01,0.056,0.054,0.7,0.25
Cu.2 13mm,poprawne_adi,GJS Cu.2 lub Cu.2,POPRAWNE_ADI\Cu.2_13mm_1000x,POPRAWNE_ADI\Cu.2_13mm_1000x\Cu.2_13mm_1000x-170.jpg,Cu.2_13mm_1000x-170.jpg,13.0,870,120,370,120,930.3,668.1,15.0,135.4,332.0,HB,3.3,2.4,0.35,0.01,0.056,0.054,0.7,0.25
Cu.2 13mm,poprawne_adi,GJS Cu.2 lub Cu.2,POPRAWNE_ADI\Cu.2_13mm_1000x,POPRAWNE_ADI\Cu.2_13mm_1000x\Cu.2_13mm_1000x-171.jpg,Cu.2_13mm_1000x-171.jpg,13.0,870,120,370,120,930.3,668.1,15.0,135.4,332.0,HB,3.3,2.4,0.35,0.01,0.056,0.054,0.7,0.25
Cu.2 13mm,poprawne_adi,GJS Cu.2 lub Cu.2,POPRAWNE_ADI\Cu.2_13mm_1000x,POPRAWNE_ADI\Cu.2_13mm_1000x\Cu.2_13mm_1000x-172.jpg,Cu.2_13mm_1000x-172.jpg,13.0,870,120,370,120,930.3,668.1,15.0,135.4,332.0,HB,3.3,2.4,0.35,0.01,0.056,0.054,0.7,0.25
Cu.2 13mm,poprawne_adi,GJS Cu.2 lub Cu.2,POPRAWNE_ADI\Cu.2_13mm_1000x,POPRAWNE_ADI\Cu.2_13mm_1000x\Cu.2_13mm_1000x-173.jpg,Cu.2_13mm_1000x-173.jpg,13.0,870,120,370,120,930.3,668.1,15.0,135.4,332.0,HB,3.3,2.4,0.35,0.01,0.056,0.054,0.7,0.25
Cu.2 13mm,poprawne_adi,GJS Cu.2 lub Cu.2,POPRAWNE_ADI\Cu.2_13mm_1000x,POPRAWNE_ADI\Cu.2_13mm_1000x\Cu.2_13mm_1000x-174.jpg,Cu.2_13mm_1000x-174.jpg,13.0,870,120,370,120,930.3,668.1,15.0,135.4,332.0,HB,3.3,2.4,0.35,0.01,0.056,0.054,0.7,0.25
Cu.2 13mm,poprawne_adi,GJS Cu.2 lub Cu.2,POPRAWNE_ADI\Cu.2_13mm_1000x,POPRAWNE_ADI\Cu.2_13mm_1000x\Cu.2_13mm_1000x-175.jpg,Cu.2_13mm_1000x-175.jpg,13.0,870,120,370,120,930.3,668.1,15.0,135.4,332.0,HB,3.3,2.4,0.35,0.01,0.056,0.054,0.7,0.25
Cu.2 13mm,poprawne_adi,GJS Cu.2 lub Cu.2,POPRAWNE_ADI\Cu.2_13mm_1000x,POPRAWNE_ADI\Cu.2_13mm_1000x\Cu.2_13mm_1000x-176.jpg,Cu.2_13mm_1000x-176.jpg,13.0,870,120,370,120,930.3,668.1,15.0,135.4,332.0,HB,3.3,2.4,0.35,0.01,0.056,0.054,0.7,0.25
Cu.2 13mm,poprawne_adi,GJS Cu.2 lub Cu.2,POPRAWNE_ADI\Cu.2_13mm_1000x,POPRAWNE_ADI\Cu.2_13mm_1000x\Cu.2_13mm_1000x-177.jpg,Cu.2_13mm_1000x-177.jpg,13.0,870,120,370,120,930.3,668.1,15.0,135.4,332.0,HB,3.3,2.4,0.35,0.01,0.056,0.054,0.7,0.25
Cu.2 13mm,poprawne_adi,GJS Cu.2 lub Cu.2,POPRAWNE_ADI\Cu.2_13mm_1000x,POPRAWNE_ADI\Cu.2_13mm_1000x\Cu.2_13mm_1000x-178.jpg,Cu.2_13mm_1000x-178.jpg,13.0,870,120,370,120,930.3,668.1,15.0,135.4,332.0,HB,3.3,2.4,0.35,0.01,0.056,0.054,0.7,0.25
Cu.2 13mm,poprawne_adi,GJS Cu.2 lub Cu.2,POPRAWNE_ADI\Cu.2_13mm_1000x,POPRAWNE_ADI\Cu.2_13mm_1000x\Cu.2_13mm_1000x-179.jpg,Cu.2_13mm_1000x-179.jpg,13.0,870,120,370,120,930.3,668.1,15.0,135.4,332.0,HB,3.3,2.4,0.35,0.01,0.056,0.054,0.7,0.25
Cu.2 13mm,poprawne_adi,GJS Cu.2 lub Cu.2,POPRAWNE_ADI\Cu.2_13mm_1000x,POPRAWNE_ADI\Cu.2_13mm_1000x\Cu.2_13mm_1000x-180.jpg,Cu.2_13mm_1000x-180.jpg,13.0,870,120,370,120,930.3,668.1,15.0,135.4,332.0,HB,3.3,2.4,0.35,0.01,0.056,0.054,0.7,0.25
Cu.2 13mm,poprawne_adi,GJS Cu.2 lub Cu.2,POPRAWNE_ADI\Cu.2_13mm_1000x,POPRAWNE_ADI\Cu.2_13mm_1000x\Cu.2_13mm_1000x-181.jpg,Cu.2_13mm_1000x-181.jpg,13.0,870,120,370,120,930.3,668.1,15.0,135.4,332.0,HB,3.3,2.4,0.35,0.01,0.056,0.054,0.7,0.25
Cu.2 13mm,poprawne_adi,GJS Cu.2 lub Cu.2,POPRAWNE_ADI\Cu.2_13mm_1000x,POPRAWNE_ADI\Cu.2_13mm_1000x\Cu.2_13mm_1000x-182.jpg,Cu.2_13mm_1000x-182.jpg,13.0,870,120,370,120,930.3,668.1,15.0,135.4,332.0,HB,3.3,2.4,0.35,0.01,0.056,0.054,0.7,0.25
Cu.2 13mm,poprawne_adi,GJS Cu.2 lub Cu.2,POPRAWNE_ADI\Cu.2_13mm_1000x,POPRAWNE_ADI\Cu.2_13mm_1000x\Cu.2_13mm_1000x-183.jpg,Cu.2_13mm_1000x-183.jpg,13.0,870,120,370,120,930.3,668.1,15.0,135.4,332.0,HB,3.3,2.4,0.35,0.01,0.056,0.054,0.7,0.25
Cu.2 13mm,poprawne_adi,GJS Cu.2 lub Cu.2,POPRAWNE_ADI\Cu.2_13mm_1000x,POPRAWNE_ADI\Cu.2_13mm_1000x\Cu.2_13mm_1000x-184.jpg,Cu.2_13mm_1000x-184.jpg,13.0,870,120,370,120,930.3,668.1,15.0,135.4,332.0,HB,3.3,2.4,0.35,0.01,0.056,0.054,0.7,0.25
Cu.2 13mm,poprawne_adi,GJS Cu.2 lub Cu.2,POPRAWNE_ADI\Cu.2_13mm_1000x,POPRAWNE_ADI\Cu.2_13mm_1000x\Cu.2_13mm_1000x-185.jpg,Cu.2_13mm_1000x-185.jpg,13.0,870,120,370,120,930.3,668.1,15.0,135.4,332.0,HB,3.3,2.4,0.35,0.01,0.056,0.054,0.7,0.25
Cu.2 13mm,poprawne_adi,GJS Cu.2 lub Cu.2,POPRAWNE_ADI\Cu.2_13mm_1000x,POPRAWNE_ADI\Cu.2_13mm_1000x\Cu.2_13mm_1000x-186.jpg,Cu.2_13mm_1000x-186.jpg,13.0,870,120,370,120,930.3,668.1,15.0,135.4,332.0,HB,3.3,2.4,0.35,0.01,0.056,0.054,0.7,0.25
Cu.2 13mm,poprawne_adi,GJS Cu.2 lub Cu.2,POPRAWNE_ADI\Cu.2_13mm_1000x,POPRAWNE_ADI\Cu.2_13mm_1000x\Cu.2_13mm_1000x-187.jpg,Cu.2_13mm_1000x-187.jpg,13.0,870,120,370,120,930.3,668.1,15.0,135.4,332.0,HB,3.3,2.4,0.35,0.01,0.056,0.054,0.7,0.25
Cu.2 13mm,poprawne_adi,GJS Cu.2 lub Cu.2,POPRAWNE_ADI\Cu.2_13mm_1000x,POPRAWNE_ADI\Cu.2_13mm_1000x\Cu.2_13mm_1000x-188.jpg,Cu.2_13mm_1000x-188.jpg,13.0,870,120,370,120,930.3,668.1,15.0,135.4,332.0,HB,3.3,2.4,0.35,0.01,0.056,0.054,0.7,0.25
Cu.2 13mm,poprawne_adi,GJS Cu.2 lub Cu.2,POPRAWNE_ADI\Cu.2_13mm_1000x,POPRAWNE_ADI\Cu.2_13mm_1000x\Cu.2_13mm_1000x-189.jpg,Cu.2_13mm_1000x-189.jpg,13.0,870,120,370,120,930.3,668.1,15.0,135.4,332.0,HB,3.3,2.4,0.35,0.01,0.056,0.054,0.7,0.25
Cu.2 13mm,poprawne_adi,GJS Cu.2 lub Cu.2,POPRAWNE_ADI\Cu.2_13mm_1000x,POPRAWNE_ADI\Cu.2_13mm_1000x\Cu.2_13mm_1000x-190.jpg,Cu.2_13mm_1000x-190.jpg,13.0,870,120,370,120,930.3,668.1,15.0,135.4,332.0,HB,3.3,2.4,0.35,0.01,0.056,0.054,0.7,0.25
Cu.2 13mm,poprawne_adi,GJS Cu.2 lub Cu.2,POPRAWNE_ADI\Cu.2_13mm_1000x,POPRAWNE_ADI\Cu.2_13mm_1000x\Cu.2_13mm_1000x-191.jpg,Cu.2_13mm_1000x-191.jpg,13.0,870,120,370,120,930.3,668.1,15.0,135.4,332.0,HB,3.3,2.4,0.35,0.01,0.056,0.054,0.7,0.25
Cu.2 13mm,poprawne_adi,GJS Cu.2 lub Cu.2,POPRAWNE_ADI\Cu.2_13mm_1000x,POPRAWNE_ADI\Cu.2_13mm_1000x\Cu.2_13mm_1000x-192.jpg,Cu.2_13mm_1000x-192.jpg,13.0,870,120,370,120,930.3,668.1,15.0,135.4,332.0,HB,3.3,2.4,0.35,0.01,0.056,0.054,0.7,0.25
Cu.2 13mm,poprawne_adi,GJS Cu.2 lub Cu.2,POPRAWNE_ADI\Cu.2_13mm_1000x,POPRAWNE_ADI\Cu.2_13mm_1000x\Cu.2_13mm_1000x-193.jpg,Cu.2_13mm_1000x-193.jpg,13.0,870,120,370,120,930.3,668.1,15.0,135.4,332.0,HB,3.3,2.4,0.35,0.01,0.056,0.054,0.7,0.25
Cu.2 13mm,poprawne_adi,GJS Cu.2 lub Cu.2,POPRAWNE_ADI\Cu.2_13mm_1000x,POPRAWNE_ADI\Cu.2_13mm_1000x\Cu.2_13mm_1000x-194.jpg,Cu.2_13mm_1000x-194.jpg,13.0,870,120,370,120,930.3,668.1,15.0,135.4,332.0,HB,3.3,2.4,0.35,0.01,0.056,0.054,0.7,0.25
Cu.2 13mm,poprawne_adi,GJS Cu.2 lub Cu.2,POPRAWNE_ADI\Cu.2_13mm_1000x,POPRAWNE_ADI\Cu.2_13mm_1000x\Cu.2_13mm_1000x-195.jpg,Cu.2_13mm_1000x-195.jpg,13.0,870,120,370,120,930.3,668.1,15.0,135.4,332.0,HB,3.3,2.4,0.35,0.01,0.056,0.054,0.7,0.25
Cu.2 13mm,poprawne_adi,GJS Cu.2 lub Cu.2,POPRAWNE_ADI\Cu.2_13mm_1000x,POPRAWNE_ADI\Cu.2_13mm_1000x\Cu.2_13mm_1000x-196.jpg,Cu.2_13mm_1000x-196.jpg,13.0,870,120,370,120,930.3,668.1,15.0,135.4,332.0,HB,3.3,2.4,0.35,0.01,0.056,0.054,0.7,0.25
Cu.2 13mm,poprawne_adi,GJS Cu.2 lub Cu.2,POPRAWNE_ADI\Cu.2_13mm_1000x,POPRAWNE_ADI\Cu.2_13mm_1000x\Cu.2_13mm_1000x-197.jpg,Cu.2_13mm_1000x-197.jpg,13.0,870,120,370,120,930.3,668.1,15.0,135.4,332.0,HB,3.3,2.4,0.35,0.01,0.056,0.054,0.7,0.25
Cu.2 13mm,poprawne_adi,GJS Cu.2 lub Cu.2,POPRAWNE_ADI\Cu.2_13mm_1000x,POPRAWNE_ADI\Cu.2_13mm_1000x\Cu.2_13mm_1000x-198.jpg,Cu.2_13mm_1000x-198.jpg,13.0,870,120,370,120,930.3,668.1,15.0,135.4,332.0,HB,3.3,2.4,0.35,0.01,0.056,0.054,0.7,0.25
Cu.2 13mm,poprawne_adi,GJS Cu.2 lub Cu.2,POPRAWNE_ADI\Cu.2_13mm_1000x,POPRAWNE_ADI\Cu.2_13mm_1000x\Cu.2_13mm_1000x-199.jpg,Cu.2_13mm_1000x-199.jpg,13.0,870,120,370,120,930.3,668.1,15.0,135.4,332.0,HB,3.3,2.4,0.35,0.01,0.056,0.054,0.7,0.25
Cu.2 13mm,poprawne_adi,GJS Cu.2 lub Cu.2,POPRAWNE_ADI\Cu.2_13mm_1000x,POPRAWNE_ADI\Cu.2_13mm_1000x\Cu.2_13mm_1000x-200.jpg,Cu.2_13mm_1000x-200.jpg,13.0,870,120,370,120,930.3,668.1,15.0,135.4,332.0,HB,3.3,2.4,0.35,0.01,0.056,0.054,0.7,0.25
Ni.2 3mm,poprawne_adi,GJS Ni.2 lub Ni.2,POPRAWNE_ADI\Ni.2_3mm_1000x,POPRAWNE_ADI\Ni.2_3mm_1000x\Ni.2_3mm_1000x-001.jpg,Ni.2_3mm_1000x-001.jpg,3.0,870,90,370,90,1120.1,,14.3,,326.0,HB,3.45,2.59,0.26,0.015,0.04,0.057,0.038,2.54
Ni.2 3mm,poprawne_adi,GJS Ni.2 lub Ni.2,POPRAWNE_ADI\Ni.2_3mm_1000x,POPRAWNE_ADI\Ni.2_3mm_1000x\Ni.2_3mm_1000x-002.jpg,Ni.2_3mm_1000x-002.jpg,3.0,870,90,370,90,1120.1,,14.3,,326.0,HB,3.45,2.59,0.26,0.015,0.04,0.057,0.038,2.54
Ni.2 3mm,poprawne_adi,GJS Ni.2 lub Ni.2,POPRAWNE_ADI\Ni.2_3mm_1000x,POPRAWNE_ADI\Ni.2_3mm_1000x\Ni.2_3mm_1000x-003.jpg,Ni.2_3mm_1000x-003.jpg,3.0,870,90,370,90,1120.1,,14.3,,326.0,HB,3.45,2.59,0.26,0.015,0.04,0.057,0.038,2.54
Ni.2 3mm,poprawne_adi,GJS Ni.2 lub Ni.2,POPRAWNE_ADI\Ni.2_3mm_1000x,POPRAWNE_ADI\Ni.2_3mm_1000x\Ni.2_3mm_1000x-004.jpg,Ni.2_3mm_1000x-004.jpg,3.0,870,90,370,90,1120.1,,14.3,,326.0,HB,3.45,2.59,0.26,0.015,0.04,0.057,0.038,2.54
Ni.2 3mm,poprawne_adi,GJS Ni.2 lub Ni.2,POPRAWNE_ADI\Ni.2_3mm_1000x,POPRAWNE_ADI\Ni.2_3mm_1000x\Ni.2_3mm_1000x-005.jpg,Ni.2_3mm_1000x-005.jpg,3.0,870,90,370,90,1120.1,,14.3,,326.0,HB,3.45,2.59,0.26,0.015,0.04,0.057,0.038,2.54
Ni.2 3mm,poprawne_adi,GJS Ni.2 lub Ni.2,POPRAWNE_ADI\Ni.2_3mm_1000x,POPRAWNE_ADI\Ni.2_3mm_1000x\Ni.2_3mm_1000x-006.jpg,Ni.2_3mm_1000x-006.jpg,3.0,870,90,370,90,1120.1,,14.3,,326.0,HB,3.45,2.59,0.26,0.015,0.04,0.057,0.038,2.54
Ni.2 3mm,poprawne_adi,GJS Ni.2 lub Ni.2,POPRAWNE_ADI\Ni.2_3mm_1000x,POPRAWNE_ADI\Ni.2_3mm_1000x\Ni.2_3mm_1000x-007.jpg,Ni.2_3mm_1000x-007.jpg,3.0,870,90,370,90,1120.1,,14.3,,326.0,HB,3.45,2.59,0.26,0.015,0.04,0.057,0.038,2.54
Ni.2 3mm,poprawne_adi,GJS Ni.2 lub Ni.2,POPRAWNE_ADI\Ni.2_3mm_1000x,POPRAWNE_ADI\Ni.2_3mm_1000x\Ni.2_3mm_1000x-008.jpg,Ni.2_3mm_1000x-008.jpg,3.0,870,90,370,90,1120.1,,14.3,,326.0,HB,3.45,2.59,0.26,0.015,0.04,0.057,0.038,2.54
Ni.2 3mm,poprawne_adi,GJS Ni.2 lub Ni.2,POPRAWNE_ADI\Ni.2_3mm_1000x,POPRAWNE_ADI\Ni.2_3mm_1000x\Ni.2_3mm_1000x-009.jpg,Ni.2_3mm_1000x-009.jpg,3.0,870,90,370,90,1120.1,,14.3,,326.0,HB,3.45,2.59,0.26,0.015,0.04,0.057,0.038,2.54
Ni.2 3mm,poprawne_adi,GJS Ni.2 lub Ni.2,POPRAWNE_ADI\Ni.2_3mm_1000x,POPRAWNE_ADI\Ni.2_3mm_1000x\Ni.2_3mm_1000x-010.jpg,Ni.2_3mm_1000x-010.jpg,3.0,870,90,370,90,1120.1,,14.3,,326.0,HB,3.45,2.59,0.26,0.015,0.04,0.057,0.038,2.54
Ni.2 3mm,poprawne_adi,GJS Ni.2 lub Ni.2,POPRAWNE_ADI\Ni.2_3mm_1000x,POPRAWNE_ADI\Ni.2_3mm_1000x\Ni.2_3mm_1000x-011.jpg,Ni.2_3mm_1000x-011.jpg,3.0,870,90,370,90,1120.1,,14.3,,326.0,HB,3.45,2.59,0.26,0.015,0.04,0.057,0.038,2.54
Ni.2 3mm,poprawne_adi,GJS Ni.2 lub Ni.2,POPRAWNE_ADI\Ni.2_3mm_1000x,POPRAWNE_ADI\Ni.2_3mm_1000x\Ni.2_3mm_1000x-012.jpg,Ni.2_3mm_1000x-012.jpg,3.0,870,90,370,90,1120.1,,14.3,,326.0,HB,3.45,2.59,0.26,0.015,0.04,0.057,0.038,2.54
Ni.2 3mm,poprawne_adi,GJS Ni.2 lub Ni.2,POPRAWNE_ADI\Ni.2_3mm_1000x,POPRAWNE_ADI\Ni.2_3mm_1000x\Ni.2_3mm_1000x-013.jpg,Ni.2_3mm_1000x-013.jpg,3.0,870,90,370,90,1120.1,,14.3,,326.0,HB,3.45,2.59,0.26,0.015,0.04,0.057,0.038,2.54
Ni.2 3mm,poprawne_adi,GJS Ni.2 lub Ni.2,POPRAWNE_ADI\Ni.2_3mm_1000x,POPRAWNE_ADI\Ni.2_3mm_1000x\Ni.2_3mm_1000x-014.jpg,Ni.2_3mm_1000x-014.jpg,3.0,870,90,370,90,1120.1,,14.3,,326.0,HB,3.45,2.59,0.26,0.015,0.04,0.057,0.038,2.54
Ni.2 3mm,poprawne_adi,GJS Ni.2 lub Ni.2,POPRAWNE_ADI\Ni.2_3mm_1000x,POPRAWNE_ADI\Ni.2_3mm_1000x\Ni.2_3mm_1000x-015.jpg,Ni.2_3mm_1000x-015.jpg,3.0,870,90,370,90,1120.1,,14.3,,326.0,HB,3.45,2.59,0.26,0.015,0.04,0.057,0.038,2.54
Ni.2 3mm,poprawne_adi,GJS Ni.2 lub Ni.2,POPRAWNE_ADI\Ni.2_3mm_1000x,POPRAWNE_ADI\Ni.2_3mm_1000x\Ni.2_3mm_1000x-016.jpg,Ni.2_3mm_1000x-016.jpg,3.0,870,90,370,90,1120.1,,14.3,,326.0,HB,3.45,2.59,0.26,0.015,0.04,0.057,0.038,2.54
Ni.2 3mm,poprawne_adi,GJS Ni.2 lub Ni.2,POPRAWNE_ADI\Ni.2_3mm_1000x,POPRAWNE_ADI\Ni.2_3mm_1000x\Ni.2_3mm_1000x-017.jpg,Ni.2_3mm_1000x-017.jpg,3.0,870,90,370,90,1120.1,,14.3,,326.0,HB,3.45,2.59,0.26,0.015,0.04,0.057,0.038,2.54
Ni.2 3mm,poprawne_adi,GJS Ni.2 lub Ni.2,POPRAWNE_ADI\Ni.2_3mm_1000x,POPRAWNE_ADI\Ni.2_3mm_1000x\Ni.2_3mm_1000x-018.jpg,Ni.2_3mm_1000x-018.jpg,3.0,870,90,370,90,1120.1,,14.3,,326.0,HB,3.45,2.59,0.26,0.015,0.04,0.057,0.038,2.54
Ni.2 3mm,poprawne_adi,GJS Ni.2 lub Ni.2,POPRAWNE_ADI\Ni.2_3mm_1000x,POPRAWNE_ADI\Ni.2_3mm_1000x\Ni.2_3mm_1000x-019.jpg,Ni.2_3mm_1000x-019.jpg,3.0,870,90,370,90,1120.1,,14.3,,326.0,HB,3.45,2.59,0.26,0.015,0.04,0.057,0.038,2.54
Ni.2 3mm,poprawne_adi,GJS Ni.2 lub Ni.2,POPRAWNE_ADI\Ni.2_3mm_1000x,POPRAWNE_ADI\Ni.2_3mm_1000x\Ni.2_3mm_1000x-020.jpg,Ni.2_3mm_1000x-020.jpg,3.0,870,90,370,90,1120.1,,14.3,,326.0,HB,3.45,2.59,0.26,0.015,0.04,0.057,0.038,2.54
Ni.2 3mm,poprawne_adi,GJS Ni.2 lub Ni.2,POPRAWNE_ADI\Ni.2_3mm_1000x,POPRAWNE_ADI\Ni.2_3mm_1000x\Ni.2_3mm_1000x-021.jpg,Ni.2_3mm_1000x-021.jpg,3.0,870,90,370,90,1120.1,,14.3,,326.0,HB,3.45,2.59,0.26,0.015,0.04,0.057,0.038,2.54
Ni.2 3mm,poprawne_adi,GJS Ni.2 lub Ni.2,POPRAWNE_ADI\Ni.2_3mm_1000x,POPRAWNE_ADI\Ni.2_3mm_1000x\Ni.2_3mm_1000x-022.jpg,Ni.2_3mm_1000x-022.jpg,3.0,870,90,370,90,1120.1,,14.3,,326.0,HB,3.45,2.59,0.26,0.015,0.04,0.057,0.038,2.54
Ni.2 3mm,poprawne_adi,GJS Ni.2 lub Ni.2,POPRAWNE_ADI\Ni.2_3mm_1000x,POPRAWNE_ADI\Ni.2_3mm_1000x\Ni.2_3mm_1000x-023.jpg,Ni.2_3mm_1000x-023.jpg,3.0,870,90,370,90,1120.1,,14.3,,326.0,HB,3.45,2.59,0.26,0.015,0.04,0.057,0.038,2.54
Ni.2 3mm,poprawne_adi,GJS Ni.2 lub Ni.2,POPRAWNE_ADI\Ni.2_3mm_1000x,POPRAWNE_ADI\Ni.2_3mm_1000x\Ni.2_3mm_1000x-024.jpg,Ni.2_3mm_1000x-024.jpg,3.0,870,90,370,90,1120.1,,14.3,,326.0,HB,3.45,2.59,0.26,0.015,0.04,0.057,0.038,2.54
Ni.2 3mm,poprawne_adi,GJS Ni.2 lub Ni.2,POPRAWNE_ADI\Ni.2_3mm_1000x,POPRAWNE_ADI\Ni.2_3mm_1000x\Ni.2_3mm_1000x-025.jpg,Ni.2_3mm_1000x-025.jpg,3.0,870,90,370,90,1120.1,,14.3,,326.0,HB,3.45,2.59,0.26,0.015,0.04,0.057,0.038,2.54
Ni.2 3mm,poprawne_adi,GJS Ni.2 lub Ni.2,POPRAWNE_ADI\Ni.2_3mm_1000x,POPRAWNE_ADI\Ni.2_3mm_1000x\Ni.2_3mm_1000x-026.jpg,Ni.2_3mm_1000x-026.jpg,3.0,870,90,370,90,1120.1,,14.3,,326.0,HB,3.45,2.59,0.26,0.015,0.04,0.057,0.038,2.54
Ni.2 3mm,poprawne_adi,GJS Ni.2 lub Ni.2,POPRAWNE_ADI\Ni.2_3mm_1000x,POPRAWNE_ADI\Ni.2_3mm_1000x\Ni.2_3mm_1000x-027.jpg,Ni.2_3mm_1000x-027.jpg,3.0,870,90,370,90,1120.1,,14.3,,326.0,HB,3.45,2.59,0.26,0.015,0.04,0.057,0.038,2.54
Ni.2 3mm,poprawne_adi,GJS Ni.2 lub Ni.2,POPRAWNE_ADI\Ni.2_3mm_1000x,POPRAWNE_ADI\Ni.2_3mm_1000x\Ni.2_3mm_1000x-028.jpg,Ni.2_3mm_1000x-028.jpg,3.0,870,90,370,90,1120.1,,14.3,,326.0,HB,3.45,2.59,0.26,0.015,0.04,0.057,0.038,2.54
Ni.2 3mm,poprawne_adi,GJS Ni.2 lub Ni.2,POPRAWNE_ADI\Ni.2_3mm_1000x,POPRAWNE_ADI\Ni.2_3mm_1000x\Ni.2_3mm_1000x-029.jpg,Ni.2_3mm_1000x-029.jpg,3.0,870,90,370,90,1120.1,,14.3,,326.0,HB,3.45,2.59,0.26,0.015,0.04,0.057,0.038,2.54
Ni.2 3mm,poprawne_adi,GJS Ni.2 lub Ni.2,POPRAWNE_ADI\Ni.2_3mm_1000x,POPRAWNE_ADI\Ni.2_3mm_1000x\Ni.2_3mm_1000x-030.jpg,Ni.2_3mm_1000x-030.jpg,3.0,870,90,370,90,1120.1,,14.3,,326.0,HB,3.45,2.59,0.26,0.015,0.04,0.057,0.038,2.54
Ni.2 3mm,poprawne_adi,GJS Ni.2 lub Ni.2,POPRAWNE_ADI\Ni.2_3mm_1000x,POPRAWNE_ADI\Ni.2_3mm_1000x\Ni.2_3mm_1000x-031.jpg,Ni.2_3mm_1000x-031.jpg,3.0,870,90,370,90,1120.1,,14.3,,326.0,HB,3.45,2.59,0.26,0.015,0.04,0.057,0.038,2.54
Ni.2 3mm,poprawne_adi,GJS Ni.2 lub Ni.2,POPRAWNE_ADI\Ni.2_3mm_1000x,POPRAWNE_ADI\Ni.2_3mm_1000x\Ni.2_3mm_1000x-032.jpg,Ni.2_3mm_1000x-032.jpg,3.0,870,90,370,90,1120.1,,14.3,,326.0,HB,3.45,2.59,0.26,0.015,0.04,0.057,0.038,2.54
Ni.2 3mm,poprawne_adi,GJS Ni.2 lub Ni.2,POPRAWNE_ADI\Ni.2_3mm_1000x,POPRAWNE_ADI\Ni.2_3mm_1000x\Ni.2_3mm_1000x-033.jpg,Ni.2_3mm_1000x-033.jpg,3.0,870,90,370,90,1120.1,,14.3,,326.0,HB,3.45,2.59,0.26,0.015,0.04,0.057,0.038,2.54
Ni.2 3mm,poprawne_adi,GJS Ni.2 lub Ni.2,POPRAWNE_ADI\Ni.2_3mm_1000x,POPRAWNE_ADI\Ni.2_3mm_1000x\Ni.2_3mm_1000x-034.jpg,Ni.2_3mm_1000x-034.jpg,3.0,870,90,370,90,1120.1,,14.3,,326.0,HB,3.45,2.59,0.26,0.015,0.04,0.057,0.038,2.54
Ni.2 3mm,poprawne_adi,GJS Ni.2 lub Ni.2,POPRAWNE_ADI\Ni.2_3mm_1000x,POPRAWNE_ADI\Ni.2_3mm_1000x\Ni.2_3mm_1000x-035.jpg,Ni.2_3mm_1000x-035.jpg,3.0,870,90,370,90,1120.1,,14.3,,326.0,HB,3.45,2.59,0.26,0.015,0.04,0.057,0.038,2.54
Ni.2 3mm,poprawne_adi,GJS Ni.2 lub Ni.2,POPRAWNE_ADI\Ni.2_3mm_1000x,POPRAWNE_ADI\Ni.2_3mm_1000x\Ni.2_3mm_1000x-036.jpg,Ni.2_3mm_1000x-036.jpg,3.0,870,90,370,90,1120.1,,14.3,,326.0,HB,3.45,2.59,0.26,0.015,0.04,0.057,0.038,2.54
Ni.2 3mm,poprawne_adi,GJS Ni.2 lub Ni.2,POPRAWNE_ADI\Ni.2_3mm_1000x,POPRAWNE_ADI\Ni.2_3mm_1000x\Ni.2_3mm_1000x-037.jpg,Ni.2_3mm_1000x-037.jpg,3.0,870,90,370,90,1120.1,,14.3,,326.0,HB,3.45,2.59,0.26,0.015,0.04,0.057,0.038,2.54
Ni.2 3mm,poprawne_adi,GJS Ni.2 lub Ni.2,POPRAWNE_ADI\Ni.2_3mm_1000x,POPRAWNE_ADI\Ni.2_3mm_1000x\Ni.2_3mm_1000x-038.jpg,Ni.2_3mm_1000x-038.jpg,3.0,870,90,370,90,1120.1,,14.3,,326.0,HB,3.45,2.59,0.26,0.015,0.04,0.057,0.038,2.54
Ni.2 3mm,poprawne_adi,GJS Ni.2 lub Ni.2,POPRAWNE_ADI\Ni.2_3mm_1000x,POPRAWNE_ADI\Ni.2_3mm_1000x\Ni.2_3mm_1000x-039.jpg,Ni.2_3mm_1000x-039.jpg,3.0,870,90,370,90,1120.1,,14.3,,326.0,HB,3.45,2.59,0.26,0.015,0.04,0.057,0.038,2.54
Ni.2 3mm,poprawne_adi,GJS Ni.2 lub Ni.2,POPRAWNE_ADI\Ni.2_3mm_1000x,POPRAWNE_ADI\Ni.2_3mm_1000x\Ni.2_3mm_1000x-040.jpg,Ni.2_3mm_1000x-040.jpg,3.0,870,90,370,90,1120.1,,14.3,,326.0,HB,3.45,2.59,0.26,0.015,0.04,0.057,0.038,2.54
Ni.2 3mm,poprawne_adi,GJS Ni.2 lub Ni.2,POPRAWNE_ADI\Ni.2_3mm_1000x,POPRAWNE_ADI\Ni.2_3mm_1000x\Ni.2_3mm_1000x-041.jpg,Ni.2_3mm_1000x-041.jpg,3.0,870,90,370,90,1120.1,,14.3,,326.0,HB,3.45,2.59,0.26,0.015,0.04,0.057,0.038,2.54
Ni.2 3mm,poprawne_adi,GJS Ni.2 lub Ni.2,POPRAWNE_ADI\Ni.2_3mm_1000x,POPRAWNE_ADI\Ni.2_3mm_1000x\Ni.2_3mm_1000x-042.jpg,Ni.2_3mm_1000x-042.jpg,3.0,870,90,370,90,1120.1,,14.3,,326.0,HB,3.45,2.59,0.26,0.015,0.04,0.057,0.038,2.54
Ni.2 3mm,poprawne_adi,GJS Ni.2 lub Ni.2,POPRAWNE_ADI\Ni.2_3mm_1000x,POPRAWNE_ADI\Ni.2_3mm_1000x\Ni.2_3mm_1000x-043.jpg,Ni.2_3mm_1000x-043.jpg,3.0,870,90,370,90,1120.1,,14.3,,326.0,HB,3.45,2.59,0.26,0.015,0.04,0.057,0.038,2.54
Ni.2 3mm,poprawne_adi,GJS Ni.2 lub Ni.2,POPRAWNE_ADI\Ni.2_3mm_1000x,POPRAWNE_ADI\Ni.2_3mm_1000x\Ni.2_3mm_1000x-044.jpg,Ni.2_3mm_1000x-044.jpg,3.0,870,90,370,90,1120.1,,14.3,,326.0,HB,3.45,2.59,0.26,0.015,0.04,0.057,0.038,2.54
Ni.2 3mm,poprawne_adi,GJS Ni.2 lub Ni.2,POPRAWNE_ADI\Ni.2_3mm_1000x,POPRAWNE_ADI\Ni.2_3mm_1000x\Ni.2_3mm_1000x-045.jpg,Ni.2_3mm_1000x-045.jpg,3.0,870,90,370,90,1120.1,,14.3,,326.0,HB,3.45,2.59,0.26,0.015,0.04,0.057,0.038,2.54
Ni.2 3mm,poprawne_adi,GJS Ni.2 lub Ni.2,POPRAWNE_ADI\Ni.2_3mm_1000x,POPRAWNE_ADI\Ni.2_3mm_1000x\Ni.2_3mm_1000x-046.jpg,Ni.2_3mm_1000x-046.jpg,3.0,870,90,370,90,1120.1,,14.3,,326.0,HB,3.45,2.59,0.26,0.015,0.04,0.057,0.038,2.54
Ni.2 3mm,poprawne_adi,GJS Ni.2 lub Ni.2,POPRAWNE_ADI\Ni.2_3mm_1000x,POPRAWNE_ADI\Ni.2_3mm_1000x\Ni.2_3mm_1000x-047.jpg,Ni.2_3mm_1000x-047.jpg,3.0,870,90,370,90,1120.1,,14.3,,326.0,HB,3.45,2.59,0.26,0.015,0.04,0.057,0.038,2.54
Ni.2 3mm,poprawne_adi,GJS Ni.2 lub Ni.2,POPRAWNE_ADI\Ni.2_3mm_1000x,POPRAWNE_ADI\Ni.2_3mm_1000x\Ni.2_3mm_1000x-048.jpg,Ni.2_3mm_1000x-048.jpg,3.0,870,90,370,90,1120.1,,14.3,,326.0,HB,3.45,2.59,0.26,0.015,0.04,0.057,0.038,2.54
Ni.2 3mm,poprawne_adi,GJS Ni.2 lub Ni.2,POPRAWNE_ADI\Ni.2_3mm_1000x,POPRAWNE_ADI\Ni.2_3mm_1000x\Ni.2_3mm_1000x-049.jpg,Ni.2_3mm_1000x-049.jpg,3.0,870,90,370,90,1120.1,,14.3,,326.0,HB,3.45,2.59,0.26,0.015,0.04,0.057,0.038,2.54
Ni.2 3mm,poprawne_adi,GJS Ni.2 lub Ni.2,POPRAWNE_ADI\Ni.2_3mm_1000x,POPRAWNE_ADI\Ni.2_3mm_1000x\Ni.2_3mm_1000x-050.jpg,Ni.2_3mm_1000x-050.jpg,3.0,870,90,370,90,1120.1,,14.3,,326.0,HB,3.45,2.59,0.26,0.015,0.04,0.057,0.038,2.54
Ni.2 3mm,poprawne_adi,GJS Ni.2 lub Ni.2,POPRAWNE_ADI\Ni.2_3mm_1000x,POPRAWNE_ADI\Ni.2_3mm_1000x\Ni.2_3mm_1000x-051.jpg,Ni.2_3mm_1000x-051.jpg,3.0,870,90,370,90,1120.1,,14.3,,326.0,HB,3.45,2.59,0.26,0.015,0.04,0.057,0.038,2.54
Ni.2 3mm,poprawne_adi,GJS Ni.2 lub Ni.2,POPRAWNE_ADI\Ni.2_3mm_1000x,POPRAWNE_ADI\Ni.2_3mm_1000x\Ni.2_3mm_1000x-052.jpg,Ni.2_3mm_1000x-052.jpg,3.0,870,90,370,90,1120.1,,14.3,,326.0,HB,3.45,2.59,0.26,0.015,0.04,0.057,0.038,2.54
Ni.2 3mm,poprawne_adi,GJS Ni.2 lub Ni.2,POPRAWNE_ADI\Ni.2_3mm_1000x,POPRAWNE_ADI\Ni.2_3mm_1000x\Ni.2_3mm_1000x-053.jpg,Ni.2_3mm_1000x-053.jpg,3.0,870,90,370,90,1120.1,,14.3,,326.0,HB,3.45,2.59,0.26,0.015,0.04,0.057,0.038,2.54
Ni.2 3mm,poprawne_adi,GJS Ni.2 lub Ni.2,POPRAWNE_ADI\Ni.2_3mm_1000x,POPRAWNE_ADI\Ni.2_3mm_1000x\Ni.2_3mm_1000x-054.jpg,Ni.2_3mm_1000x-054.jpg,3.0,870,90,370,90,1120.1,,14.3,,326.0,HB,3.45,2.59,0.26,0.015,0.04,0.057,0.038,2.54
Ni.2 3mm,poprawne_adi,GJS Ni.2 lub Ni.2,POPRAWNE_ADI\Ni.2_3mm_1000x,POPRAWNE_ADI\Ni.2_3mm_1000x\Ni.2_3mm_1000x-055.jpg,Ni.2_3mm_1000x-055.jpg,3.0,870,90,370,90,1120.1,,14.3,,326.0,HB,3.45,2.59,0.26,0.015,0.04,0.057,0.038,2.54
Ni.2 3mm,poprawne_adi,GJS Ni.2 lub Ni.2,POPRAWNE_ADI\Ni.2_3mm_1000x,POPRAWNE_ADI\Ni.2_3mm_1000x\Ni.2_3mm_1000x-056.jpg,Ni.2_3mm_1000x-056.jpg,3.0,870,90,370,90,1120.1,,14.3,,326.0,HB,3.45,2.59,0.26,0.015,0.04,0.057,0.038,2.54
Ni.2 3mm,poprawne_adi,GJS Ni.2 lub Ni.2,POPRAWNE_ADI\Ni.2_3mm_1000x,POPRAWNE_ADI\Ni.2_3mm_1000x\Ni.2_3mm_1000x-057.jpg,Ni.2_3mm_1000x-057.jpg,3.0,870,90,370,90,1120.1,,14.3,,326.0,HB,3.45,2.59,0.26,0.015,0.04,0.057,0.038,2.54
Ni.2 3mm,poprawne_adi,GJS Ni.2 lub Ni.2,POPRAWNE_ADI\Ni.2_3mm_1000x,POPRAWNE_ADI\Ni.2_3mm_1000x\Ni.2_3mm_1000x-058.jpg,Ni.2_3mm_1000x-058.jpg,3.0,870,90,370,90,1120.1,,14.3,,326.0,HB,3.45,2.59,0.26,0.015,0.04,0.057,0.038,2.54
Ni.2 3mm,poprawne_adi,GJS Ni.2 lub Ni.2,POPRAWNE_ADI\Ni.2_3mm_1000x,POPRAWNE_ADI\Ni.2_3mm_1000x\Ni.2_3mm_1000x-059.jpg,Ni.2_3mm_1000x-059.jpg,3.0,870,90,370,90,1120.1,,14.3,,326.0,HB,3.45,2.59,0.26,0.015,0.04,0.057,0.038,2.54
Ni.2 3mm,poprawne_adi,GJS Ni.2 lub Ni.2,POPRAWNE_ADI\Ni.2_3mm_1000x,POPRAWNE_ADI\Ni.2_3mm_1000x\Ni.2_3mm_1000x-060.jpg,Ni.2_3mm_1000x-060.jpg,3.0,870,90,370,90,1120.1,,14.3,,326.0,HB,3.45,2.59,0.26,0.015,0.04,0.057,0.038,2.54
Ni.2 3mm,poprawne_adi,GJS Ni.2 lub Ni.2,POPRAWNE_ADI\Ni.2_3mm_1000x,POPRAWNE_ADI\Ni.2_3mm_1000x\Ni.2_3mm_1000x-061.jpg,Ni.2_3mm_1000x-061.jpg,3.0,870,90,370,90,1120.1,,14.3,,326.0,HB,3.45,2.59,0.26,0.015,0.04,0.057,0.038,2.54
Ni.2 3mm,poprawne_adi,GJS Ni.2 lub Ni.2,POPRAWNE_ADI\Ni.2_3mm_1000x,POPRAWNE_ADI\Ni.2_3mm_1000x\Ni.2_3mm_1000x-062.jpg,Ni.2_3mm_1000x-062.jpg,3.0,870,90,370,90,1120.1,,14.3,,326.0,HB,3.45,2.59,0.26,0.015,0.04,0.057,0.038,2.54
Ni.2 3mm,poprawne_adi,GJS Ni.2 lub Ni.2,POPRAWNE_ADI\Ni.2_3mm_1000x,POPRAWNE_ADI\Ni.2_3mm_1000x\Ni.2_3mm_1000x-063.jpg,Ni.2_3mm_1000x-063.jpg,3.0,870,90,370,90,1120.1,,14.3,,326.0,HB,3.45,2.59,0.26,0.015,0.04,0.057,0.038,2.54
Ni.2 3mm,poprawne_adi,GJS Ni.2 lub Ni.2,POPRAWNE_ADI\Ni.2_3mm_1000x,POPRAWNE_ADI\Ni.2_3mm_1000x\Ni.2_3mm_1000x-064.jpg,Ni.2_3mm_1000x-064.jpg,3.0,870,90,370,90,1120.1,,14.3,,326.0,HB,3.45,2.59,0.26,0.015,0.04,0.057,0.038,2.54
Ni.2 3mm,poprawne_adi,GJS Ni.2 lub Ni.2,POPRAWNE_ADI\Ni.2_3mm_1000x,POPRAWNE_ADI\Ni.2_3mm_1000x\Ni.2_3mm_1000x-065.jpg,Ni.2_3mm_1000x-065.jpg,3.0,870,90,370,90,1120.1,,14.3,,326.0,HB,3.45,2.59,0.26,0.015,0.04,0.057,0.038,2.54
Ni.2 3mm,poprawne_adi,GJS Ni.2 lub Ni.2,POPRAWNE_ADI\Ni.2_3mm_1000x,POPRAWNE_ADI\Ni.2_3mm_1000x\Ni.2_3mm_1000x-066.jpg,Ni.2_3mm_1000x-066.jpg,3.0,870,90,370,90,1120.1,,14.3,,326.0,HB,3.45,2.59,0.26,0.015,0.04,0.057,0.038,2.54
Ni.2 3mm,poprawne_adi,GJS Ni.2 lub Ni.2,POPRAWNE_ADI\Ni.2_3mm_1000x,POPRAWNE_ADI\Ni.2_3mm_1000x\Ni.2_3mm_1000x-067.jpg,Ni.2_3mm_1000x-067.jpg,3.0,870,90,370,90,1120.1,,14.3,,326.0,HB,3.45,2.59,0.26,0.015,0.04,0.057,0.038,2.54
Ni.2 3mm,poprawne_adi,GJS Ni.2 lub Ni.2,POPRAWNE_ADI\Ni.2_3mm_1000x,POPRAWNE_ADI\Ni.2_3mm_1000x\Ni.2_3mm_1000x-068.jpg,Ni.2_3mm_1000x-068.jpg,3.0,870,90,370,90,1120.1,,14.3,,326.0,HB,3.45,2.59,0.26,0.015,0.04,0.057,0.038,2.54
Ni.2 3mm,poprawne_adi,GJS Ni.2 lub Ni.2,POPRAWNE_ADI\Ni.2_3mm_1000x,POPRAWNE_ADI\Ni.2_3mm_1000x\Ni.2_3mm_1000x-069.jpg,Ni.2_3mm_1000x-069.jpg,3.0,870,90,370,90,1120.1,,14.3,,326.0,HB,3.45,2.59,0.26,0.015,0.04,0.057,0.038,2.54
Ni.2 3mm,poprawne_adi,GJS Ni.2 lub Ni.2,POPRAWNE_ADI\Ni.2_3mm_1000x,POPRAWNE_ADI\Ni.2_3mm_1000x\Ni.2_3mm_1000x-070.jpg,Ni.2_3mm_1000x-070.jpg,3.0,870,90,370,90,1120.1,,14.3,,326.0,HB,3.45,2.59,0.26,0.015,0.04,0.057,0.038,2.54
Ni.2 3mm,poprawne_adi,GJS Ni.2 lub Ni.2,POPRAWNE_ADI\Ni.2_3mm_1000x,POPRAWNE_ADI\Ni.2_3mm_1000x\Ni.2_3mm_1000x-071.jpg,Ni.2_3mm_1000x-071.jpg,3.0,870,90,370,90,1120.1,,14.3,,326.0,HB,3.45,2.59,0.26,0.015,0.04,0.057,0.038,2.54
Ni.2 3mm,poprawne_adi,GJS Ni.2 lub Ni.2,POPRAWNE_ADI\Ni.2_3mm_1000x,POPRAWNE_ADI\Ni.2_3mm_1000x\Ni.2_3mm_1000x-072.jpg,Ni.2_3mm_1000x-072.jpg,3.0,870,90,370,90,1120.1,,14.3,,326.0,HB,3.45,2.59,0.26,0.015,0.04,0.057,0.038,2.54
Ni.2 3mm,poprawne_adi,GJS Ni.2 lub Ni.2,POPRAWNE_ADI\Ni.2_3mm_1000x,POPRAWNE_ADI\Ni.2_3mm_1000x\Ni.2_3mm_1000x-073.jpg,Ni.2_3mm_1000x-073.jpg,3.0,870,90,370,90,1120.1,,14.3,,326.0,HB,3.45,2.59,0.26,0.015,0.04,0.057,0.038,2.54
Ni.2 3mm,poprawne_adi,GJS Ni.2 lub Ni.2,POPRAWNE_ADI\Ni.2_3mm_1000x,POPRAWNE_ADI\Ni.2_3mm_1000x\Ni.2_3mm_1000x-074.jpg,Ni.2_3mm_1000x-074.jpg,3.0,870,90,370,90,1120.1,,14.3,,326.0,HB,3.45,2.59,0.26,0.015,0.04,0.057,0.038,2.54
Ni.2 3mm,poprawne_adi,GJS Ni.2 lub Ni.2,POPRAWNE_ADI\Ni.2_3mm_1000x,POPRAWNE_ADI\Ni.2_3mm_1000x\Ni.2_3mm_1000x-075.jpg,Ni.2_3mm_1000x-075.jpg,3.0,870,90,370,90,1120.1,,14.3,,326.0,HB,3.45,2.59,0.26,0.015,0.04,0.057,0.038,2.54
Ni.2 3mm,poprawne_adi,GJS Ni.2 lub Ni.2,POPRAWNE_ADI\Ni.2_3mm_1000x,POPRAWNE_ADI\Ni.2_3mm_1000x\Ni.2_3mm_1000x-076.jpg,Ni.2_3mm_1000x-076.jpg,3.0,870,90,370,90,1120.1,,14.3,,326.0,HB,3.45,2.59,0.26,0.015,0.04,0.057,0.038,2.54
Ni.2 3mm,poprawne_adi,GJS Ni.2 lub Ni.2,POPRAWNE_ADI\Ni.2_3mm_1000x,POPRAWNE_ADI\Ni.2_3mm_1000x\Ni.2_3mm_1000x-077.jpg,Ni.2_3mm_1000x-077.jpg,3.0,870,90,370,90,1120.1,,14.3,,326.0,HB,3.45,2.59,0.26,0.015,0.04,0.057,0.038,2.54
Ni.2 3mm,poprawne_adi,GJS Ni.2 lub Ni.2,POPRAWNE_ADI\Ni.2_3mm_1000x,POPRAWNE_ADI\Ni.2_3mm_1000x\Ni.2_3mm_1000x-078.jpg,Ni.2_3mm_1000x-078.jpg,3.0,870,90,370,90,1120.1,,14.3,,326.0,HB,3.45,2.59,0.26,0.015,0.04,0.057,0.038,2.54
Ni.2 3mm,poprawne_adi,GJS Ni.2 lub Ni.2,POPRAWNE_ADI\Ni.2_3mm_1000x,POPRAWNE_ADI\Ni.2_3mm_1000x\Ni.2_3mm_1000x-079.jpg,Ni.2_3mm_1000x-079.jpg,3.0,870,90,370,90,1120.1,,14.3,,326.0,HB,3.45,2.59,0.26,0.015,0.04,0.057,0.038,2.54
Ni.2 3mm,poprawne_adi,GJS Ni.2 lub Ni.2,POPRAWNE_ADI\Ni.2_3mm_1000x,POPRAWNE_ADI\Ni.2_3mm_1000x\Ni.2_3mm_1000x-080.jpg,Ni.2_3mm_1000x-080.jpg,3.0,870,90,370,90,1120.1,,14.3,,326.0,HB,3.45,2.59,0.26,0.015,0.04,0.057,0.038,2.54
Ni.2 3mm,poprawne_adi,GJS Ni.2 lub Ni.2,POPRAWNE_ADI\Ni.2_3mm_1000x,POPRAWNE_ADI\Ni.2_3mm_1000x\Ni.2_3mm_1000x-081.jpg,Ni.2_3mm_1000x-081.jpg,3.0,870,90,370,90,1120.1,,14.3,,326.0,HB,3.45,2.59,0.26,0.015,0.04,0.057,0.038,2.54
Ni.2 3mm,poprawne_adi,GJS Ni.2 lub Ni.2,POPRAWNE_ADI\Ni.2_3mm_1000x,POPRAWNE_ADI\Ni.2_3mm_1000x\Ni.2_3mm_1000x-082.jpg,Ni.2_3mm_1000x-082.jpg,3.0,870,90,370,90,1120.1,,14.3,,326.0,HB,3.45,2.59,0.26,0.015,0.04,0.057,0.038,2.54
Ni.2 3mm,poprawne_adi,GJS Ni.2 lub Ni.2,POPRAWNE_ADI\Ni.2_3mm_1000x,POPRAWNE_ADI\Ni.2_3mm_1000x\Ni.2_3mm_1000x-083.jpg,Ni.2_3mm_1000x-083.jpg,3.0,870,90,370,90,1120.1,,14.3,,326.0,HB,3.45,2.59,0.26,0.015,0.04,0.057,0.038,2.54
Ni.2 3mm,poprawne_adi,GJS Ni.2 lub Ni.2,POPRAWNE_ADI\Ni.2_3mm_1000x,POPRAWNE_ADI\Ni.2_3mm_1000x\Ni.2_3mm_1000x-084.jpg,Ni.2_3mm_1000x-084.jpg,3.0,870,90,370,90,1120.1,,14.3,,326.0,HB,3.45,2.59,0.26,0.015,0.04,0.057,0.038,2.54
Ni.2 3mm,poprawne_adi,GJS Ni.2 lub Ni.2,POPRAWNE_ADI\Ni.2_3mm_1000x,POPRAWNE_ADI\Ni.2_3mm_1000x\Ni.2_3mm_1000x-085.jpg,Ni.2_3mm_1000x-085.jpg,3.0,870,90,370,90,1120.1,,14.3,,326.0,HB,3.45,2.59,0.26,0.015,0.04,0.057,0.038,2.54
Ni.2 3mm,poprawne_adi,GJS Ni.2 lub Ni.2,POPRAWNE_ADI\Ni.2_3mm_1000x,POPRAWNE_ADI\Ni.2_3mm_1000x\Ni.2_3mm_1000x-086.jpg,Ni.2_3mm_1000x-086.jpg,3.0,870,90,370,90,1120.1,,14.3,,326.0,HB,3.45,2.59,0.26,0.015,0.04,0.057,0.038,2.54
Ni.2 3mm,poprawne_adi,GJS Ni.2 lub Ni.2,POPRAWNE_ADI\Ni.2_3mm_1000x,POPRAWNE_ADI\Ni.2_3mm_1000x\Ni.2_3mm_1000x-087.jpg,Ni.2_3mm_1000x-087.jpg,3.0,870,90,370,90,1120.1,,14.3,,326.0,HB,3.45,2.59,0.26,0.015,0.04,0.057,0.038,2.54
Ni.2 3mm,poprawne_adi,GJS Ni.2 lub Ni.2,POPRAWNE_ADI\Ni.2_3mm_1000x,POPRAWNE_ADI\Ni.2_3mm_1000x\Ni.2_3mm_1000x-088.jpg,Ni.2_3mm_1000x-088.jpg,3.0,870,90,370,90,1120.1,,14.3,,326.0,HB,3.45,2.59,0.26,0.015,0.04,0.057,0.038,2.54
Ni.2 3mm,poprawne_adi,GJS Ni.2 lub Ni.2,POPRAWNE_ADI\Ni.2_3mm_1000x,POPRAWNE_ADI\Ni.2_3mm_1000x\Ni.2_3mm_1000x-089.jpg,Ni.2_3mm_1000x-089.jpg,3.0,870,90,370,90,1120.1,,14.3,,326.0,HB,3.45,2.59,0.26,0.015,0.04,0.057,0.038,2.54
Ni.2 3mm,poprawne_adi,GJS Ni.2 lub Ni.2,POPRAWNE_ADI\Ni.2_3mm_1000x,POPRAWNE_ADI\Ni.2_3mm_1000x\Ni.2_3mm_1000x-090.jpg,Ni.2_3mm_1000x-090.jpg,3.0,870,90,370,90,1120.1,,14.3,,326.0,HB,3.45,2.59,0.26,0.015,0.04,0.057,0.038,2.54
Ni.2 3mm,poprawne_adi,GJS Ni.2 lub Ni.2,POPRAWNE_ADI\Ni.2_3mm_1000x,POPRAWNE_ADI\Ni.2_3mm_1000x\Ni.2_3mm_1000x-091.jpg,Ni.2_3mm_1000x-091.jpg,3.0,870,90,370,90,1120.1,,14.3,,326.0,HB,3.45,2.59,0.26,0.015,0.04,0.057,0.038,2.54
Ni.2 3mm,poprawne_adi,GJS Ni.2 lub Ni.2,POPRAWNE_ADI\Ni.2_3mm_1000x,POPRAWNE_ADI\Ni.2_3mm_1000x\Ni.2_3mm_1000x-092.jpg,Ni.2_3mm_1000x-092.jpg,3.0,870,90,370,90,1120.1,,14.3,,326.0,HB,3.45,2.59,0.26,0.015,0.04,0.057,0.038,2.54
Ni.2 3mm,poprawne_adi,GJS Ni.2 lub Ni.2,POPRAWNE_ADI\Ni.2_3mm_1000x,POPRAWNE_ADI\Ni.2_3mm_1000x\Ni.2_3mm_1000x-093.jpg,Ni.2_3mm_1000x-093.jpg,3.0,870,90,370,90,1120.1,,14.3,,326.0,HB,3.45,2.59,0.26,0.015,0.04,0.057,0.038,2.54
Ni.2 3mm,poprawne_adi,GJS Ni.2 lub Ni.2,POPRAWNE_ADI\Ni.2_3mm_1000x,POPRAWNE_ADI\Ni.2_3mm_1000x\Ni.2_3mm_1000x-094.jpg,Ni.2_3mm_1000x-094.jpg,3.0,870,90,370,90,1120.1,,14.3,,326.0,HB,3.45,2.59,0.26,0.015,0.04,0.057,0.038,2.54
Ni.2 3mm,poprawne_adi,GJS Ni.2 lub Ni.2,POPRAWNE_ADI\Ni.2_3mm_1000x,POPRAWNE_ADI\Ni.2_3mm_1000x\Ni.2_3mm_1000x-095.jpg,Ni.2_3mm_1000x-095.jpg,3.0,870,90,370,90,1120.1,,14.3,,326.0,HB,3.45,2.59,0.26,0.015,0.04,0.057,0.038,2.54
Ni.2 3mm,poprawne_adi,GJS Ni.2 lub Ni.2,POPRAWNE_ADI\Ni.2_3mm_1000x,POPRAWNE_ADI\Ni.2_3mm_1000x\Ni.2_3mm_1000x-096.jpg,Ni.2_3mm_1000x-096.jpg,3.0,870,90,370,90,1120.1,,14.3,,326.0,HB,3.45,2.59,0.26,0.015,0.04,0.057,0.038,2.54
Ni.2 3mm,poprawne_adi,GJS Ni.2 lub Ni.2,POPRAWNE_ADI\Ni.2_3mm_1000x,POPRAWNE_ADI\Ni.2_3mm_1000x\Ni.2_3mm_1000x-097.jpg,Ni.2_3mm_1000x-097.jpg,3.0,870,90,370,90,1120.1,,14.3,,326.0,HB,3.45,2.59,0.26,0.015,0.04,0.057,0.038,2.54
Ni.2 3mm,poprawne_adi,GJS Ni.2 lub Ni.2,POPRAWNE_ADI\Ni.2_3mm_1000x,POPRAWNE_ADI\Ni.2_3mm_1000x\Ni.2_3mm_1000x-098.jpg,Ni.2_3mm_1000x-098.jpg,3.0,870,90,370,90,1120.1,,14.3,,326.0,HB,3.45,2.59,0.26,0.015,0.04,0.057,0.038,2.54
Ni.2 3mm,poprawne_adi,GJS Ni.2 lub Ni.2,POPRAWNE_ADI\Ni.2_3mm_1000x,POPRAWNE_ADI\Ni.2_3mm_1000x\Ni.2_3mm_1000x-099.jpg,Ni.2_3mm_1000x-099.jpg,3.0,870,90,370,90,1120.1,,14.3,,326.0,HB,3.45,2.59,0.26,0.015,0.04,0.057,0.038,2.54
Ni.2 3mm,poprawne_adi,GJS Ni.2 lub Ni.2,POPRAWNE_ADI\Ni.2_3mm_1000x,POPRAWNE_ADI\Ni.2_3mm_1000x\Ni.2_3mm_1000x-100.jpg,Ni.2_3mm_1000x-100.jpg,3.0,870,90,370,90,1120.1,,14.3,,326.0,HB,3.45,2.59,0.26,0.015,0.04,0.057,0.038,2.54
Ni.2 3mm,poprawne_adi,GJS Ni.2 lub Ni.2,POPRAWNE_ADI\Ni.2_3mm_1000x,POPRAWNE_ADI\Ni.2_3mm_1000x\Ni.2_3mm_1000x-101.jpg,Ni.2_3mm_1000x-101.jpg,3.0,870,90,370,90,1120.1,,14.3,,326.0,HB,3.45,2.59,0.26,0.015,0.04,0.057,0.038,2.54
Ni.2 3mm,poprawne_adi,GJS Ni.2 lub Ni.2,POPRAWNE_ADI\Ni.2_3mm_1000x,POPRAWNE_ADI\Ni.2_3mm_1000x\Ni.2_3mm_1000x-102.jpg,Ni.2_3mm_1000x-102.jpg,3.0,870,90,370,90,1120.1,,14.3,,326.0,HB,3.45,2.59,0.26,0.015,0.04,0.057,0.038,2.54
Ni.2 3mm,poprawne_adi,GJS Ni.2 lub Ni.2,POPRAWNE_ADI\Ni.2_3mm_1000x,POPRAWNE_ADI\Ni.2_3mm_1000x\Ni.2_3mm_1000x-103.jpg,Ni.2_3mm_1000x-103.jpg,3.0,870,90,370,90,1120.1,,14.3,,326.0,HB,3.45,2.59,0.26,0.015,0.04,0.057,0.038,2.54
Ni.2 3mm,poprawne_adi,GJS Ni.2 lub Ni.2,POPRAWNE_ADI\Ni.2_3mm_1000x,POPRAWNE_ADI\Ni.2_3mm_1000x\Ni.2_3mm_1000x-104.jpg,Ni.2_3mm_1000x-104.jpg,3.0,870,90,370,90,1120.1,,14.3,,326.0,HB,3.45,2.59,0.26,0.015,0.04,0.057,0.038,2.54
Ni.2 3mm,poprawne_adi,GJS Ni.2 lub Ni.2,POPRAWNE_ADI\Ni.2_3mm_1000x,POPRAWNE_ADI\Ni.2_3mm_1000x\Ni.2_3mm_1000x-105.jpg,Ni.2_3mm_1000x-105.jpg,3.0,870,90,370,90,1120.1,,14.3,,326.0,HB,3.45,2.59,0.26,0.015,0.04,0.057,0.038,2.54
Ni.2 3mm,poprawne_adi,GJS Ni.2 lub Ni.2,POPRAWNE_ADI\Ni.2_3mm_1000x,POPRAWNE_ADI\Ni.2_3mm_1000x\Ni.2_3mm_1000x-106.jpg,Ni.2_3mm_1000x-106.jpg,3.0,870,90,370,90,1120.1,,14.3,,326.0,HB,3.45,2.59,0.26,0.015,0.04,0.057,0.038,2.54
Ni.2 3mm,poprawne_adi,GJS Ni.2 lub Ni.2,POPRAWNE_ADI\Ni.2_3mm_1000x,POPRAWNE_ADI\Ni.2_3mm_1000x\Ni.2_3mm_1000x-107.jpg,Ni.2_3mm_1000x-107.jpg,3.0,870,90,370,90,1120.1,,14.3,,326.0,HB,3.45,2.59,0.26,0.015,0.04,0.057,0.038,2.54
Ni.2 3mm,poprawne_adi,GJS Ni.2 lub Ni.2,POPRAWNE_ADI\Ni.2_3mm_1000x,POPRAWNE_ADI\Ni.2_3mm_1000x\Ni.2_3mm_1000x-108.jpg,Ni.2_3mm_1000x-108.jpg,3.0,870,90,370,90,1120.1,,14.3,,326.0,HB,3.45,2.59,0.26,0.015,0.04,0.057,0.038,2.54
Ni.2 3mm,poprawne_adi,GJS Ni.2 lub Ni.2,POPRAWNE_ADI\Ni.2_3mm_1000x,POPRAWNE_ADI\Ni.2_3mm_1000x\Ni.2_3mm_1000x-109.jpg,Ni.2_3mm_1000x-109.jpg,3.0,870,90,370,90,1120.1,,14.3,,326.0,HB,3.45,2.59,0.26,0.015,0.04,0.057,0.038,2.54
Ni.2 3mm,poprawne_adi,GJS Ni.2 lub Ni.2,POPRAWNE_ADI\Ni.2_3mm_1000x,POPRAWNE_ADI\Ni.2_3mm_1000x\Ni.2_3mm_1000x-110.jpg,Ni.2_3mm_1000x-110.jpg,3.0,870,90,370,90,1120.1,,14.3,,326.0,HB,3.45,2.59,0.26,0.015,0.04,0.057,0.038,2.54
Ni.2 3mm,poprawne_adi,GJS Ni.2 lub Ni.2,POPRAWNE_ADI\Ni.2_3mm_1000x,POPRAWNE_ADI\Ni.2_3mm_1000x\Ni.2_3mm_1000x-111.jpg,Ni.2_3mm_1000x-111.jpg,3.0,870,90,370,90,1120.1,,14.3,,326.0,HB,3.45,2.59,0.26,0.015,0.04,0.057,0.038,2.54
Ni.2 3mm,poprawne_adi,GJS Ni.2 lub Ni.2,POPRAWNE_ADI\Ni.2_3mm_1000x,POPRAWNE_ADI\Ni.2_3mm_1000x\Ni.2_3mm_1000x-112.jpg,Ni.2_3mm_1000x-112.jpg,3.0,870,90,370,90,1120.1,,14.3,,326.0,HB,3.45,2.59,0.26,0.015,0.04,0.057,0.038,2.54
Ni.2 3mm,poprawne_adi,GJS Ni.2 lub Ni.2,POPRAWNE_ADI\Ni.2_3mm_1000x,POPRAWNE_ADI\Ni.2_3mm_1000x\Ni.2_3mm_1000x-113.jpg,Ni.2_3mm_1000x-113.jpg,3.0,870,90,370,90,1120.1,,14.3,,326.0,HB,3.45,2.59,0.26,0.015,0.04,0.057,0.038,2.54
Ni.2 3mm,poprawne_adi,GJS Ni.2 lub Ni.2,POPRAWNE_ADI\Ni.2_3mm_1000x,POPRAWNE_ADI\Ni.2_3mm_1000x\Ni.2_3mm_1000x-114.jpg,Ni.2_3mm_1000x-114.jpg,3.0,870,90,370,90,1120.1,,14.3,,326.0,HB,3.45,2.59,0.26,0.015,0.04,0.057,0.038,2.54
Ni.2 3mm,poprawne_adi,GJS Ni.2 lub Ni.2,POPRAWNE_ADI\Ni.2_3mm_1000x,POPRAWNE_ADI\Ni.2_3mm_1000x\Ni.2_3mm_1000x-115.jpg,Ni.2_3mm_1000x-115.jpg,3.0,870,90,370,90,1120.1,,14.3,,326.0,HB,3.45,2.59,0.26,0.015,0.04,0.057,0.038,2.54
Ni.2 3mm,poprawne_adi,GJS Ni.2 lub Ni.2,POPRAWNE_ADI\Ni.2_3mm_1000x,POPRAWNE_ADI\Ni.2_3mm_1000x\Ni.2_3mm_1000x-116.jpg,Ni.2_3mm_1000x-116.jpg,3.0,870,90,370,90,1120.1,,14.3,,326.0,HB,3.45,2.59,0.26,0.015,0.04,0.057,0.038,2.54
Ni.2 3mm,poprawne_adi,GJS Ni.2 lub Ni.2,POPRAWNE_ADI\Ni.2_3mm_1000x,POPRAWNE_ADI\Ni.2_3mm_1000x\Ni.2_3mm_1000x-117.jpg,Ni.2_3mm_1000x-117.jpg,3.0,870,90,370,90,1120.1,,14.3,,326.0,HB,3.45,2.59,0.26,0.015,0.04,0.057,0.038,2.54
Ni.2 3mm,poprawne_adi,GJS Ni.2 lub Ni.2,POPRAWNE_ADI\Ni.2_3mm_1000x,POPRAWNE_ADI\Ni.2_3mm_1000x\Ni.2_3mm_1000x-118.jpg,Ni.2_3mm_1000x-118.jpg,3.0,870,90,370,90,1120.1,,14.3,,326.0,HB,3.45,2.59,0.26,0.015,0.04,0.057,0.038,2.54
Ni.2 3mm,poprawne_adi,GJS Ni.2 lub Ni.2,POPRAWNE_ADI\Ni.2_3mm_1000x,POPRAWNE_ADI\Ni.2_3mm_1000x\Ni.2_3mm_1000x-119.jpg,Ni.2_3mm_1000x-119.jpg,3.0,870,90,370,90,1120.1,,14.3,,326.0,HB,3.45,2.59,0.26,0.015,0.04,0.057,0.038,2.54
Ni.2 3mm,poprawne_adi,GJS Ni.2 lub Ni.2,POPRAWNE_ADI\Ni.2_3mm_1000x,POPRAWNE_ADI\Ni.2_3mm_1000x\Ni.2_3mm_1000x-120.jpg,Ni.2_3mm_1000x-120.jpg,3.0,870,90,370,90,1120.1,,14.3,,326.0,HB,3.45,2.59,0.26,0.015,0.04,0.057,0.038,2.54
Ni.2 3mm,poprawne_adi,GJS Ni.2 lub Ni.2,POPRAWNE_ADI\Ni.2_3mm_1000x,POPRAWNE_ADI\Ni.2_3mm_1000x\Ni.2_3mm_1000x-121.jpg,Ni.2_3mm_1000x-121.jpg,3.0,870,90,370,90,1120.1,,14.3,,326.0,HB,3.45,2.59,0.26,0.015,0.04,0.057,0.038,2.54
Ni.2 3mm,poprawne_adi,GJS Ni.2 lub Ni.2,POPRAWNE_ADI\Ni.2_3mm_1000x,POPRAWNE_ADI\Ni.2_3mm_1000x\Ni.2_3mm_1000x-122.jpg,Ni.2_3mm_1000x-122.jpg,3.0,870,90,370,90,1120.1,,14.3,,326.0,HB,3.45,2.59,0.26,0.015,0.04,0.057,0.038,2.54
Ni.2 3mm,poprawne_adi,GJS Ni.2 lub Ni.2,POPRAWNE_ADI\Ni.2_3mm_1000x,POPRAWNE_ADI\Ni.2_3mm_1000x\Ni.2_3mm_1000x-123.jpg,Ni.2_3mm_1000x-123.jpg,3.0,870,90,370,90,1120.1,,14.3,,326.0,HB,3.45,2.59,0.26,0.015,0.04,0.057,0.038,2.54
Ni.2 3mm,poprawne_adi,GJS Ni.2 lub Ni.2,POPRAWNE_ADI\Ni.2_3mm_1000x,POPRAWNE_ADI\Ni.2_3mm_1000x\Ni.2_3mm_1000x-124.jpg,Ni.2_3mm_1000x-124.jpg,3.0,870,90,370,90,1120.1,,14.3,,326.0,HB,3.45,2.59,0.26,0.015,0.04,0.057,0.038,2.54
Ni.2 3mm,poprawne_adi,GJS Ni.2 lub Ni.2,POPRAWNE_ADI\Ni.2_3mm_1000x,POPRAWNE_ADI\Ni.2_3mm_1000x\Ni.2_3mm_1000x-125.jpg,Ni.2_3mm_1000x-125.jpg,3.0,870,90,370,90,1120.1,,14.3,,326.0,HB,3.45,2.59,0.26,0.015,0.04,0.057,0.038,2.54
Ni.2 3mm,poprawne_adi,GJS Ni.2 lub Ni.2,POPRAWNE_ADI\Ni.2_3mm_1000x,POPRAWNE_ADI\Ni.2_3mm_1000x\Ni.2_3mm_1000x-126.jpg,Ni.2_3mm_1000x-126.jpg,3.0,870,90,370,90,1120.1,,14.3,,326.0,HB,3.45,2.59,0.26,0.015,0.04,0.057,0.038,2.54
Ni.2 3mm,poprawne_adi,GJS Ni.2 lub Ni.2,POPRAWNE_ADI\Ni.2_3mm_1000x,POPRAWNE_ADI\Ni.2_3mm_1000x\Ni.2_3mm_1000x-127.jpg,Ni.2_3mm_1000x-127.jpg,3.0,870,90,370,90,1120.1,,14.3,,326.0,HB,3.45,2.59,0.26,0.015,0.04,0.057,0.038,2.54
Ni.2 3mm,poprawne_adi,GJS Ni.2 lub Ni.2,POPRAWNE_ADI\Ni.2_3mm_1000x,POPRAWNE_ADI\Ni.2_3mm_1000x\Ni.2_3mm_1000x-128.jpg,Ni.2_3mm_1000x-128.jpg,3.0,870,90,370,90,1120.1,,14.3,,326.0,HB,3.45,2.59,0.26,0.015,0.04,0.057,0.038,2.54
Ni.2 3mm,poprawne_adi,GJS Ni.2 lub Ni.2,POPRAWNE_ADI\Ni.2_3mm_1000x,POPRAWNE_ADI\Ni.2_3mm_1000x\Ni.2_3mm_1000x-129.jpg,Ni.2_3mm_1000x-129.jpg,3.0,870,90,370,90,1120.1,,14.3,,326.0,HB,3.45,2.59,0.26,0.015,0.04,0.057,0.038,2.54
Ni.2 3mm,poprawne_adi,GJS Ni.2 lub Ni.2,POPRAWNE_ADI\Ni.2_3mm_1000x,POPRAWNE_ADI\Ni.2_3mm_1000x\Ni.2_3mm_1000x-130.jpg,Ni.2_3mm_1000x-130.jpg,3.0,870,90,370,90,1120.1,,14.3,,326.0,HB,3.45,2.59,0.26,0.015,0.04,0.057,0.038,2.54
Ni.2 3mm,poprawne_adi,GJS Ni.2 lub Ni.2,POPRAWNE_ADI\Ni.2_3mm_1000x,POPRAWNE_ADI\Ni.2_3mm_1000x\Ni.2_3mm_1000x-131.jpg,Ni.2_3mm_1000x-131.jpg,3.0,870,90,370,90,1120.1,,14.3,,326.0,HB,3.45,2.59,0.26,0.015,0.04,0.057,0.038,2.54
Ni.2 3mm,poprawne_adi,GJS Ni.2 lub Ni.2,POPRAWNE_ADI\Ni.2_3mm_1000x,POPRAWNE_ADI\Ni.2_3mm_1000x\Ni.2_3mm_1000x-132.jpg,Ni.2_3mm_1000x-132.jpg,3.0,870,90,370,90,1120.1,,14.3,,326.0,HB,3.45,2.59,0.26,0.015,0.04,0.057,0.038,2.54
Ni.2 3mm,poprawne_adi,GJS Ni.2 lub Ni.2,POPRAWNE_ADI\Ni.2_3mm_1000x,POPRAWNE_ADI\Ni.2_3mm_1000x\Ni.2_3mm_1000x-133.jpg,Ni.2_3mm_1000x-133.jpg,3.0,870,90,370,90,1120.1,,14.3,,326.0,HB,3.45,2.59,0.26,0.015,0.04,0.057,0.038,2.54
Ni.2 3mm,poprawne_adi,GJS Ni.2 lub Ni.2,POPRAWNE_ADI\Ni.2_3mm_1000x,POPRAWNE_ADI\Ni.2_3mm_1000x\Ni.2_3mm_1000x-134.jpg,Ni.2_3mm_1000x-134.jpg,3.0,870,90,370,90,1120.1,,14.3,,326.0,HB,3.45,2.59,0.26,0.015,0.04,0.057,0.038,2.54
Ni.2 3mm,poprawne_adi,GJS Ni.2 lub Ni.2,POPRAWNE_ADI\Ni.2_3mm_1000x,POPRAWNE_ADI\Ni.2_3mm_1000x\Ni.2_3mm_1000x-135.jpg,Ni.2_3mm_1000x-135.jpg,3.0,870,90,370,90,1120.1,,14.3,,326.0,HB,3.45,2.59,0.26,0.015,0.04,0.057,0.038,2.54
Ni.2 3mm,poprawne_adi,GJS Ni.2 lub Ni.2,POPRAWNE_ADI\Ni.2_3mm_1000x,POPRAWNE_ADI\Ni.2_3mm_1000x\Ni.2_3mm_1000x-136.jpg,Ni.2_3mm_1000x-136.jpg,3.0,870,90,370,90,1120.1,,14.3,,326.0,HB,3.45,2.59,0.26,0.015,0.04,0.057,0.038,2.54
Ni.2 3mm,poprawne_adi,GJS Ni.2 lub Ni.2,POPRAWNE_ADI\Ni.2_3mm_1000x,POPRAWNE_ADI\Ni.2_3mm_1000x\Ni.2_3mm_1000x-137.jpg,Ni.2_3mm_1000x-137.jpg,3.0,870,90,370,90,1120.1,,14.3,,326.0,HB,3.45,2.59,0.26,0.015,0.04,0.057,0.038,2.54
Ni.2 3mm,poprawne_adi,GJS Ni.2 lub Ni.2,POPRAWNE_ADI\Ni.2_3mm_1000x,POPRAWNE_ADI\Ni.2_3mm_1000x\Ni.2_3mm_1000x-138.jpg,Ni.2_3mm_1000x-138.jpg,3.0,870,90,370,90,1120.1,,14.3,,326.0,HB,3.45,2.59,0.26,0.015,0.04,0.057,0.038,2.54
Ni.2 3mm,poprawne_adi,GJS Ni.2 lub Ni.2,POPRAWNE_ADI\Ni.2_3mm_1000x,POPRAWNE_ADI\Ni.2_3mm_1000x\Ni.2_3mm_1000x-139.jpg,Ni.2_3mm_1000x-139.jpg,3.0,870,90,370,90,1120.1,,14.3,,326.0,HB,3.45,2.59,0.26,0.015,0.04,0.057,0.038,2.54
Ni.2 3mm,poprawne_adi,GJS Ni.2 lub Ni.2,POPRAWNE_ADI\Ni.2_3mm_1000x,POPRAWNE_ADI\Ni.2_3mm_1000x\Ni.2_3mm_1000x-140.jpg,Ni.2_3mm_1000x-140.jpg,3.0,870,90,370,90,1120.1,,14.3,,326.0,HB,3.45,2.59,0.26,0.015,0.04,0.057,0.038,2.54
Ni.2 3mm,poprawne_adi,GJS Ni.2 lub Ni.2,POPRAWNE_ADI\Ni.2_3mm_1000x,POPRAWNE_ADI\Ni.2_3mm_1000x\Ni.2_3mm_1000x-141.jpg,Ni.2_3mm_1000x-141.jpg,3.0,870,90,370,90,1120.1,,14.3,,326.0,HB,3.45,2.59,0.26,0.015,0.04,0.057,0.038,2.54
Ni.2 3mm,poprawne_adi,GJS Ni.2 lub Ni.2,POPRAWNE_ADI\Ni.2_3mm_1000x,POPRAWNE_ADI\Ni.2_3mm_1000x\Ni.2_3mm_1000x-142.jpg,Ni.2_3mm_1000x-142.jpg,3.0,870,90,370,90,1120.1,,14.3,,326.0,HB,3.45,2.59,0.26,0.015,0.04,0.057,0.038,2.54
Ni.2 3mm,poprawne_adi,GJS Ni.2 lub Ni.2,POPRAWNE_ADI\Ni.2_3mm_1000x,POPRAWNE_ADI\Ni.2_3mm_1000x\Ni.2_3mm_1000x-143.jpg,Ni.2_3mm_1000x-143.jpg,3.0,870,90,370,90,1120.1,,14.3,,326.0,HB,3.45,2.59,0.26,0.015,0.04,0.057,0.038,2.54
Ni.2 3mm,poprawne_adi,GJS Ni.2 lub Ni.2,POPRAWNE_ADI\Ni.2_3mm_1000x,POPRAWNE_ADI\Ni.2_3mm_1000x\Ni.2_3mm_1000x-144.jpg,Ni.2_3mm_1000x-144.jpg,3.0,870,90,370,90,1120.1,,14.3,,326.0,HB,3.45,2.59,0.26,0.015,0.04,0.057,0.038,2.54
Ni.2 3mm,poprawne_adi,GJS Ni.2 lub Ni.2,POPRAWNE_ADI\Ni.2_3mm_1000x,POPRAWNE_ADI\Ni.2_3mm_1000x\Ni.2_3mm_1000x-145.jpg,Ni.2_3mm_1000x-145.jpg,3.0,870,90,370,90,1120.1,,14.3,,326.0,HB,3.45,2.59,0.26,0.015,0.04,0.057,0.038,2.54
Ni.2 3mm,poprawne_adi,GJS Ni.2 lub Ni.2,POPRAWNE_ADI\Ni.2_3mm_1000x,POPRAWNE_ADI\Ni.2_3mm_1000x\Ni.2_3mm_1000x-146.jpg,Ni.2_3mm_1000x-146.jpg,3.0,870,90,370,90,1120.1,,14.3,,326.0,HB,3.45,2.59,0.26,0.015,0.04,0.057,0.038,2.54
Ni.2 3mm,poprawne_adi,GJS Ni.2 lub Ni.2,POPRAWNE_ADI\Ni.2_3mm_1000x,POPRAWNE_ADI\Ni.2_3mm_1000x\Ni.2_3mm_1000x-147.jpg,Ni.2_3mm_1000x-147.jpg,3.0,870,90,370,90,1120.1,,14.3,,326.0,HB,3.45,2.59,0.26,0.015,0.04,0.057,0.038,2.54
Ni.2 3mm,poprawne_adi,GJS Ni.2 lub Ni.2,POPRAWNE_ADI\Ni.2_3mm_1000x,POPRAWNE_ADI\Ni.2_3mm_1000x\Ni.2_3mm_1000x-148.jpg,Ni.2_3mm_1000x-148.jpg,3.0,870,90,370,90,1120.1,,14.3,,326.0,HB,3.45,2.59,0.26,0.015,0.04,0.057,0.038,2.54
Ni.2 3mm,poprawne_adi,GJS Ni.2 lub Ni.2,POPRAWNE_ADI\Ni.2_3mm_1000x,POPRAWNE_ADI\Ni.2_3mm_1000x\Ni.2_3mm_1000x-149.jpg,Ni.2_3mm_1000x-149.jpg,3.0,870,90,370,90,1120.1,,14.3,,326.0,HB,3.45,2.59,0.26,0.015,0.04,0.057,0.038,2.54
Ni.2 3mm,poprawne_adi,GJS Ni.2 lub Ni.2,POPRAWNE_ADI\Ni.2_3mm_1000x,POPRAWNE_ADI\Ni.2_3mm_1000x\Ni.2_3mm_1000x-150.jpg,Ni.2_3mm_1000x-150.jpg,3.0,870,90,370,90,1120.1,,14.3,,326.0,HB,3.45,2.59,0.26,0.015,0.04,0.057,0.038,2.54
Ni.2 3mm,poprawne_adi,GJS Ni.2 lub Ni.2,POPRAWNE_ADI\Ni.2_3mm_1000x,POPRAWNE_ADI\Ni.2_3mm_1000x\Ni.2_3mm_1000x-151.jpg,Ni.2_3mm_1000x-151.jpg,3.0,870,90,370,90,1120.1,,14.3,,326.0,HB,3.45,2.59,0.26,0.015,0.04,0.057,0.038,2.54
Ni.2 3mm,poprawne_adi,GJS Ni.2 lub Ni.2,POPRAWNE_ADI\Ni.2_3mm_1000x,POPRAWNE_ADI\Ni.2_3mm_1000x\Ni.2_3mm_1000x-152.jpg,Ni.2_3mm_1000x-152.jpg,3.0,870,90,370,90,1120.1,,14.3,,326.0,HB,3.45,2.59,0.26,0.015,0.04,0.057,0.038,2.54
Ni.2 3mm,poprawne_adi,GJS Ni.2 lub Ni.2,POPRAWNE_ADI\Ni.2_3mm_1000x,POPRAWNE_ADI\Ni.2_3mm_1000x\Ni.2_3mm_1000x-153.jpg,Ni.2_3mm_1000x-153.jpg,3.0,870,90,370,90,1120.1,,14.3,,326.0,HB,3.45,2.59,0.26,0.015,0.04,0.057,0.038,2.54
Ni.2 3mm,poprawne_adi,GJS Ni.2 lub Ni.2,POPRAWNE_ADI\Ni.2_3mm_1000x,POPRAWNE_ADI\Ni.2_3mm_1000x\Ni.2_3mm_1000x-154.jpg,Ni.2_3mm_1000x-154.jpg,3.0,870,90,370,90,1120.1,,14.3,,326.0,HB,3.45,2.59,0.26,0.015,0.04,0.057,0.038,2.54
Ni.2 3mm,poprawne_adi,GJS Ni.2 lub Ni.2,POPRAWNE_ADI\Ni.2_3mm_1000x,POPRAWNE_ADI\Ni.2_3mm_1000x\Ni.2_3mm_1000x-155.jpg,Ni.2_3mm_1000x-155.jpg,3.0,870,90,370,90,1120.1,,14.3,,326.0,HB,3.45,2.59,0.26,0.015,0.04,0.057,0.038,2.54
Ni.2 3mm,poprawne_adi,GJS Ni.2 lub Ni.2,POPRAWNE_ADI\Ni.2_3mm_1000x,POPRAWNE_ADI\Ni.2_3mm_1000x\Ni.2_3mm_1000x-156.jpg,Ni.2_3mm_1000x-156.jpg,3.0,870,90,370,90,1120.1,,14.3,,326.0,HB,3.45,2.59,0.26,0.015,0.04,0.057,0.038,2.54
Ni.2 3mm,poprawne_adi,GJS Ni.2 lub Ni.2,POPRAWNE_ADI\Ni.2_3mm_1000x,POPRAWNE_ADI\Ni.2_3mm_1000x\Ni.2_3mm_1000x-157.jpg,Ni.2_3mm_1000x-157.jpg,3.0,870,90,370,90,1120.1,,14.3,,326.0,HB,3.45,2.59,0.26,0.015,0.04,0.057,0.038,2.54
Ni.2 3mm,poprawne_adi,GJS Ni.2 lub Ni.2,POPRAWNE_ADI\Ni.2_3mm_1000x,POPRAWNE_ADI\Ni.2_3mm_1000x\Ni.2_3mm_1000x-158.jpg,Ni.2_3mm_1000x-158.jpg,3.0,870,90,370,90,1120.1,,14.3,,326.0,HB,3.45,2.59,0.26,0.015,0.04,0.057,0.038,2.54
Ni.2 3mm,poprawne_adi,GJS Ni.2 lub Ni.2,POPRAWNE_ADI\Ni.2_3mm_1000x,POPRAWNE_ADI\Ni.2_3mm_1000x\Ni.2_3mm_1000x-159.jpg,Ni.2_3mm_1000x-159.jpg,3.0,870,90,370,90,1120.1,,14.3,,326.0,HB,3.45,2.59,0.26,0.015,0.04,0.057,0.038,2.54
Ni.2 3mm,poprawne_adi,GJS Ni.2 lub Ni.2,POPRAWNE_ADI\Ni.2_3mm_1000x,POPRAWNE_ADI\Ni.2_3mm_1000x\Ni.2_3mm_1000x-160.jpg,Ni.2_3mm_1000x-160.jpg,3.0,870,90,370,90,1120.1,,14.3,,326.0,HB,3.45,2.59,0.26,0.015,0.04,0.057,0.038,2.54
Ni.2 3mm,poprawne_adi,GJS Ni.2 lub Ni.2,POPRAWNE_ADI\Ni.2_3mm_1000x,POPRAWNE_ADI\Ni.2_3mm_1000x\Ni.2_3mm_1000x-161.jpg,Ni.2_3mm_1000x-161.jpg,3.0,870,90,370,90,1120.1,,14.3,,326.0,HB,3.45,2.59,0.26,0.015,0.04,0.057,0.038,2.54
Ni.2 3mm,poprawne_adi,GJS Ni.2 lub Ni.2,POPRAWNE_ADI\Ni.2_3mm_1000x,POPRAWNE_ADI\Ni.2_3mm_1000x\Ni.2_3mm_1000x-162.jpg,Ni.2_3mm_1000x-162.jpg,3.0,870,90,370,90,1120.1,,14.3,,326.0,HB,3.45,2.59,0.26,0.015,0.04,0.057,0.038,2.54
Ni.2 3mm,poprawne_adi,GJS Ni.2 lub Ni.2,POPRAWNE_ADI\Ni.2_3mm_1000x,POPRAWNE_ADI\Ni.2_3mm_1000x\Ni.2_3mm_1000x-163.jpg,Ni.2_3mm_1000x-163.jpg,3.0,870,90,370,90,1120.1,,14.3,,326.0,HB,3.45,2.59,0.26,0.015,0.04,0.057,0.038,2.54
Ni.2 3mm,poprawne_adi,GJS Ni.2 lub Ni.2,POPRAWNE_ADI\Ni.2_3mm_1000x,POPRAWNE_ADI\Ni.2_3mm_1000x\Ni.2_3mm_1000x-164.jpg,Ni.2_3mm_1000x-164.jpg,3.0,870,90,370,90,1120.1,,14.3,,326.0,HB,3.45,2.59,0.26,0.015,0.04,0.057,0.038,2.54
Ni.2 3mm,poprawne_adi,GJS Ni.2 lub Ni.2,POPRAWNE_ADI\Ni.2_3mm_1000x,POPRAWNE_ADI\Ni.2_3mm_1000x\Ni.2_3mm_1000x-165.jpg,Ni.2_3mm_1000x-165.jpg,3.0,870,90,370,90,1120.1,,14.3,,326.0,HB,3.45,2.59,0.26,0.015,0.04,0.057,0.038,2.54
Ni.2 3mm,poprawne_adi,GJS Ni.2 lub Ni.2,POPRAWNE_ADI\Ni.2_3mm_1000x,POPRAWNE_ADI\Ni.2_3mm_1000x\Ni.2_3mm_1000x-166.jpg,Ni.2_3mm_1000x-166.jpg,3.0,870,90,370,90,1120.1,,14.3,,326.0,HB,3.45,2.59,0.26,0.015,0.04,0.057,0.038,2.54
Ni.2 3mm,poprawne_adi,GJS Ni.2 lub Ni.2,POPRAWNE_ADI\Ni.2_3mm_1000x,POPRAWNE_ADI\Ni.2_3mm_1000x\Ni.2_3mm_1000x-167.jpg,Ni.2_3mm_1000x-167.jpg,3.0,870,90,370,90,1120.1,,14.3,,326.0,HB,3.45,2.59,0.26,0.015,0.04,0.057,0.038,2.54
Ni.2 3mm,poprawne_adi,GJS Ni.2 lub Ni.2,POPRAWNE_ADI\Ni.2_3mm_1000x,POPRAWNE_ADI\Ni.2_3mm_1000x\Ni.2_3mm_1000x-168.jpg,Ni.2_3mm_1000x-168.jpg,3.0,870,90,370,90,1120.1,,14.3,,326.0,HB,3.45,2.59,0.26,0.015,0.04,0.057,0.038,2.54
Ni.2 3mm,poprawne_adi,GJS Ni.2 lub Ni.2,POPRAWNE_ADI\Ni.2_3mm_1000x,POPRAWNE_ADI\Ni.2_3mm_1000x\Ni.2_3mm_1000x-169.jpg,Ni.2_3mm_1000x-169.jpg,3.0,870,90,370,90,1120.1,,14.3,,326.0,HB,3.45,2.59,0.26,0.015,0.04,0.057,0.038,2.54
Ni.2 3mm,poprawne_adi,GJS Ni.2 lub Ni.2,POPRAWNE_ADI\Ni.2_3mm_1000x,POPRAWNE_ADI\Ni.2_3mm_1000x\Ni.2_3mm_1000x-170.jpg,Ni.2_3mm_1000x-170.jpg,3.0,870,90,370,90,1120.1,,14.3,,326.0,HB,3.45,2.59,0.26,0.015,0.04,0.057,0.038,2.54
Ni.2 3mm,poprawne_adi,GJS Ni.2 lub Ni.2,POPRAWNE_ADI\Ni.2_3mm_1000x,POPRAWNE_ADI\Ni.2_3mm_1000x\Ni.2_3mm_1000x-171.jpg,Ni.2_3mm_1000x-171.jpg,3.0,870,90,370,90,1120.1,,14.3,,326.0,HB,3.45,2.59,0.26,0.015,0.04,0.057,0.038,2.54
Ni.2 3mm,poprawne_adi,GJS Ni.2 lub Ni.2,POPRAWNE_ADI\Ni.2_3mm_1000x,POPRAWNE_ADI\Ni.2_3mm_1000x\Ni.2_3mm_1000x-172.jpg,Ni.2_3mm_1000x-172.jpg,3.0,870,90,370,90,1120.1,,14.3,,326.0,HB,3.45,2.59,0.26,0.015,0.04,0.057,0.038,2.54
Ni.2 3mm,poprawne_adi,GJS Ni.2 lub Ni.2,POPRAWNE_ADI\Ni.2_3mm_1000x,POPRAWNE_ADI\Ni.2_3mm_1000x\Ni.2_3mm_1000x-173.jpg,Ni.2_3mm_1000x-173.jpg,3.0,870,90,370,90,1120.1,,14.3,,326.0,HB,3.45,2.59,0.26,0.015,0.04,0.057,0.038,2.54
Ni.2 3mm,poprawne_adi,GJS Ni.2 lub Ni.2,POPRAWNE_ADI\Ni.2_3mm_1000x,POPRAWNE_ADI\Ni.2_3mm_1000x\Ni.2_3mm_1000x-174.jpg,Ni.2_3mm_1000x-174.jpg,3.0,870,90,370,90,1120.1,,14.3,,326.0,HB,3.45,2.59,0.26,0.015,0.04,0.057,0.038,2.54
Ni.2 3mm,poprawne_adi,GJS Ni.2 lub Ni.2,POPRAWNE_ADI\Ni.2_3mm_1000x,POPRAWNE_ADI\Ni.2_3mm_1000x\Ni.2_3mm_1000x-175.jpg,Ni.2_3mm_1000x-175.jpg,3.0,870,90,370,90,1120.1,,14.3,,326.0,HB,3.45,2.59,0.26,0.015,0.04,0.057,0.038,2.54
Ni.2 3mm,poprawne_adi,GJS Ni.2 lub Ni.2,POPRAWNE_ADI\Ni.2_3mm_1000x,POPRAWNE_ADI\Ni.2_3mm_1000x\Ni.2_3mm_1000x-176.jpg,Ni.2_3mm_1000x-176.jpg,3.0,870,90,370,90,1120.1,,14.3,,326.0,HB,3.45,2.59,0.26,0.015,0.04,0.057,0.038,2.54
Ni.2 3mm,poprawne_adi,GJS Ni.2 lub Ni.2,POPRAWNE_ADI\Ni.2_3mm_1000x,POPRAWNE_ADI\Ni.2_3mm_1000x\Ni.2_3mm_1000x-177.jpg,Ni.2_3mm_1000x-177.jpg,3.0,870,90,370,90,1120.1,,14.3,,326.0,HB,3.45,2.59,0.26,0.015,0.04,0.057,0.038,2.54
Ni.2 3mm,poprawne_adi,GJS Ni.2 lub Ni.2,POPRAWNE_ADI\Ni.2_3mm_1000x,POPRAWNE_ADI\Ni.2_3mm_1000x\Ni.2_3mm_1000x-178.jpg,Ni.2_3mm_1000x-178.jpg,3.0,870,90,370,90,1120.1,,14.3,,326.0,HB,3.45,2.59,0.26,0.015,0.04,0.057,0.038,2.54
Ni.2 3mm,poprawne_adi,GJS Ni.2 lub Ni.2,POPRAWNE_ADI\Ni.2_3mm_1000x,POPRAWNE_ADI\Ni.2_3mm_1000x\Ni.2_3mm_1000x-179.jpg,Ni.2_3mm_1000x-179.jpg,3.0,870,90,370,90,1120.1,,14.3,,326.0,HB,3.45,2.59,0.26,0.015,0.04,0.057,0.038,2.54
Ni.2 3mm,poprawne_adi,GJS Ni.2 lub Ni.2,POPRAWNE_ADI\Ni.2_3mm_1000x,POPRAWNE_ADI\Ni.2_3mm_1000x\Ni.2_3mm_1000x-180.jpg,Ni.2_3mm_1000x-180.jpg,3.0,870,90,370,90,1120.1,,14.3,,326.0,HB,3.45,2.59,0.26,0.015,0.04,0.057,0.038,2.54
Ni.2 3mm,poprawne_adi,GJS Ni.2 lub Ni.2,POPRAWNE_ADI\Ni.2_3mm_1000x,POPRAWNE_ADI\Ni.2_3mm_1000x\Ni.2_3mm_1000x-181.jpg,Ni.2_3mm_1000x-181.jpg,3.0,870,90,370,90,1120.1,,14.3,,326.0,HB,3.45,2.59,0.26,0.015,0.04,0.057,0.038,2.54
Ni.2 3mm,poprawne_adi,GJS Ni.2 lub Ni.2,POPRAWNE_ADI\Ni.2_3mm_1000x,POPRAWNE_ADI\Ni.2_3mm_1000x\Ni.2_3mm_1000x-182.jpg,Ni.2_3mm_1000x-182.jpg,3.0,870,90,370,90,1120.1,,14.3,,326.0,HB,3.45,2.59,0.26,0.015,0.04,0.057,0.038,2.54
Ni.2 3mm,poprawne_adi,GJS Ni.2 lub Ni.2,POPRAWNE_ADI\Ni.2_3mm_1000x,POPRAWNE_ADI\Ni.2_3mm_1000x\Ni.2_3mm_1000x-183.jpg,Ni.2_3mm_1000x-183.jpg,3.0,870,90,370,90,1120.1,,14.3,,326.0,HB,3.45,2.59,0.26,0.015,0.04,0.057,0.038,2.54
Ni.2 3mm,poprawne_adi,GJS Ni.2 lub Ni.2,POPRAWNE_ADI\Ni.2_3mm_1000x,POPRAWNE_ADI\Ni.2_3mm_1000x\Ni.2_3mm_1000x-184.jpg,Ni.2_3mm_1000x-184.jpg,3.0,870,90,370,90,1120.1,,14.3,,326.0,HB,3.45,2.59,0.26,0.015,0.04,0.057,0.038,2.54
Ni.2 3mm,poprawne_adi,GJS Ni.2 lub Ni.2,POPRAWNE_ADI\Ni.2_3mm_1000x,POPRAWNE_ADI\Ni.2_3mm_1000x\Ni.2_3mm_1000x-185.jpg,Ni.2_3mm_1000x-185.jpg,3.0,870,90,370,90,1120.1,,14.3,,326.0,HB,3.45,2.59,0.26,0.015,0.04,0.057,0.038,2.54
Ni.2 3mm,poprawne_adi,GJS Ni.2 lub Ni.2,POPRAWNE_ADI\Ni.2_3mm_1000x,POPRAWNE_ADI\Ni.2_3mm_1000x\Ni.2_3mm_1000x-186.jpg,Ni.2_3mm_1000x-186.jpg,3.0,870,90,370,90,1120.1,,14.3,,326.0,HB,3.45,2.59,0.26,0.015,0.04,0.057,0.038,2.54
Ni.2 3mm,poprawne_adi,GJS Ni.2 lub Ni.2,POPRAWNE_ADI\Ni.2_3mm_1000x,POPRAWNE_ADI\Ni.2_3mm_1000x\Ni.2_3mm_1000x-187.jpg,Ni.2_3mm_1000x-187.jpg,3.0,870,90,370,90,1120.1,,14.3,,326.0,HB,3.45,2.59,0.26,0.015,0.04,0.057,0.038,2.54
Ni.2 3mm,poprawne_adi,GJS Ni.2 lub Ni.2,POPRAWNE_ADI\Ni.2_3mm_1000x,POPRAWNE_ADI\Ni.2_3mm_1000x\Ni.2_3mm_1000x-188.jpg,Ni.2_3mm_1000x-188.jpg,3.0,870,90,370,90,1120.1,,14.3,,326.0,HB,3.45,2.59,0.26,0.015,0.04,0.057,0.038,2.54
Ni.2 3mm,poprawne_adi,GJS Ni.2 lub Ni.2,POPRAWNE_ADI\Ni.2_3mm_1000x,POPRAWNE_ADI\Ni.2_3mm_1000x\Ni.2_3mm_1000x-189.jpg,Ni.2_3mm_1000x-189.jpg,3.0,870,90,370,90,1120.1,,14.3,,326.0,HB,3.45,2.59,0.26,0.015,0.04,0.057,0.038,2.54
Ni.2 3mm,poprawne_adi,GJS Ni.2 lub Ni.2,POPRAWNE_ADI\Ni.2_3mm_1000x,POPRAWNE_ADI\Ni.2_3mm_1000x\Ni.2_3mm_1000x-190.jpg,Ni.2_3mm_1000x-190.jpg,3.0,870,90,370,90,1120.1,,14.3,,326.0,HB,3.45,2.59,0.26,0.015,0.04,0.057,0.038,2.54
Ni.2 3mm,poprawne_adi,GJS Ni.2 lub Ni.2,POPRAWNE_ADI\Ni.2_3mm_1000x,POPRAWNE_ADI\Ni.2_3mm_1000x\Ni.2_3mm_1000x-191.jpg,Ni.2_3mm_1000x-191.jpg,3.0,870,90,370,90,1120.1,,14.3,,326.0,HB,3.45,2.59,0.26,0.015,0.04,0.057,0.038,2.54
Ni.2 3mm,poprawne_adi,GJS Ni.2 lub Ni.2,POPRAWNE_ADI\Ni.2_3mm_1000x,POPRAWNE_ADI\Ni.2_3mm_1000x\Ni.2_3mm_1000x-192.jpg,Ni.2_3mm_1000x-192.jpg,3.0,870,90,370,90,1120.1,,14.3,,326.0,HB,3.45,2.59,0.26,0.015,0.04,0.057,0.038,2.54
Ni.2 3mm,poprawne_adi,GJS Ni.2 lub Ni.2,POPRAWNE_ADI\Ni.2_3mm_1000x,POPRAWNE_ADI\Ni.2_3mm_1000x\Ni.2_3mm_1000x-193.jpg,Ni.2_3mm_1000x-193.jpg,3.0,870,90,370,90,1120.1,,14.3,,326.0,HB,3.45,2.59,0.26,0.015,0.04,0.057,0.038,2.54
Ni.2 3mm,poprawne_adi,GJS Ni.2 lub Ni.2,POPRAWNE_ADI\Ni.2_3mm_1000x,POPRAWNE_ADI\Ni.2_3mm_1000x\Ni.2_3mm_1000x-194.jpg,Ni.2_3mm_1000x-194.jpg,3.0,870,90,370,90,1120.1,,14.3,,326.0,HB,3.45,2.59,0.26,0.015,0.04,0.057,0.038,2.54
Ni.2 3mm,poprawne_adi,GJS Ni.2 lub Ni.2,POPRAWNE_ADI\Ni.2_3mm_1000x,POPRAWNE_ADI\Ni.2_3mm_1000x\Ni.2_3mm_1000x-195.jpg,Ni.2_3mm_1000x-195.jpg,3.0,870,90,370,90,1120.1,,14.3,,326.0,HB,3.45,2.59,0.26,0.015,0.04,0.057,0.038,2.54
Ni.2 3mm,poprawne_adi,GJS Ni.2 lub Ni.2,POPRAWNE_ADI\Ni.2_3mm_1000x,POPRAWNE_ADI\Ni.2_3mm_1000x\Ni.2_3mm_1000x-196.jpg,Ni.2_3mm_1000x-196.jpg,3.0,870,90,370,90,1120.1,,14.3,,326.0,HB,3.45,2.59,0.26,0.015,0.04,0.057,0.038,2.54
Ni.2 3mm,poprawne_adi,GJS Ni.2 lub Ni.2,POPRAWNE_ADI\Ni.2_3mm_1000x,POPRAWNE_ADI\Ni.2_3mm_1000x\Ni.2_3mm_1000x-197.jpg,Ni.2_3mm_1000x-197.jpg,3.0,870,90,370,90,1120.1,,14.3,,326.0,HB,3.45,2.59,0.26,0.015,0.04,0.057,0.038,2.54
Ni.2 3mm,poprawne_adi,GJS Ni.2 lub Ni.2,POPRAWNE_ADI\Ni.2_3mm_1000x,POPRAWNE_ADI\Ni.2_3mm_1000x\Ni.2_3mm_1000x-198.jpg,Ni.2_3mm_1000x-198.jpg,3.0,870,90,370,90,1120.1,,14.3,,326.0,HB,3.45,2.59,0.26,0.015,0.04,0.057,0.038,2.54
Ni.2 3mm,poprawne_adi,GJS Ni.2 lub Ni.2,POPRAWNE_ADI\Ni.2_3mm_1000x,POPRAWNE_ADI\Ni.2_3mm_1000x\Ni.2_3mm_1000x-199.jpg,Ni.2_3mm_1000x-199.jpg,3.0,870,90,370,90,1120.1,,14.3,,326.0,HB,3.45,2.59,0.26,0.015,0.04,0.057,0.038,2.54
Ni.2 3mm,poprawne_adi,GJS Ni.2 lub Ni.2,POPRAWNE_ADI\Ni.2_3mm_1000x,POPRAWNE_ADI\Ni.2_3mm_1000x\Ni.2_3mm_1000x-200.jpg,Ni.2_3mm_1000x-200.jpg,3.0,870,90,370,90,1120.1,,14.3,,326.0,HB,3.45,2.59,0.26,0.015,0.04,0.057,0.038,2.54
Ni.2 13mm,poprawne_adi,GJS Ni.2 lub Ni.2,POPRAWNE_ADI\Ni.2_13mm_1000x,POPRAWNE_ADI\Ni.2_13mm_1000x\Ni.2_13mm_1000x-001.jpg,Ni.2_13mm_1000x-001.jpg,13.0,870,120,370,120,951.1,,11.0,138.4,302.0,HB,3.45,2.59,0.26,0.015,0.04,0.057,0.038,2.54
Ni.2 13mm,poprawne_adi,GJS Ni.2 lub Ni.2,POPRAWNE_ADI\Ni.2_13mm_1000x,POPRAWNE_ADI\Ni.2_13mm_1000x\Ni.2_13mm_1000x-002.jpg,Ni.2_13mm_1000x-002.jpg,13.0,870,120,370,120,951.1,,11.0,138.4,302.0,HB,3.45,2.59,0.26,0.015,0.04,0.057,0.038,2.54
Ni.2 13mm,poprawne_adi,GJS Ni.2 lub Ni.2,POPRAWNE_ADI\Ni.2_13mm_1000x,POPRAWNE_ADI\Ni.2_13mm_1000x\Ni.2_13mm_1000x-003.jpg,Ni.2_13mm_1000x-003.jpg,13.0,870,120,370,120,951.1,,11.0,138.4,302.0,HB,3.45,2.59,0.26,0.015,0.04,0.057,0.038,2.54
Ni.2 13mm,poprawne_adi,GJS Ni.2 lub Ni.2,POPRAWNE_ADI\Ni.2_13mm_1000x,POPRAWNE_ADI\Ni.2_13mm_1000x\Ni.2_13mm_1000x-004.jpg,Ni.2_13mm_1000x-004.jpg,13.0,870,120,370,120,951.1,,11.0,138.4,302.0,HB,3.45,2.59,0.26,0.015,0.04,0.057,0.038,2.54
Ni.2 13mm,poprawne_adi,GJS Ni.2 lub Ni.2,POPRAWNE_ADI\Ni.2_13mm_1000x,POPRAWNE_ADI\Ni.2_13mm_1000x\Ni.2_13mm_1000x-005.jpg,Ni.2_13mm_1000x-005.jpg,13.0,870,120,370,120,951.1,,11.0,138.4,302.0,HB,3.45,2.59,0.26,0.015,0.04,0.057,0.038,2.54
Ni.2 13mm,poprawne_adi,GJS Ni.2 lub Ni.2,POPRAWNE_ADI\Ni.2_13mm_1000x,POPRAWNE_ADI\Ni.2_13mm_1000x\Ni.2_13mm_1000x-006.jpg,Ni.2_13mm_1000x-006.jpg,13.0,870,120,370,120,951.1,,11.0,138.4,302.0,HB,3.45,2.59,0.26,0.015,0.04,0.057,0.038,2.54
Ni.2 13mm,poprawne_adi,GJS Ni.2 lub Ni.2,POPRAWNE_ADI\Ni.2_13mm_1000x,POPRAWNE_ADI\Ni.2_13mm_1000x\Ni.2_13mm_1000x-007.jpg,Ni.2_13mm_1000x-007.jpg,13.0,870,120,370,120,951.1,,11.0,138.4,302.0,HB,3.45,2.59,0.26,0.015,0.04,0.057,0.038,2.54
Ni.2 13mm,poprawne_adi,GJS Ni.2 lub Ni.2,POPRAWNE_ADI\Ni.2_13mm_1000x,POPRAWNE_ADI\Ni.2_13mm_1000x\Ni.2_13mm_1000x-008.jpg,Ni.2_13mm_1000x-008.jpg,13.0,870,120,370,120,951.1,,11.0,138.4,302.0,HB,3.45,2.59,0.26,0.015,0.04,0.057,0.038,2.54
Ni.2 13mm,poprawne_adi,GJS Ni.2 lub Ni.2,POPRAWNE_ADI\Ni.2_13mm_1000x,POPRAWNE_ADI\Ni.2_13mm_1000x\Ni.2_13mm_1000x-009.jpg,Ni.2_13mm_1000x-009.jpg,13.0,870,120,370,120,951.1,,11.0,138.4,302.0,HB,3.45,2.59,0.26,0.015,0.04,0.057,0.038,2.54
Ni.2 13mm,poprawne_adi,GJS Ni.2 lub Ni.2,POPRAWNE_ADI\Ni.2_13mm_1000x,POPRAWNE_ADI\Ni.2_13mm_1000x\Ni.2_13mm_1000x-010.jpg,Ni.2_13mm_1000x-010.jpg,13.0,870,120,370,120,951.1,,11.0,138.4,302.0,HB,3.45,2.59,0.26,0.015,0.04,0.057,0.038,2.54
Ni.2 13mm,poprawne_adi,GJS Ni.2 lub Ni.2,POPRAWNE_ADI\Ni.2_13mm_1000x,POPRAWNE_ADI\Ni.2_13mm_1000x\Ni.2_13mm_1000x-011.jpg,Ni.2_13mm_1000x-011.jpg,13.0,870,120,370,120,951.1,,11.0,138.4,302.0,HB,3.45,2.59,0.26,0.015,0.04,0.057,0.038,2.54
Ni.2 13mm,poprawne_adi,GJS Ni.2 lub Ni.2,POPRAWNE_ADI\Ni.2_13mm_1000x,POPRAWNE_ADI\Ni.2_13mm_1000x\Ni.2_13mm_1000x-012.jpg,Ni.2_13mm_1000x-012.jpg,13.0,870,120,370,120,951.1,,11.0,138.4,302.0,HB,3.45,2.59,0.26,0.015,0.04,0.057,0.038,2.54
Ni.2 13mm,poprawne_adi,GJS Ni.2 lub Ni.2,POPRAWNE_ADI\Ni.2_13mm_1000x,POPRAWNE_ADI\Ni.2_13mm_1000x\Ni.2_13mm_1000x-013.jpg,Ni.2_13mm_1000x-013.jpg,13.0,870,120,370,120,951.1,,11.0,138.4,302.0,HB,3.45,2.59,0.26,0.015,0.04,0.057,0.038,2.54
Ni.2 13mm,poprawne_adi,GJS Ni.2 lub Ni.2,POPRAWNE_ADI\Ni.2_13mm_1000x,POPRAWNE_ADI\Ni.2_13mm_1000x\Ni.2_13mm_1000x-014.jpg,Ni.2_13mm_1000x-014.jpg,13.0,870,120,370,120,951.1,,11.0,138.4,302.0,HB,3.45,2.59,0.26,0.015,0.04,0.057,0.038,2.54
Ni.2 13mm,poprawne_adi,GJS Ni.2 lub Ni.2,POPRAWNE_ADI\Ni.2_13mm_1000x,POPRAWNE_ADI\Ni.2_13mm_1000x\Ni.2_13mm_1000x-015.jpg,Ni.2_13mm_1000x-015.jpg,13.0,870,120,370,120,951.1,,11.0,138.4,302.0,HB,3.45,2.59,0.26,0.015,0.04,0.057,0.038,2.54
Ni.2 13mm,poprawne_adi,GJS Ni.2 lub Ni.2,POPRAWNE_ADI\Ni.2_13mm_1000x,POPRAWNE_ADI\Ni.2_13mm_1000x\Ni.2_13mm_1000x-016.jpg,Ni.2_13mm_1000x-016.jpg,13.0,870,120,370,120,951.1,,11.0,138.4,302.0,HB,3.45,2.59,0.26,0.015,0.04,0.057,0.038,2.54
Ni.2 13mm,poprawne_adi,GJS Ni.2 lub Ni.2,POPRAWNE_ADI\Ni.2_13mm_1000x,POPRAWNE_ADI\Ni.2_13mm_1000x\Ni.2_13mm_1000x-017.jpg,Ni.2_13mm_1000x-017.jpg,13.0,870,120,370,120,951.1,,11.0,138.4,302.0,HB,3.45,2.59,0.26,0.015,0.04,0.057,0.038,2.54
Ni.2 13mm,poprawne_adi,GJS Ni.2 lub Ni.2,POPRAWNE_ADI\Ni.2_13mm_1000x,POPRAWNE_ADI\Ni.2_13mm_1000x\Ni.2_13mm_1000x-018.jpg,Ni.2_13mm_1000x-018.jpg,13.0,870,120,370,120,951.1,,11.0,138.4,302.0,HB,3.45,2.59,0.26,0.015,0.04,0.057,0.038,2.54
Ni.2 13mm,poprawne_adi,GJS Ni.2 lub Ni.2,POPRAWNE_ADI\Ni.2_13mm_1000x,POPRAWNE_ADI\Ni.2_13mm_1000x\Ni.2_13mm_1000x-019.jpg,Ni.2_13mm_1000x-019.jpg,13.0,870,120,370,120,951.1,,11.0,138.4,302.0,HB,3.45,2.59,0.26,0.015,0.04,0.057,0.038,2.54
Ni.2 13mm,poprawne_adi,GJS Ni.2 lub Ni.2,POPRAWNE_ADI\Ni.2_13mm_1000x,POPRAWNE_ADI\Ni.2_13mm_1000x\Ni.2_13mm_1000x-020.jpg,Ni.2_13mm_1000x-020.jpg,13.0,870,120,370,120,951.1,,11.0,138.4,302.0,HB,3.45,2.59,0.26,0.015,0.04,0.057,0.038,2.54
Ni.2 13mm,poprawne_adi,GJS Ni.2 lub Ni.2,POPRAWNE_ADI\Ni.2_13mm_1000x,POPRAWNE_ADI\Ni.2_13mm_1000x\Ni.2_13mm_1000x-021.jpg,Ni.2_13mm_1000x-021.jpg,13.0,870,120,370,120,951.1,,11.0,138.4,302.0,HB,3.45,2.59,0.26,0.015,0.04,0.057,0.038,2.54
Ni.2 13mm,poprawne_adi,GJS Ni.2 lub Ni.2,POPRAWNE_ADI\Ni.2_13mm_1000x,POPRAWNE_ADI\Ni.2_13mm_1000x\Ni.2_13mm_1000x-022.jpg,Ni.2_13mm_1000x-022.jpg,13.0,870,120,370,120,951.1,,11.0,138.4,302.0,HB,3.45,2.59,0.26,0.015,0.04,0.057,0.038,2.54
Ni.2 13mm,poprawne_adi,GJS Ni.2 lub Ni.2,POPRAWNE_ADI\Ni.2_13mm_1000x,POPRAWNE_ADI\Ni.2_13mm_1000x\Ni.2_13mm_1000x-023.jpg,Ni.2_13mm_1000x-023.jpg,13.0,870,120,370,120,951.1,,11.0,138.4,302.0,HB,3.45,2.59,0.26,0.015,0.04,0.057,0.038,2.54
Ni.2 13mm,poprawne_adi,GJS Ni.2 lub Ni.2,POPRAWNE_ADI\Ni.2_13mm_1000x,POPRAWNE_ADI\Ni.2_13mm_1000x\Ni.2_13mm_1000x-024.jpg,Ni.2_13mm_1000x-024.jpg,13.0,870,120,370,120,951.1,,11.0,138.4,302.0,HB,3.45,2.59,0.26,0.015,0.04,0.057,0.038,2.54
Ni.2 13mm,poprawne_adi,GJS Ni.2 lub Ni.2,POPRAWNE_ADI\Ni.2_13mm_1000x,POPRAWNE_ADI\Ni.2_13mm_1000x\Ni.2_13mm_1000x-025.jpg,Ni.2_13mm_1000x-025.jpg,13.0,870,120,370,120,951.1,,11.0,138.4,302.0,HB,3.45,2.59,0.26,0.015,0.04,0.057,0.038,2.54
Ni.2 13mm,poprawne_adi,GJS Ni.2 lub Ni.2,POPRAWNE_ADI\Ni.2_13mm_1000x,POPRAWNE_ADI\Ni.2_13mm_1000x\Ni.2_13mm_1000x-026.jpg,Ni.2_13mm_1000x-026.jpg,13.0,870,120,370,120,951.1,,11.0,138.4,302.0,HB,3.45,2.59,0.26,0.015,0.04,0.057,0.038,2.54
Ni.2 13mm,poprawne_adi,GJS Ni.2 lub Ni.2,POPRAWNE_ADI\Ni.2_13mm_1000x,POPRAWNE_ADI\Ni.2_13mm_1000x\Ni.2_13mm_1000x-027.jpg,Ni.2_13mm_1000x-027.jpg,13.0,870,120,370,120,951.1,,11.0,138.4,302.0,HB,3.45,2.59,0.26,0.015,0.04,0.057,0.038,2.54
Ni.2 13mm,poprawne_adi,GJS Ni.2 lub Ni.2,POPRAWNE_ADI\Ni.2_13mm_1000x,POPRAWNE_ADI\Ni.2_13mm_1000x\Ni.2_13mm_1000x-028.jpg,Ni.2_13mm_1000x-028.jpg,13.0,870,120,370,120,951.1,,11.0,138.4,302.0,HB,3.45,2.59,0.26,0.015,0.04,0.057,0.038,2.54
Ni.2 13mm,poprawne_adi,GJS Ni.2 lub Ni.2,POPRAWNE_ADI\Ni.2_13mm_1000x,POPRAWNE_ADI\Ni.2_13mm_1000x\Ni.2_13mm_1000x-029.jpg,Ni.2_13mm_1000x-029.jpg,13.0,870,120,370,120,951.1,,11.0,138.4,302.0,HB,3.45,2.59,0.26,0.015,0.04,0.057,0.038,2.54
Ni.2 13mm,poprawne_adi,GJS Ni.2 lub Ni.2,POPRAWNE_ADI\Ni.2_13mm_1000x,POPRAWNE_ADI\Ni.2_13mm_1000x\Ni.2_13mm_1000x-030.jpg,Ni.2_13mm_1000x-030.jpg,13.0,870,120,370,120,951.1,,11.0,138.4,302.0,HB,3.45,2.59,0.26,0.015,0.04,0.057,0.038,2.54
Ni.2 13mm,poprawne_adi,GJS Ni.2 lub Ni.2,POPRAWNE_ADI\Ni.2_13mm_1000x,POPRAWNE_ADI\Ni.2_13mm_1000x\Ni.2_13mm_1000x-031.jpg,Ni.2_13mm_1000x-031.jpg,13.0,870,120,370,120,951.1,,11.0,138.4,302.0,HB,3.45,2.59,0.26,0.015,0.04,0.057,0.038,2.54
Ni.2 13mm,poprawne_adi,GJS Ni.2 lub Ni.2,POPRAWNE_ADI\Ni.2_13mm_1000x,POPRAWNE_ADI\Ni.2_13mm_1000x\Ni.2_13mm_1000x-032.jpg,Ni.2_13mm_1000x-032.jpg,13.0,870,120,370,120,951.1,,11.0,138.4,302.0,HB,3.45,2.59,0.26,0.015,0.04,0.057,0.038,2.54
Ni.2 13mm,poprawne_adi,GJS Ni.2 lub Ni.2,POPRAWNE_ADI\Ni.2_13mm_1000x,POPRAWNE_ADI\Ni.2_13mm_1000x\Ni.2_13mm_1000x-033.jpg,Ni.2_13mm_1000x-033.jpg,13.0,870,120,370,120,951.1,,11.0,138.4,302.0,HB,3.45,2.59,0.26,0.015,0.04,0.057,0.038,2.54
Ni.2 13mm,poprawne_adi,GJS Ni.2 lub Ni.2,POPRAWNE_ADI\Ni.2_13mm_1000x,POPRAWNE_ADI\Ni.2_13mm_1000x\Ni.2_13mm_1000x-034.jpg,Ni.2_13mm_1000x-034.jpg,13.0,870,120,370,120,951.1,,11.0,138.4,302.0,HB,3.45,2.59,0.26,0.015,0.04,0.057,0.038,2.54
Ni.2 13mm,poprawne_adi,GJS Ni.2 lub Ni.2,POPRAWNE_ADI\Ni.2_13mm_1000x,POPRAWNE_ADI\Ni.2_13mm_1000x\Ni.2_13mm_1000x-035.jpg,Ni.2_13mm_1000x-035.jpg,13.0,870,120,370,120,951.1,,11.0,138.4,302.0,HB,3.45,2.59,0.26,0.015,0.04,0.057,0.038,2.54
Ni.2 13mm,poprawne_adi,GJS Ni.2 lub Ni.2,POPRAWNE_ADI\Ni.2_13mm_1000x,POPRAWNE_ADI\Ni.2_13mm_1000x\Ni.2_13mm_1000x-036.jpg,Ni.2_13mm_1000x-036.jpg,13.0,870,120,370,120,951.1,,11.0,138.4,302.0,HB,3.45,2.59,0.26,0.015,0.04,0.057,0.038,2.54
Ni.2 13mm,poprawne_adi,GJS Ni.2 lub Ni.2,POPRAWNE_ADI\Ni.2_13mm_1000x,POPRAWNE_ADI\Ni.2_13mm_1000x\Ni.2_13mm_1000x-037.jpg,Ni.2_13mm_1000x-037.jpg,13.0,870,120,370,120,951.1,,11.0,138.4,302.0,HB,3.45,2.59,0.26,0.015,0.04,0.057,0.038,2.54
Ni.2 13mm,poprawne_adi,GJS Ni.2 lub Ni.2,POPRAWNE_ADI\Ni.2_13mm_1000x,POPRAWNE_ADI\Ni.2_13mm_1000x\Ni.2_13mm_1000x-038.jpg,Ni.2_13mm_1000x-038.jpg,13.0,870,120,370,120,951.1,,11.0,138.4,302.0,HB,3.45,2.59,0.26,0.015,0.04,0.057,0.038,2.54
Ni.2 13mm,poprawne_adi,GJS Ni.2 lub Ni.2,POPRAWNE_ADI\Ni.2_13mm_1000x,POPRAWNE_ADI\Ni.2_13mm_1000x\Ni.2_13mm_1000x-039.jpg,Ni.2_13mm_1000x-039.jpg,13.0,870,120,370,120,951.1,,11.0,138.4,302.0,HB,3.45,2.59,0.26,0.015,0.04,0.057,0.038,2.54
Ni.2 13mm,poprawne_adi,GJS Ni.2 lub Ni.2,POPRAWNE_ADI\Ni.2_13mm_1000x,POPRAWNE_ADI\Ni.2_13mm_1000x\Ni.2_13mm_1000x-040.jpg,Ni.2_13mm_1000x-040.jpg,13.0,870,120,370,120,951.1,,11.0,138.4,302.0,HB,3.45,2.59,0.26,0.015,0.04,0.057,0.038,2.54
Ni.2 13mm,poprawne_adi,GJS Ni.2 lub Ni.2,POPRAWNE_ADI\Ni.2_13mm_1000x,POPRAWNE_ADI\Ni.2_13mm_1000x\Ni.2_13mm_1000x-041.jpg,Ni.2_13mm_1000x-041.jpg,13.0,870,120,370,120,951.1,,11.0,138.4,302.0,HB,3.45,2.59,0.26,0.015,0.04,0.057,0.038,2.54
Ni.2 13mm,poprawne_adi,GJS Ni.2 lub Ni.2,POPRAWNE_ADI\Ni.2_13mm_1000x,POPRAWNE_ADI\Ni.2_13mm_1000x\Ni.2_13mm_1000x-042.jpg,Ni.2_13mm_1000x-042.jpg,13.0,870,120,370,120,951.1,,11.0,138.4,302.0,HB,3.45,2.59,0.26,0.015,0.04,0.057,0.038,2.54
Ni.2 13mm,poprawne_adi,GJS Ni.2 lub Ni.2,POPRAWNE_ADI\Ni.2_13mm_1000x,POPRAWNE_ADI\Ni.2_13mm_1000x\Ni.2_13mm_1000x-043.jpg,Ni.2_13mm_1000x-043.jpg,13.0,870,120,370,120,951.1,,11.0,138.4,302.0,HB,3.45,2.59,0.26,0.015,0.04,0.057,0.038,2.54
Ni.2 13mm,poprawne_adi,GJS Ni.2 lub Ni.2,POPRAWNE_ADI\Ni.2_13mm_1000x,POPRAWNE_ADI\Ni.2_13mm_1000x\Ni.2_13mm_1000x-044.jpg,Ni.2_13mm_1000x-044.jpg,13.0,870,120,370,120,951.1,,11.0,138.4,302.0,HB,3.45,2.59,0.26,0.015,0.04,0.057,0.038,2.54
Ni.2 13mm,poprawne_adi,GJS Ni.2 lub Ni.2,POPRAWNE_ADI\Ni.2_13mm_1000x,POPRAWNE_ADI\Ni.2_13mm_1000x\Ni.2_13mm_1000x-045.jpg,Ni.2_13mm_1000x-045.jpg,13.0,870,120,370,120,951.1,,11.0,138.4,302.0,HB,3.45,2.59,0.26,0.015,0.04,0.057,0.038,2.54
Ni.2 13mm,poprawne_adi,GJS Ni.2 lub Ni.2,POPRAWNE_ADI\Ni.2_13mm_1000x,POPRAWNE_ADI\Ni.2_13mm_1000x\Ni.2_13mm_1000x-046.jpg,Ni.2_13mm_1000x-046.jpg,13.0,870,120,370,120,951.1,,11.0,138.4,302.0,HB,3.45,2.59,0.26,0.015,0.04,0.057,0.038,2.54
Ni.2 13mm,poprawne_adi,GJS Ni.2 lub Ni.2,POPRAWNE_ADI\Ni.2_13mm_1000x,POPRAWNE_ADI\Ni.2_13mm_1000x\Ni.2_13mm_1000x-047.jpg,Ni.2_13mm_1000x-047.jpg,13.0,870,120,370,120,951.1,,11.0,138.4,302.0,HB,3.45,2.59,0.26,0.015,0.04,0.057,0.038,2.54
Ni.2 13mm,poprawne_adi,GJS Ni.2 lub Ni.2,POPRAWNE_ADI\Ni.2_13mm_1000x,POPRAWNE_ADI\Ni.2_13mm_1000x\Ni.2_13mm_1000x-048.jpg,Ni.2_13mm_1000x-048.jpg,13.0,870,120,370,120,951.1,,11.0,138.4,302.0,HB,3.45,2.59,0.26,0.015,0.04,0.057,0.038,2.54
Ni.2 13mm,poprawne_adi,GJS Ni.2 lub Ni.2,POPRAWNE_ADI\Ni.2_13mm_1000x,POPRAWNE_ADI\Ni.2_13mm_1000x\Ni.2_13mm_1000x-049.jpg,Ni.2_13mm_1000x-049.jpg,13.0,870,120,370,120,951.1,,11.0,138.4,302.0,HB,3.45,2.59,0.26,0.015,0.04,0.057,0.038,2.54
Ni.2 13mm,poprawne_adi,GJS Ni.2 lub Ni.2,POPRAWNE_ADI\Ni.2_13mm_1000x,POPRAWNE_ADI\Ni.2_13mm_1000x\Ni.2_13mm_1000x-050.jpg,Ni.2_13mm_1000x-050.jpg,13.0,870,120,370,120,951.1,,11.0,138.4,302.0,HB,3.45,2.59,0.26,0.015,0.04,0.057,0.038,2.54
Ni.2 13mm,poprawne_adi,GJS Ni.2 lub Ni.2,POPRAWNE_ADI\Ni.2_13mm_1000x,POPRAWNE_ADI\Ni.2_13mm_1000x\Ni.2_13mm_1000x-051.jpg,Ni.2_13mm_1000x-051.jpg,13.0,870,120,370,120,951.1,,11.0,138.4,302.0,HB,3.45,2.59,0.26,0.015,0.04,0.057,0.038,2.54
Ni.2 13mm,poprawne_adi,GJS Ni.2 lub Ni.2,POPRAWNE_ADI\Ni.2_13mm_1000x,POPRAWNE_ADI\Ni.2_13mm_1000x\Ni.2_13mm_1000x-052.jpg,Ni.2_13mm_1000x-052.jpg,13.0,870,120,370,120,951.1,,11.0,138.4,302.0,HB,3.45,2.59,0.26,0.015,0.04,0.057,0.038,2.54
Ni.2 13mm,poprawne_adi,GJS Ni.2 lub Ni.2,POPRAWNE_ADI\Ni.2_13mm_1000x,POPRAWNE_ADI\Ni.2_13mm_1000x\Ni.2_13mm_1000x-053.jpg,Ni.2_13mm_1000x-053.jpg,13.0,870,120,370,120,951.1,,11.0,138.4,302.0,HB,3.45,2.59,0.26,0.015,0.04,0.057,0.038,2.54
Ni.2 13mm,poprawne_adi,GJS Ni.2 lub Ni.2,POPRAWNE_ADI\Ni.2_13mm_1000x,POPRAWNE_ADI\Ni.2_13mm_1000x\Ni.2_13mm_1000x-054.jpg,Ni.2_13mm_1000x-054.jpg,13.0,870,120,370,120,951.1,,11.0,138.4,302.0,HB,3.45,2.59,0.26,0.015,0.04,0.057,0.038,2.54
Ni.2 13mm,poprawne_adi,GJS Ni.2 lub Ni.2,POPRAWNE_ADI\Ni.2_13mm_1000x,POPRAWNE_ADI\Ni.2_13mm_1000x\Ni.2_13mm_1000x-055.jpg,Ni.2_13mm_1000x-055.jpg,13.0,870,120,370,120,951.1,,11.0,138.4,302.0,HB,3.45,2.59,0.26,0.015,0.04,0.057,0.038,2.54
Ni.2 13mm,poprawne_adi,GJS Ni.2 lub Ni.2,POPRAWNE_ADI\Ni.2_13mm_1000x,POPRAWNE_ADI\Ni.2_13mm_1000x\Ni.2_13mm_1000x-056.jpg,Ni.2_13mm_1000x-056.jpg,13.0,870,120,370,120,951.1,,11.0,138.4,302.0,HB,3.45,2.59,0.26,0.015,0.04,0.057,0.038,2.54
Ni.2 13mm,poprawne_adi,GJS Ni.2 lub Ni.2,POPRAWNE_ADI\Ni.2_13mm_1000x,POPRAWNE_ADI\Ni.2_13mm_1000x\Ni.2_13mm_1000x-057.jpg,Ni.2_13mm_1000x-057.jpg,13.0,870,120,370,120,951.1,,11.0,138.4,302.0,HB,3.45,2.59,0.26,0.015,0.04,0.057,0.038,2.54
Ni.2 13mm,poprawne_adi,GJS Ni.2 lub Ni.2,POPRAWNE_ADI\Ni.2_13mm_1000x,POPRAWNE_ADI\Ni.2_13mm_1000x\Ni.2_13mm_1000x-058.jpg,Ni.2_13mm_1000x-058.jpg,13.0,870,120,370,120,951.1,,11.0,138.4,302.0,HB,3.45,2.59,0.26,0.015,0.04,0.057,0.038,2.54
Ni.2 13mm,poprawne_adi,GJS Ni.2 lub Ni.2,POPRAWNE_ADI\Ni.2_13mm_1000x,POPRAWNE_ADI\Ni.2_13mm_1000x\Ni.2_13mm_1000x-059.jpg,Ni.2_13mm_1000x-059.jpg,13.0,870,120,370,120,951.1,,11.0,138.4,302.0,HB,3.45,2.59,0.26,0.015,0.04,0.057,0.038,2.54
Ni.2 13mm,poprawne_adi,GJS Ni.2 lub Ni.2,POPRAWNE_ADI\Ni.2_13mm_1000x,POPRAWNE_ADI\Ni.2_13mm_1000x\Ni.2_13mm_1000x-060.jpg,Ni.2_13mm_1000x-060.jpg,13.0,870,120,370,120,951.1,,11.0,138.4,302.0,HB,3.45,2.59,0.26,0.015,0.04,0.057,0.038,2.54
Ni.2 13mm,poprawne_adi,GJS Ni.2 lub Ni.2,POPRAWNE_ADI\Ni.2_13mm_1000x,POPRAWNE_ADI\Ni.2_13mm_1000x\Ni.2_13mm_1000x-061.jpg,Ni.2_13mm_1000x-061.jpg,13.0,870,120,370,120,951.1,,11.0,138.4,302.0,HB,3.45,2.59,0.26,0.015,0.04,0.057,0.038,2.54
Ni.2 13mm,poprawne_adi,GJS Ni.2 lub Ni.2,POPRAWNE_ADI\Ni.2_13mm_1000x,POPRAWNE_ADI\Ni.2_13mm_1000x\Ni.2_13mm_1000x-062.jpg,Ni.2_13mm_1000x-062.jpg,13.0,870,120,370,120,951.1,,11.0,138.4,302.0,HB,3.45,2.59,0.26,0.015,0.04,0.057,0.038,2.54
Ni.2 13mm,poprawne_adi,GJS Ni.2 lub Ni.2,POPRAWNE_ADI\Ni.2_13mm_1000x,POPRAWNE_ADI\Ni.2_13mm_1000x\Ni.2_13mm_1000x-063.jpg,Ni.2_13mm_1000x-063.jpg,13.0,870,120,370,120,951.1,,11.0,138.4,302.0,HB,3.45,2.59,0.26,0.015,0.04,0.057,0.038,2.54
Ni.2 13mm,poprawne_adi,GJS Ni.2 lub Ni.2,POPRAWNE_ADI\Ni.2_13mm_1000x,POPRAWNE_ADI\Ni.2_13mm_1000x\Ni.2_13mm_1000x-064.jpg,Ni.2_13mm_1000x-064.jpg,13.0,870,120,370,120,951.1,,11.0,138.4,302.0,HB,3.45,2.59,0.26,0.015,0.04,0.057,0.038,2.54
Ni.2 13mm,poprawne_adi,GJS Ni.2 lub Ni.2,POPRAWNE_ADI\Ni.2_13mm_1000x,POPRAWNE_ADI\Ni.2_13mm_1000x\Ni.2_13mm_1000x-065.jpg,Ni.2_13mm_1000x-065.jpg,13.0,870,120,370,120,951.1,,11.0,138.4,302.0,HB,3.45,2.59,0.26,0.015,0.04,0.057,0.038,2.54
Ni.2 13mm,poprawne_adi,GJS Ni.2 lub Ni.2,POPRAWNE_ADI\Ni.2_13mm_1000x,POPRAWNE_ADI\Ni.2_13mm_1000x\Ni.2_13mm_1000x-066.jpg,Ni.2_13mm_1000x-066.jpg,13.0,870,120,370,120,951.1,,11.0,138.4,302.0,HB,3.45,2.59,0.26,0.015,0.04,0.057,0.038,2.54
Ni.2 13mm,poprawne_adi,GJS Ni.2 lub Ni.2,POPRAWNE_ADI\Ni.2_13mm_1000x,POPRAWNE_ADI\Ni.2_13mm_1000x\Ni.2_13mm_1000x-067.jpg,Ni.2_13mm_1000x-067.jpg,13.0,870,120,370,120,951.1,,11.0,138.4,302.0,HB,3.45,2.59,0.26,0.015,0.04,0.057,0.038,2.54
Ni.2 13mm,poprawne_adi,GJS Ni.2 lub Ni.2,POPRAWNE_ADI\Ni.2_13mm_1000x,POPRAWNE_ADI\Ni.2_13mm_1000x\Ni.2_13mm_1000x-068.jpg,Ni.2_13mm_1000x-068.jpg,13.0,870,120,370,120,951.1,,11.0,138.4,302.0,HB,3.45,2.59,0.26,0.015,0.04,0.057,0.038,2.54
Ni.2 13mm,poprawne_adi,GJS Ni.2 lub Ni.2,POPRAWNE_ADI\Ni.2_13mm_1000x,POPRAWNE_ADI\Ni.2_13mm_1000x\Ni.2_13mm_1000x-069.jpg,Ni.2_13mm_1000x-069.jpg,13.0,870,120,370,120,951.1,,11.0,138.4,302.0,HB,3.45,2.59,0.26,0.015,0.04,0.057,0.038,2.54
Ni.2 13mm,poprawne_adi,GJS Ni.2 lub Ni.2,POPRAWNE_ADI\Ni.2_13mm_1000x,POPRAWNE_ADI\Ni.2_13mm_1000x\Ni.2_13mm_1000x-070.jpg,Ni.2_13mm_1000x-070.jpg,13.0,870,120,370,120,951.1,,11.0,138.4,302.0,HB,3.45,2.59,0.26,0.015,0.04,0.057,0.038,2.54
Ni.2 13mm,poprawne_adi,GJS Ni.2 lub Ni.2,POPRAWNE_ADI\Ni.2_13mm_1000x,POPRAWNE_ADI\Ni.2_13mm_1000x\Ni.2_13mm_1000x-071.jpg,Ni.2_13mm_1000x-071.jpg,13.0,870,120,370,120,951.1,,11.0,138.4,302.0,HB,3.45,2.59,0.26,0.015,0.04,0.057,0.038,2.54
Ni.2 13mm,poprawne_adi,GJS Ni.2 lub Ni.2,POPRAWNE_ADI\Ni.2_13mm_1000x,POPRAWNE_ADI\Ni.2_13mm_1000x\Ni.2_13mm_1000x-072.jpg,Ni.2_13mm_1000x-072.jpg,13.0,870,120,370,120,951.1,,11.0,138.4,302.0,HB,3.45,2.59,0.26,0.015,0.04,0.057,0.038,2.54
Ni.2 13mm,poprawne_adi,GJS Ni.2 lub Ni.2,POPRAWNE_ADI\Ni.2_13mm_1000x,POPRAWNE_ADI\Ni.2_13mm_1000x\Ni.2_13mm_1000x-073.jpg,Ni.2_13mm_1000x-073.jpg,13.0,870,120,370,120,951.1,,11.0,138.4,302.0,HB,3.45,2.59,0.26,0.015,0.04,0.057,0.038,2.54
Ni.2 13mm,poprawne_adi,GJS Ni.2 lub Ni.2,POPRAWNE_ADI\Ni.2_13mm_1000x,POPRAWNE_ADI\Ni.2_13mm_1000x\Ni.2_13mm_1000x-074.jpg,Ni.2_13mm_1000x-074.jpg,13.0,870,120,370,120,951.1,,11.0,138.4,302.0,HB,3.45,2.59,0.26,0.015,0.04,0.057,0.038,2.54
Ni.2 13mm,poprawne_adi,GJS Ni.2 lub Ni.2,POPRAWNE_ADI\Ni.2_13mm_1000x,POPRAWNE_ADI\Ni.2_13mm_1000x\Ni.2_13mm_1000x-075.jpg,Ni.2_13mm_1000x-075.jpg,13.0,870,120,370,120,951.1,,11.0,138.4,302.0,HB,3.45,2.59,0.26,0.015,0.04,0.057,0.038,2.54
Ni.2 13mm,poprawne_adi,GJS Ni.2 lub Ni.2,POPRAWNE_ADI\Ni.2_13mm_1000x,POPRAWNE_ADI\Ni.2_13mm_1000x\Ni.2_13mm_1000x-076.jpg,Ni.2_13mm_1000x-076.jpg,13.0,870,120,370,120,951.1,,11.0,138.4,302.0,HB,3.45,2.59,0.26,0.015,0.04,0.057,0.038,2.54
Ni.2 13mm,poprawne_adi,GJS Ni.2 lub Ni.2,POPRAWNE_ADI\Ni.2_13mm_1000x,POPRAWNE_ADI\Ni.2_13mm_1000x\Ni.2_13mm_1000x-077.jpg,Ni.2_13mm_1000x-077.jpg,13.0,870,120,370,120,951.1,,11.0,138.4,302.0,HB,3.45,2.59,0.26,0.015,0.04,0.057,0.038,2.54
Ni.2 13mm,poprawne_adi,GJS Ni.2 lub Ni.2,POPRAWNE_ADI\Ni.2_13mm_1000x,POPRAWNE_ADI\Ni.2_13mm_1000x\Ni.2_13mm_1000x-078.jpg,Ni.2_13mm_1000x-078.jpg,13.0,870,120,370,120,951.1,,11.0,138.4,302.0,HB,3.45,2.59,0.26,0.015,0.04,0.057,0.038,2.54
Ni.2 13mm,poprawne_adi,GJS Ni.2 lub Ni.2,POPRAWNE_ADI\Ni.2_13mm_1000x,POPRAWNE_ADI\Ni.2_13mm_1000x\Ni.2_13mm_1000x-079.jpg,Ni.2_13mm_1000x-079.jpg,13.0,870,120,370,120,951.1,,11.0,138.4,302.0,HB,3.45,2.59,0.26,0.015,0.04,0.057,0.038,2.54
Ni.2 13mm,poprawne_adi,GJS Ni.2 lub Ni.2,POPRAWNE_ADI\Ni.2_13mm_1000x,POPRAWNE_ADI\Ni.2_13mm_1000x\Ni.2_13mm_1000x-080.jpg,Ni.2_13mm_1000x-080.jpg,13.0,870,120,370,120,951.1,,11.0,138.4,302.0,HB,3.45,2.59,0.26,0.015,0.04,0.057,0.038,2.54
Ni.2 13mm,poprawne_adi,GJS Ni.2 lub Ni.2,POPRAWNE_ADI\Ni.2_13mm_1000x,POPRAWNE_ADI\Ni.2_13mm_1000x\Ni.2_13mm_1000x-081.jpg,Ni.2_13mm_1000x-081.jpg,13.0,870,120,370,120,951.1,,11.0,138.4,302.0,HB,3.45,2.59,0.26,0.015,0.04,0.057,0.038,2.54
Ni.2 13mm,poprawne_adi,GJS Ni.2 lub Ni.2,POPRAWNE_ADI\Ni.2_13mm_1000x,POPRAWNE_ADI\Ni.2_13mm_1000x\Ni.2_13mm_1000x-082.jpg,Ni.2_13mm_1000x-082.jpg,13.0,870,120,370,120,951.1,,11.0,138.4,302.0,HB,3.45,2.59,0.26,0.015,0.04,0.057,0.038,2.54
Ni.2 13mm,poprawne_adi,GJS Ni.2 lub Ni.2,POPRAWNE_ADI\Ni.2_13mm_1000x,POPRAWNE_ADI\Ni.2_13mm_1000x\Ni.2_13mm_1000x-083.jpg,Ni.2_13mm_1000x-083.jpg,13.0,870,120,370,120,951.1,,11.0,138.4,302.0,HB,3.45,2.59,0.26,0.015,0.04,0.057,0.038,2.54
Ni.2 13mm,poprawne_adi,GJS Ni.2 lub Ni.2,POPRAWNE_ADI\Ni.2_13mm_1000x,POPRAWNE_ADI\Ni.2_13mm_1000x\Ni.2_13mm_1000x-084.jpg,Ni.2_13mm_1000x-084.jpg,13.0,870,120,370,120,951.1,,11.0,138.4,302.0,HB,3.45,2.59,0.26,0.015,0.04,0.057,0.038,2.54
Ni.2 13mm,poprawne_adi,GJS Ni.2 lub Ni.2,POPRAWNE_ADI\Ni.2_13mm_1000x,POPRAWNE_ADI\Ni.2_13mm_1000x\Ni.2_13mm_1000x-085.jpg,Ni.2_13mm_1000x-085.jpg,13.0,870,120,370,120,951.1,,11.0,138.4,302.0,HB,3.45,2.59,0.26,0.015,0.04,0.057,0.038,2.54
Ni.2 13mm,poprawne_adi,GJS Ni.2 lub Ni.2,POPRAWNE_ADI\Ni.2_13mm_1000x,POPRAWNE_ADI\Ni.2_13mm_1000x\Ni.2_13mm_1000x-086.jpg,Ni.2_13mm_1000x-086.jpg,13.0,870,120,370,120,951.1,,11.0,138.4,302.0,HB,3.45,2.59,0.26,0.015,0.04,0.057,0.038,2.54
Ni.2 13mm,poprawne_adi,GJS Ni.2 lub Ni.2,POPRAWNE_ADI\Ni.2_13mm_1000x,POPRAWNE_ADI\Ni.2_13mm_1000x\Ni.2_13mm_1000x-087.jpg,Ni.2_13mm_1000x-087.jpg,13.0,870,120,370,120,951.1,,11.0,138.4,302.0,HB,3.45,2.59,0.26,0.015,0.04,0.057,0.038,2.54
Ni.2 13mm,poprawne_adi,GJS Ni.2 lub Ni.2,POPRAWNE_ADI\Ni.2_13mm_1000x,POPRAWNE_ADI\Ni.2_13mm_1000x\Ni.2_13mm_1000x-088.jpg,Ni.2_13mm_1000x-088.jpg,13.0,870,120,370,120,951.1,,11.0,138.4,302.0,HB,3.45,2.59,0.26,0.015,0.04,0.057,0.038,2.54
Ni.2 13mm,poprawne_adi,GJS Ni.2 lub Ni.2,POPRAWNE_ADI\Ni.2_13mm_1000x,POPRAWNE_ADI\Ni.2_13mm_1000x\Ni.2_13mm_1000x-089.jpg,Ni.2_13mm_1000x-089.jpg,13.0,870,120,370,120,951.1,,11.0,138.4,302.0,HB,3.45,2.59,0.26,0.015,0.04,0.057,0.038,2.54
Ni.2 13mm,poprawne_adi,GJS Ni.2 lub Ni.2,POPRAWNE_ADI\Ni.2_13mm_1000x,POPRAWNE_ADI\Ni.2_13mm_1000x\Ni.2_13mm_1000x-090.jpg,Ni.2_13mm_1000x-090.jpg,13.0,870,120,370,120,951.1,,11.0,138.4,302.0,HB,3.45,2.59,0.26,0.015,0.04,0.057,0.038,2.54
Ni.2 13mm,poprawne_adi,GJS Ni.2 lub Ni.2,POPRAWNE_ADI\Ni.2_13mm_1000x,POPRAWNE_ADI\Ni.2_13mm_1000x\Ni.2_13mm_1000x-091.jpg,Ni.2_13mm_1000x-091.jpg,13.0,870,120,370,120,951.1,,11.0,138.4,302.0,HB,3.45,2.59,0.26,0.015,0.04,0.057,0.038,2.54
Ni.2 13mm,poprawne_adi,GJS Ni.2 lub Ni.2,POPRAWNE_ADI\Ni.2_13mm_1000x,POPRAWNE_ADI\Ni.2_13mm_1000x\Ni.2_13mm_1000x-092.jpg,Ni.2_13mm_1000x-092.jpg,13.0,870,120,370,120,951.1,,11.0,138.4,302.0,HB,3.45,2.59,0.26,0.015,0.04,0.057,0.038,2.54
Ni.2 13mm,poprawne_adi,GJS Ni.2 lub Ni.2,POPRAWNE_ADI\Ni.2_13mm_1000x,POPRAWNE_ADI\Ni.2_13mm_1000x\Ni.2_13mm_1000x-093.jpg,Ni.2_13mm_1000x-093.jpg,13.0,870,120,370,120,951.1,,11.0,138.4,302.0,HB,3.45,2.59,0.26,0.015,0.04,0.057,0.038,2.54
Ni.2 13mm,poprawne_adi,GJS Ni.2 lub Ni.2,POPRAWNE_ADI\Ni.2_13mm_1000x,POPRAWNE_ADI\Ni.2_13mm_1000x\Ni.2_13mm_1000x-094.jpg,Ni.2_13mm_1000x-094.jpg,13.0,870,120,370,120,951.1,,11.0,138.4,302.0,HB,3.45,2.59,0.26,0.015,0.04,0.057,0.038,2.54
Ni.2 13mm,poprawne_adi,GJS Ni.2 lub Ni.2,POPRAWNE_ADI\Ni.2_13mm_1000x,POPRAWNE_ADI\Ni.2_13mm_1000x\Ni.2_13mm_1000x-095.jpg,Ni.2_13mm_1000x-095.jpg,13.0,870,120,370,120,951.1,,11.0,138.4,302.0,HB,3.45,2.59,0.26,0.015,0.04,0.057,0.038,2.54
Ni.2 13mm,poprawne_adi,GJS Ni.2 lub Ni.2,POPRAWNE_ADI\Ni.2_13mm_1000x,POPRAWNE_ADI\Ni.2_13mm_1000x\Ni.2_13mm_1000x-096.jpg,Ni.2_13mm_1000x-096.jpg,13.0,870,120,370,120,951.1,,11.0,138.4,302.0,HB,3.45,2.59,0.26,0.015,0.04,0.057,0.038,2.54
Ni.2 13mm,poprawne_adi,GJS Ni.2 lub Ni.2,POPRAWNE_ADI\Ni.2_13mm_1000x,POPRAWNE_ADI\Ni.2_13mm_1000x\Ni.2_13mm_1000x-097.jpg,Ni.2_13mm_1000x-097.jpg,13.0,870,120,370,120,951.1,,11.0,138.4,302.0,HB,3.45,2.59,0.26,0.015,0.04,0.057,0.038,2.54
Ni.2 13mm,poprawne_adi,GJS Ni.2 lub Ni.2,POPRAWNE_ADI\Ni.2_13mm_1000x,POPRAWNE_ADI\Ni.2_13mm_1000x\Ni.2_13mm_1000x-098.jpg,Ni.2_13mm_1000x-098.jpg,13.0,870,120,370,120,951.1,,11.0,138.4,302.0,HB,3.45,2.59,0.26,0.015,0.04,0.057,0.038,2.54
Ni.2 13mm,poprawne_adi,GJS Ni.2 lub Ni.2,POPRAWNE_ADI\Ni.2_13mm_1000x,POPRAWNE_ADI\Ni.2_13mm_1000x\Ni.2_13mm_1000x-099.jpg,Ni.2_13mm_1000x-099.jpg,13.0,870,120,370,120,951.1,,11.0,138.4,302.0,HB,3.45,2.59,0.26,0.015,0.04,0.057,0.038,2.54
Ni.2 13mm,poprawne_adi,GJS Ni.2 lub Ni.2,POPRAWNE_ADI\Ni.2_13mm_1000x,POPRAWNE_ADI\Ni.2_13mm_1000x\Ni.2_13mm_1000x-100.jpg,Ni.2_13mm_1000x-100.jpg,13.0,870,120,370,120,951.1,,11.0,138.4,302.0,HB,3.45,2.59,0.26,0.015,0.04,0.057,0.038,2.54
Ni.2 13mm,poprawne_adi,GJS Ni.2 lub Ni.2,POPRAWNE_ADI\Ni.2_13mm_1000x,POPRAWNE_ADI\Ni.2_13mm_1000x\Ni.2_13mm_1000x-101.jpg,Ni.2_13mm_1000x-101.jpg,13.0,870,120,370,120,951.1,,11.0,138.4,302.0,HB,3.45,2.59,0.26,0.015,0.04,0.057,0.038,2.54
Ni.2 13mm,poprawne_adi,GJS Ni.2 lub Ni.2,POPRAWNE_ADI\Ni.2_13mm_1000x,POPRAWNE_ADI\Ni.2_13mm_1000x\Ni.2_13mm_1000x-102.jpg,Ni.2_13mm_1000x-102.jpg,13.0,870,120,370,120,951.1,,11.0,138.4,302.0,HB,3.45,2.59,0.26,0.015,0.04,0.057,0.038,2.54
Ni.2 13mm,poprawne_adi,GJS Ni.2 lub Ni.2,POPRAWNE_ADI\Ni.2_13mm_1000x,POPRAWNE_ADI\Ni.2_13mm_1000x\Ni.2_13mm_1000x-103.jpg,Ni.2_13mm_1000x-103.jpg,13.0,870,120,370,120,951.1,,11.0,138.4,302.0,HB,3.45,2.59,0.26,0.015,0.04,0.057,0.038,2.54
Ni.2 13mm,poprawne_adi,GJS Ni.2 lub Ni.2,POPRAWNE_ADI\Ni.2_13mm_1000x,POPRAWNE_ADI\Ni.2_13mm_1000x\Ni.2_13mm_1000x-104.jpg,Ni.2_13mm_1000x-104.jpg,13.0,870,120,370,120,951.1,,11.0,138.4,302.0,HB,3.45,2.59,0.26,0.015,0.04,0.057,0.038,2.54
Ni.2 13mm,poprawne_adi,GJS Ni.2 lub Ni.2,POPRAWNE_ADI\Ni.2_13mm_1000x,POPRAWNE_ADI\Ni.2_13mm_1000x\Ni.2_13mm_1000x-105.jpg,Ni.2_13mm_1000x-105.jpg,13.0,870,120,370,120,951.1,,11.0,138.4,302.0,HB,3.45,2.59,0.26,0.015,0.04,0.057,0.038,2.54
Ni.2 13mm,poprawne_adi,GJS Ni.2 lub Ni.2,POPRAWNE_ADI\Ni.2_13mm_1000x,POPRAWNE_ADI\Ni.2_13mm_1000x\Ni.2_13mm_1000x-106.jpg,Ni.2_13mm_1000x-106.jpg,13.0,870,120,370,120,951.1,,11.0,138.4,302.0,HB,3.45,2.59,0.26,0.015,0.04,0.057,0.038,2.54
Ni.2 13mm,poprawne_adi,GJS Ni.2 lub Ni.2,POPRAWNE_ADI\Ni.2_13mm_1000x,POPRAWNE_ADI\Ni.2_13mm_1000x\Ni.2_13mm_1000x-107.jpg,Ni.2_13mm_1000x-107.jpg,13.0,870,120,370,120,951.1,,11.0,138.4,302.0,HB,3.45,2.59,0.26,0.015,0.04,0.057,0.038,2.54
Ni.2 13mm,poprawne_adi,GJS Ni.2 lub Ni.2,POPRAWNE_ADI\Ni.2_13mm_1000x,POPRAWNE_ADI\Ni.2_13mm_1000x\Ni.2_13mm_1000x-108.jpg,Ni.2_13mm_1000x-108.jpg,13.0,870,120,370,120,951.1,,11.0,138.4,302.0,HB,3.45,2.59,0.26,0.015,0.04,0.057,0.038,2.54
Ni.2 13mm,poprawne_adi,GJS Ni.2 lub Ni.2,POPRAWNE_ADI\Ni.2_13mm_1000x,POPRAWNE_ADI\Ni.2_13mm_1000x\Ni.2_13mm_1000x-109.jpg,Ni.2_13mm_1000x-109.jpg,13.0,870,120,370,120,951.1,,11.0,138.4,302.0,HB,3.45,2.59,0.26,0.015,0.04,0.057,0.038,2.54
Ni.2 13mm,poprawne_adi,GJS Ni.2 lub Ni.2,POPRAWNE_ADI\Ni.2_13mm_1000x,POPRAWNE_ADI\Ni.2_13mm_1000x\Ni.2_13mm_1000x-110.jpg,Ni.2_13mm_1000x-110.jpg,13.0,870,120,370,120,951.1,,11.0,138.4,302.0,HB,3.45,2.59,0.26,0.015,0.04,0.057,0.038,2.54
Ni.2 13mm,poprawne_adi,GJS Ni.2 lub Ni.2,POPRAWNE_ADI\Ni.2_13mm_1000x,POPRAWNE_ADI\Ni.2_13mm_1000x\Ni.2_13mm_1000x-111.jpg,Ni.2_13mm_1000x-111.jpg,13.0,870,120,370,120,951.1,,11.0,138.4,302.0,HB,3.45,2.59,0.26,0.015,0.04,0.057,0.038,2.54
Ni.2 13mm,poprawne_adi,GJS Ni.2 lub Ni.2,POPRAWNE_ADI\Ni.2_13mm_1000x,POPRAWNE_ADI\Ni.2_13mm_1000x\Ni.2_13mm_1000x-112.jpg,Ni.2_13mm_1000x-112.jpg,13.0,870,120,370,120,951.1,,11.0,138.4,302.0,HB,3.45,2.59,0.26,0.015,0.04,0.057,0.038,2.54
Ni.2 13mm,poprawne_adi,GJS Ni.2 lub Ni.2,POPRAWNE_ADI\Ni.2_13mm_1000x,POPRAWNE_ADI\Ni.2_13mm_1000x\Ni.2_13mm_1000x-113.jpg,Ni.2_13mm_1000x-113.jpg,13.0,870,120,370,120,951.1,,11.0,138.4,302.0,HB,3.45,2.59,0.26,0.015,0.04,0.057,0.038,2.54
Ni.2 13mm,poprawne_adi,GJS Ni.2 lub Ni.2,POPRAWNE_ADI\Ni.2_13mm_1000x,POPRAWNE_ADI\Ni.2_13mm_1000x\Ni.2_13mm_1000x-114.jpg,Ni.2_13mm_1000x-114.jpg,13.0,870,120,370,120,951.1,,11.0,138.4,302.0,HB,3.45,2.59,0.26,0.015,0.04,0.057,0.038,2.54
Ni.2 13mm,poprawne_adi,GJS Ni.2 lub Ni.2,POPRAWNE_ADI\Ni.2_13mm_1000x,POPRAWNE_ADI\Ni.2_13mm_1000x\Ni.2_13mm_1000x-115.jpg,Ni.2_13mm_1000x-115.jpg,13.0,870,120,370,120,951.1,,11.0,138.4,302.0,HB,3.45,2.59,0.26,0.015,0.04,0.057,0.038,2.54
Ni.2 13mm,poprawne_adi,GJS Ni.2 lub Ni.2,POPRAWNE_ADI\Ni.2_13mm_1000x,POPRAWNE_ADI\Ni.2_13mm_1000x\Ni.2_13mm_1000x-116.jpg,Ni.2_13mm_1000x-116.jpg,13.0,870,120,370,120,951.1,,11.0,138.4,302.0,HB,3.45,2.59,0.26,0.015,0.04,0.057,0.038,2.54
Ni.2 13mm,poprawne_adi,GJS Ni.2 lub Ni.2,POPRAWNE_ADI\Ni.2_13mm_1000x,POPRAWNE_ADI\Ni.2_13mm_1000x\Ni.2_13mm_1000x-117.jpg,Ni.2_13mm_1000x-117.jpg,13.0,870,120,370,120,951.1,,11.0,138.4,302.0,HB,3.45,2.59,0.26,0.015,0.04,0.057,0.038,2.54
Ni.2 13mm,poprawne_adi,GJS Ni.2 lub Ni.2,POPRAWNE_ADI\Ni.2_13mm_1000x,POPRAWNE_ADI\Ni.2_13mm_1000x\Ni.2_13mm_1000x-118.jpg,Ni.2_13mm_1000x-118.jpg,13.0,870,120,370,120,951.1,,11.0,138.4,302.0,HB,3.45,2.59,0.26,0.015,0.04,0.057,0.038,2.54
Ni.2 13mm,poprawne_adi,GJS Ni.2 lub Ni.2,POPRAWNE_ADI\Ni.2_13mm_1000x,POPRAWNE_ADI\Ni.2_13mm_1000x\Ni.2_13mm_1000x-119.jpg,Ni.2_13mm_1000x-119.jpg,13.0,870,120,370,120,951.1,,11.0,138.4,302.0,HB,3.45,2.59,0.26,0.015,0.04,0.057,0.038,2.54
Ni.2 13mm,poprawne_adi,GJS Ni.2 lub Ni.2,POPRAWNE_ADI\Ni.2_13mm_1000x,POPRAWNE_ADI\Ni.2_13mm_1000x\Ni.2_13mm_1000x-120.jpg,Ni.2_13mm_1000x-120.jpg,13.0,870,120,370,120,951.1,,11.0,138.4,302.0,HB,3.45,2.59,0.26,0.015,0.04,0.057,0.038,2.54
Ni.2 13mm,poprawne_adi,GJS Ni.2 lub Ni.2,POPRAWNE_ADI\Ni.2_13mm_1000x,POPRAWNE_ADI\Ni.2_13mm_1000x\Ni.2_13mm_1000x-121.jpg,Ni.2_13mm_1000x-121.jpg,13.0,870,120,370,120,951.1,,11.0,138.4,302.0,HB,3.45,2.59,0.26,0.015,0.04,0.057,0.038,2.54
Ni.2 13mm,poprawne_adi,GJS Ni.2 lub Ni.2,POPRAWNE_ADI\Ni.2_13mm_1000x,POPRAWNE_ADI\Ni.2_13mm_1000x\Ni.2_13mm_1000x-122.jpg,Ni.2_13mm_1000x-122.jpg,13.0,870,120,370,120,951.1,,11.0,138.4,302.0,HB,3.45,2.59,0.26,0.015,0.04,0.057,0.038,2.54
Ni.2 13mm,poprawne_adi,GJS Ni.2 lub Ni.2,POPRAWNE_ADI\Ni.2_13mm_1000x,POPRAWNE_ADI\Ni.2_13mm_1000x\Ni.2_13mm_1000x-123.jpg,Ni.2_13mm_1000x-123.jpg,13.0,870,120,370,120,951.1,,11.0,138.4,302.0,HB,3.45,2.59,0.26,0.015,0.04,0.057,0.038,2.54
Ni.2 13mm,poprawne_adi,GJS Ni.2 lub Ni.2,POPRAWNE_ADI\Ni.2_13mm_1000x,POPRAWNE_ADI\Ni.2_13mm_1000x\Ni.2_13mm_1000x-124.jpg,Ni.2_13mm_1000x-124.jpg,13.0,870,120,370,120,951.1,,11.0,138.4,302.0,HB,3.45,2.59,0.26,0.015,0.04,0.057,0.038,2.54
Ni.2 13mm,poprawne_adi,GJS Ni.2 lub Ni.2,POPRAWNE_ADI\Ni.2_13mm_1000x,POPRAWNE_ADI\Ni.2_13mm_1000x\Ni.2_13mm_1000x-125.jpg,Ni.2_13mm_1000x-125.jpg,13.0,870,120,370,120,951.1,,11.0,138.4,302.0,HB,3.45,2.59,0.26,0.015,0.04,0.057,0.038,2.54
Ni.2 13mm,poprawne_adi,GJS Ni.2 lub Ni.2,POPRAWNE_ADI\Ni.2_13mm_1000x,POPRAWNE_ADI\Ni.2_13mm_1000x\Ni.2_13mm_1000x-126.jpg,Ni.2_13mm_1000x-126.jpg,13.0,870,120,370,120,951.1,,11.0,138.4,302.0,HB,3.45,2.59,0.26,0.015,0.04,0.057,0.038,2.54
Ni.2 13mm,poprawne_adi,GJS Ni.2 lub Ni.2,POPRAWNE_ADI\Ni.2_13mm_1000x,POPRAWNE_ADI\Ni.2_13mm_1000x\Ni.2_13mm_1000x-127.jpg,Ni.2_13mm_1000x-127.jpg,13.0,870,120,370,120,951.1,,11.0,138.4,302.0,HB,3.45,2.59,0.26,0.015,0.04,0.057,0.038,2.54
Ni.2 13mm,poprawne_adi,GJS Ni.2 lub Ni.2,POPRAWNE_ADI\Ni.2_13mm_1000x,POPRAWNE_ADI\Ni.2_13mm_1000x\Ni.2_13mm_1000x-128.jpg,Ni.2_13mm_1000x-128.jpg,13.0,870,120,370,120,951.1,,11.0,138.4,302.0,HB,3.45,2.59,0.26,0.015,0.04,0.057,0.038,2.54
Ni.2 13mm,poprawne_adi,GJS Ni.2 lub Ni.2,POPRAWNE_ADI\Ni.2_13mm_1000x,POPRAWNE_ADI\Ni.2_13mm_1000x\Ni.2_13mm_1000x-129.jpg,Ni.2_13mm_1000x-129.jpg,13.0,870,120,370,120,951.1,,11.0,138.4,302.0,HB,3.45,2.59,0.26,0.015,0.04,0.057,0.038,2.54
Ni.2 13mm,poprawne_adi,GJS Ni.2 lub Ni.2,POPRAWNE_ADI\Ni.2_13mm_1000x,POPRAWNE_ADI\Ni.2_13mm_1000x\Ni.2_13mm_1000x-130.jpg,Ni.2_13mm_1000x-130.jpg,13.0,870,120,370,120,951.1,,11.0,138.4,302.0,HB,3.45,2.59,0.26,0.015,0.04,0.057,0.038,2.54
Ni.2 13mm,poprawne_adi,GJS Ni.2 lub Ni.2,POPRAWNE_ADI\Ni.2_13mm_1000x,POPRAWNE_ADI\Ni.2_13mm_1000x\Ni.2_13mm_1000x-131.jpg,Ni.2_13mm_1000x-131.jpg,13.0,870,120,370,120,951.1,,11.0,138.4,302.0,HB,3.45,2.59,0.26,0.015,0.04,0.057,0.038,2.54
Ni.2 13mm,poprawne_adi,GJS Ni.2 lub Ni.2,POPRAWNE_ADI\Ni.2_13mm_1000x,POPRAWNE_ADI\Ni.2_13mm_1000x\Ni.2_13mm_1000x-132.jpg,Ni.2_13mm_1000x-132.jpg,13.0,870,120,370,120,951.1,,11.0,138.4,302.0,HB,3.45,2.59,0.26,0.015,0.04,0.057,0.038,2.54
Ni.2 13mm,poprawne_adi,GJS Ni.2 lub Ni.2,POPRAWNE_ADI\Ni.2_13mm_1000x,POPRAWNE_ADI\Ni.2_13mm_1000x\Ni.2_13mm_1000x-133.jpg,Ni.2_13mm_1000x-133.jpg,13.0,870,120,370,120,951.1,,11.0,138.4,302.0,HB,3.45,2.59,0.26,0.015,0.04,0.057,0.038,2.54
Ni.2 13mm,poprawne_adi,GJS Ni.2 lub Ni.2,POPRAWNE_ADI\Ni.2_13mm_1000x,POPRAWNE_ADI\Ni.2_13mm_1000x\Ni.2_13mm_1000x-134.jpg,Ni.2_13mm_1000x-134.jpg,13.0,870,120,370,120,951.1,,11.0,138.4,302.0,HB,3.45,2.59,0.26,0.015,0.04,0.057,0.038,2.54
Ni.2 13mm,poprawne_adi,GJS Ni.2 lub Ni.2,POPRAWNE_ADI\Ni.2_13mm_1000x,POPRAWNE_ADI\Ni.2_13mm_1000x\Ni.2_13mm_1000x-135.jpg,Ni.2_13mm_1000x-135.jpg,13.0,870,120,370,120,951.1,,11.0,138.4,302.0,HB,3.45,2.59,0.26,0.015,0.04,0.057,0.038,2.54
Ni.2 13mm,poprawne_adi,GJS Ni.2 lub Ni.2,POPRAWNE_ADI\Ni.2_13mm_1000x,POPRAWNE_ADI\Ni.2_13mm_1000x\Ni.2_13mm_1000x-136.jpg,Ni.2_13mm_1000x-136.jpg,13.0,870,120,370,120,951.1,,11.0,138.4,302.0,HB,3.45,2.59,0.26,0.015,0.04,0.057,0.038,2.54
Ni.2 13mm,poprawne_adi,GJS Ni.2 lub Ni.2,POPRAWNE_ADI\Ni.2_13mm_1000x,POPRAWNE_ADI\Ni.2_13mm_1000x\Ni.2_13mm_1000x-137.jpg,Ni.2_13mm_1000x-137.jpg,13.0,870,120,370,120,951.1,,11.0,138.4,302.0,HB,3.45,2.59,0.26,0.015,0.04,0.057,0.038,2.54
Ni.2 13mm,poprawne_adi,GJS Ni.2 lub Ni.2,POPRAWNE_ADI\Ni.2_13mm_1000x,POPRAWNE_ADI\Ni.2_13mm_1000x\Ni.2_13mm_1000x-138.jpg,Ni.2_13mm_1000x-138.jpg,13.0,870,120,370,120,951.1,,11.0,138.4,302.0,HB,3.45,2.59,0.26,0.015,0.04,0.057,0.038,2.54
Ni.2 13mm,poprawne_adi,GJS Ni.2 lub Ni.2,POPRAWNE_ADI\Ni.2_13mm_1000x,POPRAWNE_ADI\Ni.2_13mm_1000x\Ni.2_13mm_1000x-139.jpg,Ni.2_13mm_1000x-139.jpg,13.0,870,120,370,120,951.1,,11.0,138.4,302.0,HB,3.45,2.59,0.26,0.015,0.04,0.057,0.038,2.54
Ni.2 13mm,poprawne_adi,GJS Ni.2 lub Ni.2,POPRAWNE_ADI\Ni.2_13mm_1000x,POPRAWNE_ADI\Ni.2_13mm_1000x\Ni.2_13mm_1000x-140.jpg,Ni.2_13mm_1000x-140.jpg,13.0,870,120,370,120,951.1,,11.0,138.4,302.0,HB,3.45,2.59,0.26,0.015,0.04,0.057,0.038,2.54
Ni.2 13mm,poprawne_adi,GJS Ni.2 lub Ni.2,POPRAWNE_ADI\Ni.2_13mm_1000x,POPRAWNE_ADI\Ni.2_13mm_1000x\Ni.2_13mm_1000x-141.jpg,Ni.2_13mm_1000x-141.jpg,13.0,870,120,370,120,951.1,,11.0,138.4,302.0,HB,3.45,2.59,0.26,0.015,0.04,0.057,0.038,2.54
Ni.2 13mm,poprawne_adi,GJS Ni.2 lub Ni.2,POPRAWNE_ADI\Ni.2_13mm_1000x,POPRAWNE_ADI\Ni.2_13mm_1000x\Ni.2_13mm_1000x-142.jpg,Ni.2_13mm_1000x-142.jpg,13.0,870,120,370,120,951.1,,11.0,138.4,302.0,HB,3.45,2.59,0.26,0.015,0.04,0.057,0.038,2.54
Ni.2 13mm,poprawne_adi,GJS Ni.2 lub Ni.2,POPRAWNE_ADI\Ni.2_13mm_1000x,POPRAWNE_ADI\Ni.2_13mm_1000x\Ni.2_13mm_1000x-143.jpg,Ni.2_13mm_1000x-143.jpg,13.0,870,120,370,120,951.1,,11.0,138.4,302.0,HB,3.45,2.59,0.26,0.015,0.04,0.057,0.038,2.54
Ni.2 13mm,poprawne_adi,GJS Ni.2 lub Ni.2,POPRAWNE_ADI\Ni.2_13mm_1000x,POPRAWNE_ADI\Ni.2_13mm_1000x\Ni.2_13mm_1000x-144.jpg,Ni.2_13mm_1000x-144.jpg,13.0,870,120,370,120,951.1,,11.0,138.4,302.0,HB,3.45,2.59,0.26,0.015,0.04,0.057,0.038,2.54
Ni.2 13mm,poprawne_adi,GJS Ni.2 lub Ni.2,POPRAWNE_ADI\Ni.2_13mm_1000x,POPRAWNE_ADI\Ni.2_13mm_1000x\Ni.2_13mm_1000x-145.jpg,Ni.2_13mm_1000x-145.jpg,13.0,870,120,370,120,951.1,,11.0,138.4,302.0,HB,3.45,2.59,0.26,0.015,0.04,0.057,0.038,2.54
Ni.2 13mm,poprawne_adi,GJS Ni.2 lub Ni.2,POPRAWNE_ADI\Ni.2_13mm_1000x,POPRAWNE_ADI\Ni.2_13mm_1000x\Ni.2_13mm_1000x-146.jpg,Ni.2_13mm_1000x-146.jpg,13.0,870,120,370,120,951.1,,11.0,138.4,302.0,HB,3.45,2.59,0.26,0.015,0.04,0.057,0.038,2.54
Ni.2 13mm,poprawne_adi,GJS Ni.2 lub Ni.2,POPRAWNE_ADI\Ni.2_13mm_1000x,POPRAWNE_ADI\Ni.2_13mm_1000x\Ni.2_13mm_1000x-147.jpg,Ni.2_13mm_1000x-147.jpg,13.0,870,120,370,120,951.1,,11.0,138.4,302.0,HB,3.45,2.59,0.26,0.015,0.04,0.057,0.038,2.54
Ni.2 13mm,poprawne_adi,GJS Ni.2 lub Ni.2,POPRAWNE_ADI\Ni.2_13mm_1000x,POPRAWNE_ADI\Ni.2_13mm_1000x\Ni.2_13mm_1000x-148.jpg,Ni.2_13mm_1000x-148.jpg,13.0,870,120,370,120,951.1,,11.0,138.4,302.0,HB,3.45,2.59,0.26,0.015,0.04,0.057,0.038,2.54
Ni.2 13mm,poprawne_adi,GJS Ni.2 lub Ni.2,POPRAWNE_ADI\Ni.2_13mm_1000x,POPRAWNE_ADI\Ni.2_13mm_1000x\Ni.2_13mm_1000x-149.jpg,Ni.2_13mm_1000x-149.jpg,13.0,870,120,370,120,951.1,,11.0,138.4,302.0,HB,3.45,2.59,0.26,0.015,0.04,0.057,0.038,2.54
Ni.2 13mm,poprawne_adi,GJS Ni.2 lub Ni.2,POPRAWNE_ADI\Ni.2_13mm_1000x,POPRAWNE_ADI\Ni.2_13mm_1000x\Ni.2_13mm_1000x-150.jpg,Ni.2_13mm_1000x-150.jpg,13.0,870,120,370,120,951.1,,11.0,138.4,302.0,HB,3.45,2.59,0.26,0.015,0.04,0.057,0.038,2.54
Ni.2 13mm,poprawne_adi,GJS Ni.2 lub Ni.2,POPRAWNE_ADI\Ni.2_13mm_1000x,POPRAWNE_ADI\Ni.2_13mm_1000x\Ni.2_13mm_1000x-151.jpg,Ni.2_13mm_1000x-151.jpg,13.0,870,120,370,120,951.1,,11.0,138.4,302.0,HB,3.45,2.59,0.26,0.015,0.04,0.057,0.038,2.54
Ni.2 13mm,poprawne_adi,GJS Ni.2 lub Ni.2,POPRAWNE_ADI\Ni.2_13mm_1000x,POPRAWNE_ADI\Ni.2_13mm_1000x\Ni.2_13mm_1000x-152.jpg,Ni.2_13mm_1000x-152.jpg,13.0,870,120,370,120,951.1,,11.0,138.4,302.0,HB,3.45,2.59,0.26,0.015,0.04,0.057,0.038,2.54
Ni.2 13mm,poprawne_adi,GJS Ni.2 lub Ni.2,POPRAWNE_ADI\Ni.2_13mm_1000x,POPRAWNE_ADI\Ni.2_13mm_1000x\Ni.2_13mm_1000x-153.jpg,Ni.2_13mm_1000x-153.jpg,13.0,870,120,370,120,951.1,,11.0,138.4,302.0,HB,3.45,2.59,0.26,0.015,0.04,0.057,0.038,2.54
Ni.2 13mm,poprawne_adi,GJS Ni.2 lub Ni.2,POPRAWNE_ADI\Ni.2_13mm_1000x,POPRAWNE_ADI\Ni.2_13mm_1000x\Ni.2_13mm_1000x-154.jpg,Ni.2_13mm_1000x-154.jpg,13.0,870,120,370,120,951.1,,11.0,138.4,302.0,HB,3.45,2.59,0.26,0.015,0.04,0.057,0.038,2.54
Ni.2 13mm,poprawne_adi,GJS Ni.2 lub Ni.2,POPRAWNE_ADI\Ni.2_13mm_1000x,POPRAWNE_ADI\Ni.2_13mm_1000x\Ni.2_13mm_1000x-155.jpg,Ni.2_13mm_1000x-155.jpg,13.0,870,120,370,120,951.1,,11.0,138.4,302.0,HB,3.45,2.59,0.26,0.015,0.04,0.057,0.038,2.54
Ni.2 13mm,poprawne_adi,GJS Ni.2 lub Ni.2,POPRAWNE_ADI\Ni.2_13mm_1000x,POPRAWNE_ADI\Ni.2_13mm_1000x\Ni.2_13mm_1000x-156.jpg,Ni.2_13mm_1000x-156.jpg,13.0,870,120,370,120,951.1,,11.0,138.4,302.0,HB,3.45,2.59,0.26,0.015,0.04,0.057,0.038,2.54
Ni.2 13mm,poprawne_adi,GJS Ni.2 lub Ni.2,POPRAWNE_ADI\Ni.2_13mm_1000x,POPRAWNE_ADI\Ni.2_13mm_1000x\Ni.2_13mm_1000x-157.jpg,Ni.2_13mm_1000x-157.jpg,13.0,870,120,370,120,951.1,,11.0,138.4,302.0,HB,3.45,2.59,0.26,0.015,0.04,0.057,0.038,2.54
Ni.2 13mm,poprawne_adi,GJS Ni.2 lub Ni.2,POPRAWNE_ADI\Ni.2_13mm_1000x,POPRAWNE_ADI\Ni.2_13mm_1000x\Ni.2_13mm_1000x-158.jpg,Ni.2_13mm_1000x-158.jpg,13.0,870,120,370,120,951.1,,11.0,138.4,302.0,HB,3.45,2.59,0.26,0.015,0.04,0.057,0.038,2.54
Ni.2 13mm,poprawne_adi,GJS Ni.2 lub Ni.2,POPRAWNE_ADI\Ni.2_13mm_1000x,POPRAWNE_ADI\Ni.2_13mm_1000x\Ni.2_13mm_1000x-159.jpg,Ni.2_13mm_1000x-159.jpg,13.0,870,120,370,120,951.1,,11.0,138.4,302.0,HB,3.45,2.59,0.26,0.015,0.04,0.057,0.038,2.54
Ni.2 13mm,poprawne_adi,GJS Ni.2 lub Ni.2,POPRAWNE_ADI\Ni.2_13mm_1000x,POPRAWNE_ADI\Ni.2_13mm_1000x\Ni.2_13mm_1000x-160.jpg,Ni.2_13mm_1000x-160.jpg,13.0,870,120,370,120,951.1,,11.0,138.4,302.0,HB,3.45,2.59,0.26,0.015,0.04,0.057,0.038,2.54
Ni.2 13mm,poprawne_adi,GJS Ni.2 lub Ni.2,POPRAWNE_ADI\Ni.2_13mm_1000x,POPRAWNE_ADI\Ni.2_13mm_1000x\Ni.2_13mm_1000x-161.jpg,Ni.2_13mm_1000x-161.jpg,13.0,870,120,370,120,951.1,,11.0,138.4,302.0,HB,3.45,2.59,0.26,0.015,0.04,0.057,0.038,2.54
Ni.2 13mm,poprawne_adi,GJS Ni.2 lub Ni.2,POPRAWNE_ADI\Ni.2_13mm_1000x,POPRAWNE_ADI\Ni.2_13mm_1000x\Ni.2_13mm_1000x-162.jpg,Ni.2_13mm_1000x-162.jpg,13.0,870,120,370,120,951.1,,11.0,138.4,302.0,HB,3.45,2.59,0.26,0.015,0.04,0.057,0.038,2.54
Ni.2 13mm,poprawne_adi,GJS Ni.2 lub Ni.2,POPRAWNE_ADI\Ni.2_13mm_1000x,POPRAWNE_ADI\Ni.2_13mm_1000x\Ni.2_13mm_1000x-163.jpg,Ni.2_13mm_1000x-163.jpg,13.0,870,120,370,120,951.1,,11.0,138.4,302.0,HB,3.45,2.59,0.26,0.015,0.04,0.057,0.038,2.54
Ni.2 13mm,poprawne_adi,GJS Ni.2 lub Ni.2,POPRAWNE_ADI\Ni.2_13mm_1000x,POPRAWNE_ADI\Ni.2_13mm_1000x\Ni.2_13mm_1000x-164.jpg,Ni.2_13mm_1000x-164.jpg,13.0,870,120,370,120,951.1,,11.0,138.4,302.0,HB,3.45,2.59,0.26,0.015,0.04,0.057,0.038,2.54
Ni.2 13mm,poprawne_adi,GJS Ni.2 lub Ni.2,POPRAWNE_ADI\Ni.2_13mm_1000x,POPRAWNE_ADI\Ni.2_13mm_1000x\Ni.2_13mm_1000x-165.jpg,Ni.2_13mm_1000x-165.jpg,13.0,870,120,370,120,951.1,,11.0,138.4,302.0,HB,3.45,2.59,0.26,0.015,0.04,0.057,0.038,2.54
Ni.2 13mm,poprawne_adi,GJS Ni.2 lub Ni.2,POPRAWNE_ADI\Ni.2_13mm_1000x,POPRAWNE_ADI\Ni.2_13mm_1000x\Ni.2_13mm_1000x-166.jpg,Ni.2_13mm_1000x-166.jpg,13.0,870,120,370,120,951.1,,11.0,138.4,302.0,HB,3.45,2.59,0.26,0.015,0.04,0.057,0.038,2.54
Ni.2 13mm,poprawne_adi,GJS Ni.2 lub Ni.2,POPRAWNE_ADI\Ni.2_13mm_1000x,POPRAWNE_ADI\Ni.2_13mm_1000x\Ni.2_13mm_1000x-167.jpg,Ni.2_13mm_1000x-167.jpg,13.0,870,120,370,120,951.1,,11.0,138.4,302.0,HB,3.45,2.59,0.26,0.015,0.04,0.057,0.038,2.54
Ni.2 13mm,poprawne_adi,GJS Ni.2 lub Ni.2,POPRAWNE_ADI\Ni.2_13mm_1000x,POPRAWNE_ADI\Ni.2_13mm_1000x\Ni.2_13mm_1000x-168.jpg,Ni.2_13mm_1000x-168.jpg,13.0,870,120,370,120,951.1,,11.0,138.4,302.0,HB,3.45,2.59,0.26,0.015,0.04,0.057,0.038,2.54
Ni.2 13mm,poprawne_adi,GJS Ni.2 lub Ni.2,POPRAWNE_ADI\Ni.2_13mm_1000x,POPRAWNE_ADI\Ni.2_13mm_1000x\Ni.2_13mm_1000x-169.jpg,Ni.2_13mm_1000x-169.jpg,13.0,870,120,370,120,951.1,,11.0,138.4,302.0,HB,3.45,2.59,0.26,0.015,0.04,0.057,0.038,2.54
Ni.2 13mm,poprawne_adi,GJS Ni.2 lub Ni.2,POPRAWNE_ADI\Ni.2_13mm_1000x,POPRAWNE_ADI\Ni.2_13mm_1000x\Ni.2_13mm_1000x-170.jpg,Ni.2_13mm_1000x-170.jpg,13.0,870,120,370,120,951.1,,11.0,138.4,302.0,HB,3.45,2.59,0.26,0.015,0.04,0.057,0.038,2.54
Ni.2 13mm,poprawne_adi,GJS Ni.2 lub Ni.2,POPRAWNE_ADI\Ni.2_13mm_1000x,POPRAWNE_ADI\Ni.2_13mm_1000x\Ni.2_13mm_1000x-171.jpg,Ni.2_13mm_1000x-171.jpg,13.0,870,120,370,120,951.1,,11.0,138.4,302.0,HB,3.45,2.59,0.26,0.015,0.04,0.057,0.038,2.54
Ni.2 13mm,poprawne_adi,GJS Ni.2 lub Ni.2,POPRAWNE_ADI\Ni.2_13mm_1000x,POPRAWNE_ADI\Ni.2_13mm_1000x\Ni.2_13mm_1000x-172.jpg,Ni.2_13mm_1000x-172.jpg,13.0,870,120,370,120,951.1,,11.0,138.4,302.0,HB,3.45,2.59,0.26,0.015,0.04,0.057,0.038,2.54
Ni.2 13mm,poprawne_adi,GJS Ni.2 lub Ni.2,POPRAWNE_ADI\Ni.2_13mm_1000x,POPRAWNE_ADI\Ni.2_13mm_1000x\Ni.2_13mm_1000x-173.jpg,Ni.2_13mm_1000x-173.jpg,13.0,870,120,370,120,951.1,,11.0,138.4,302.0,HB,3.45,2.59,0.26,0.015,0.04,0.057,0.038,2.54
Ni.2 13mm,poprawne_adi,GJS Ni.2 lub Ni.2,POPRAWNE_ADI\Ni.2_13mm_1000x,POPRAWNE_ADI\Ni.2_13mm_1000x\Ni.2_13mm_1000x-174.jpg,Ni.2_13mm_1000x-174.jpg,13.0,870,120,370,120,951.1,,11.0,138.4,302.0,HB,3.45,2.59,0.26,0.015,0.04,0.057,0.038,2.54
Ni.2 13mm,poprawne_adi,GJS Ni.2 lub Ni.2,POPRAWNE_ADI\Ni.2_13mm_1000x,POPRAWNE_ADI\Ni.2_13mm_1000x\Ni.2_13mm_1000x-175.jpg,Ni.2_13mm_1000x-175.jpg,13.0,870,120,370,120,951.1,,11.0,138.4,302.0,HB,3.45,2.59,0.26,0.015,0.04,0.057,0.038,2.54
Ni.2 13mm,poprawne_adi,GJS Ni.2 lub Ni.2,POPRAWNE_ADI\Ni.2_13mm_1000x,POPRAWNE_ADI\Ni.2_13mm_1000x\Ni.2_13mm_1000x-176.jpg,Ni.2_13mm_1000x-176.jpg,13.0,870,120,370,120,951.1,,11.0,138.4,302.0,HB,3.45,2.59,0.26,0.015,0.04,0.057,0.038,2.54
Ni.2 13mm,poprawne_adi,GJS Ni.2 lub Ni.2,POPRAWNE_ADI\Ni.2_13mm_1000x,POPRAWNE_ADI\Ni.2_13mm_1000x\Ni.2_13mm_1000x-177.jpg,Ni.2_13mm_1000x-177.jpg,13.0,870,120,370,120,951.1,,11.0,138.4,302.0,HB,3.45,2.59,0.26,0.015,0.04,0.057,0.038,2.54
Ni.2 13mm,poprawne_adi,GJS Ni.2 lub Ni.2,POPRAWNE_ADI\Ni.2_13mm_1000x,POPRAWNE_ADI\Ni.2_13mm_1000x\Ni.2_13mm_1000x-178.jpg,Ni.2_13mm_1000x-178.jpg,13.0,870,120,370,120,951.1,,11.0,138.4,302.0,HB,3.45,2.59,0.26,0.015,0.04,0.057,0.038,2.54
Ni.2 13mm,poprawne_adi,GJS Ni.2 lub Ni.2,POPRAWNE_ADI\Ni.2_13mm_1000x,POPRAWNE_ADI\Ni.2_13mm_1000x\Ni.2_13mm_1000x-179.jpg,Ni.2_13mm_1000x-179.jpg,13.0,870,120,370,120,951.1,,11.0,138.4,302.0,HB,3.45,2.59,0.26,0.015,0.04,0.057,0.038,2.54
Ni.2 13mm,poprawne_adi,GJS Ni.2 lub Ni.2,POPRAWNE_ADI\Ni.2_13mm_1000x,POPRAWNE_ADI\Ni.2_13mm_1000x\Ni.2_13mm_1000x-180.jpg,Ni.2_13mm_1000x-180.jpg,13.0,870,120,370,120,951.1,,11.0,138.4,302.0,HB,3.45,2.59,0.26,0.015,0.04,0.057,0.038,2.54
Ni.2 13mm,poprawne_adi,GJS Ni.2 lub Ni.2,POPRAWNE_ADI\Ni.2_13mm_1000x,POPRAWNE_ADI\Ni.2_13mm_1000x\Ni.2_13mm_1000x-181.jpg,Ni.2_13mm_1000x-181.jpg,13.0,870,120,370,120,951.1,,11.0,138.4,302.0,HB,3.45,2.59,0.26,0.015,0.04,0.057,0.038,2.54
Ni.2 13mm,poprawne_adi,GJS Ni.2 lub Ni.2,POPRAWNE_ADI\Ni.2_13mm_1000x,POPRAWNE_ADI\Ni.2_13mm_1000x\Ni.2_13mm_1000x-182.jpg,Ni.2_13mm_1000x-182.jpg,13.0,870,120,370,120,951.1,,11.0,138.4,302.0,HB,3.45,2.59,0.26,0.015,0.04,0.057,0.038,2.54
Ni.2 13mm,poprawne_adi,GJS Ni.2 lub Ni.2,POPRAWNE_ADI\Ni.2_13mm_1000x,POPRAWNE_ADI\Ni.2_13mm_1000x\Ni.2_13mm_1000x-183.jpg,Ni.2_13mm_1000x-183.jpg,13.0,870,120,370,120,951.1,,11.0,138.4,302.0,HB,3.45,2.59,0.26,0.015,0.04,0.057,0.038,2.54
Ni.2 13mm,poprawne_adi,GJS Ni.2 lub Ni.2,POPRAWNE_ADI\Ni.2_13mm_1000x,POPRAWNE_ADI\Ni.2_13mm_1000x\Ni.2_13mm_1000x-184.jpg,Ni.2_13mm_1000x-184.jpg,13.0,870,120,370,120,951.1,,11.0,138.4,302.0,HB,3.45,2.59,0.26,0.015,0.04,0.057,0.038,2.54
Ni.2 13mm,poprawne_adi,GJS Ni.2 lub Ni.2,POPRAWNE_ADI\Ni.2_13mm_1000x,POPRAWNE_ADI\Ni.2_13mm_1000x\Ni.2_13mm_1000x-185.jpg,Ni.2_13mm_1000x-185.jpg,13.0,870,120,370,120,951.1,,11.0,138.4,302.0,HB,3.45,2.59,0.26,0.015,0.04,0.057,0.038,2.54
Ni.2 13mm,poprawne_adi,GJS Ni.2 lub Ni.2,POPRAWNE_ADI\Ni.2_13mm_1000x,POPRAWNE_ADI\Ni.2_13mm_1000x\Ni.2_13mm_1000x-186.jpg,Ni.2_13mm_1000x-186.jpg,13.0,870,120,370,120,951.1,,11.0,138.4,302.0,HB,3.45,2.59,0.26,0.015,0.04,0.057,0.038,2.54
Ni.2 13mm,poprawne_adi,GJS Ni.2 lub Ni.2,POPRAWNE_ADI\Ni.2_13mm_1000x,POPRAWNE_ADI\Ni.2_13mm_1000x\Ni.2_13mm_1000x-187.jpg,Ni.2_13mm_1000x-187.jpg,13.0,870,120,370,120,951.1,,11.0,138.4,302.0,HB,3.45,2.59,0.26,0.015,0.04,0.057,0.038,2.54
Ni.2 13mm,poprawne_adi,GJS Ni.2 lub Ni.2,POPRAWNE_ADI\Ni.2_13mm_1000x,POPRAWNE_ADI\Ni.2_13mm_1000x\Ni.2_13mm_1000x-188.jpg,Ni.2_13mm_1000x-188.jpg,13.0,870,120,370,120,951.1,,11.0,138.4,302.0,HB,3.45,2.59,0.26,0.015,0.04,0.057,0.038,2.54
Ni.2 13mm,poprawne_adi,GJS Ni.2 lub Ni.2,POPRAWNE_ADI\Ni.2_13mm_1000x,POPRAWNE_ADI\Ni.2_13mm_1000x\Ni.2_13mm_1000x-189.jpg,Ni.2_13mm_1000x-189.jpg,13.0,870,120,370,120,951.1,,11.0,138.4,302.0,HB,3.45,2.59,0.26,0.015,0.04,0.057,0.038,2.54
Ni.2 13mm,poprawne_adi,GJS Ni.2 lub Ni.2,POPRAWNE_ADI\Ni.2_13mm_1000x,POPRAWNE_ADI\Ni.2_13mm_1000x\Ni.2_13mm_1000x-190.jpg,Ni.2_13mm_1000x-190.jpg,13.0,870,120,370,120,951.1,,11.0,138.4,302.0,HB,3.45,2.59,0.26,0.015,0.04,0.057,0.038,2.54
Ni.2 13mm,poprawne_adi,GJS Ni.2 lub Ni.2,POPRAWNE_ADI\Ni.2_13mm_1000x,POPRAWNE_ADI\Ni.2_13mm_1000x\Ni.2_13mm_1000x-191.jpg,Ni.2_13mm_1000x-191.jpg,13.0,870,120,370,120,951.1,,11.0,138.4,302.0,HB,3.45,2.59,0.26,0.015,0.04,0.057,0.038,2.54
Ni.2 13mm,poprawne_adi,GJS Ni.2 lub Ni.2,POPRAWNE_ADI\Ni.2_13mm_1000x,POPRAWNE_ADI\Ni.2_13mm_1000x\Ni.2_13mm_1000x-192.jpg,Ni.2_13mm_1000x-192.jpg,13.0,870,120,370,120,951.1,,11.0,138.4,302.0,HB,3.45,2.59,0.26,0.015,0.04,0.057,0.038,2.54
Ni.2 13mm,poprawne_adi,GJS Ni.2 lub Ni.2,POPRAWNE_ADI\Ni.2_13mm_1000x,POPRAWNE_ADI\Ni.2_13mm_1000x\Ni.2_13mm_1000x-193.jpg,Ni.2_13mm_1000x-193.jpg,13.0,870,120,370,120,951.1,,11.0,138.4,302.0,HB,3.45,2.59,0.26,0.015,0.04,0.057,0.038,2.54
Ni.2 13mm,poprawne_adi,GJS Ni.2 lub Ni.2,POPRAWNE_ADI\Ni.2_13mm_1000x,POPRAWNE_ADI\Ni.2_13mm_1000x\Ni.2_13mm_1000x-194.jpg,Ni.2_13mm_1000x-194.jpg,13.0,870,120,370,120,951.1,,11.0,138.4,302.0,HB,3.45,2.59,0.26,0.015,0.04,0.057,0.038,2.54
Ni.2 13mm,poprawne_adi,GJS Ni.2 lub Ni.2,POPRAWNE_ADI\Ni.2_13mm_1000x,POPRAWNE_ADI\Ni.2_13mm_1000x\Ni.2_13mm_1000x-195.jpg,Ni.2_13mm_1000x-195.jpg,13.0,870,120,370,120,951.1,,11.0,138.4,302.0,HB,3.45,2.59,0.26,0.015,0.04,0.057,0.038,2.54
Ni.2 13mm,poprawne_adi,GJS Ni.2 lub Ni.2,POPRAWNE_ADI\Ni.2_13mm_1000x,POPRAWNE_ADI\Ni.2_13mm_1000x\Ni.2_13mm_1000x-196.jpg,Ni.2_13mm_1000x-196.jpg,13.0,870,120,370,120,951.1,,11.0,138.4,302.0,HB,3.45,2.59,0.26,0.015,0.04,0.057,0.038,2.54
Ni.2 13mm,poprawne_adi,GJS Ni.2 lub Ni.2,POPRAWNE_ADI\Ni.2_13mm_1000x,POPRAWNE_ADI\Ni.2_13mm_1000x\Ni.2_13mm_1000x-197.jpg,Ni.2_13mm_1000x-197.jpg,13.0,870,120,370,120,951.1,,11.0,138.4,302.0,HB,3.45,2.59,0.26,0.015,0.04,0.057,0.038,2.54
Ni.2 13mm,poprawne_adi,GJS Ni.2 lub Ni.2,POPRAWNE_ADI\Ni.2_13mm_1000x,POPRAWNE_ADI\Ni.2_13mm_1000x\Ni.2_13mm_1000x-198.jpg,Ni.2_13mm_1000x-198.jpg,13.0,870,120,370,120,951.1,,11.0,138.4,302.0,HB,3.45,2.59,0.26,0.015,0.04,0.057,0.038,2.54
Ni.2 13mm,poprawne_adi,GJS Ni.2 lub Ni.2,POPRAWNE_ADI\Ni.2_13mm_1000x,POPRAWNE_ADI\Ni.2_13mm_1000x\Ni.2_13mm_1000x-199.jpg,Ni.2_13mm_1000x-199.jpg,13.0,870,120,370,120,951.1,,11.0,138.4,302.0,HB,3.45,2.59,0.26,0.015,0.04,0.057,0.038,2.54
Ni.2 13mm,poprawne_adi,GJS Ni.2 lub Ni.2,POPRAWNE_ADI\Ni.2_13mm_1000x,POPRAWNE_ADI\Ni.2_13mm_1000x\Ni.2_13mm_1000x-200.jpg,Ni.2_13mm_1000x-200.jpg,13.0,870,120,370,120,951.1,,11.0,138.4,302.0,HB,3.45,2.59,0.26,0.015,0.04,0.057,0.038,2.54
NiCu.2_13mm_*,poprawne_adi,GJS NiCu.2 lub NiCu.2,POPRAWNE_ADI\NiCu.2_120_13mm_1000x,POPRAWNE_ADI\NiCu.2_120_13mm_1000x\NiCu.2_120_13mm_1000x-001.jpg,NiCu.2_120_13mm_1000x-001.jpg,13.0,870,120,370,120,1049.975,753.05,8.975,97.83333333333333,321.0,HB,3.25,2.48,0.33,0.01,0.037,0.05,0.78,2.63
NiCu.2_13mm_*,poprawne_adi,GJS NiCu.2 lub NiCu.2,POPRAWNE_ADI\NiCu.2_120_13mm_1000x,POPRAWNE_ADI\NiCu.2_120_13mm_1000x\NiCu.2_120_13mm_1000x-002.jpg,NiCu.2_120_13mm_1000x-002.jpg,13.0,870,120,370,120,1049.975,753.05,8.975,97.83333333333333,321.0,HB,3.25,2.48,0.33,0.01,0.037,0.05,0.78,2.63
NiCu.2_13mm_*,poprawne_adi,GJS NiCu.2 lub NiCu.2,POPRAWNE_ADI\NiCu.2_120_13mm_1000x,POPRAWNE_ADI\NiCu.2_120_13mm_1000x\NiCu.2_120_13mm_1000x-003.jpg,NiCu.2_120_13mm_1000x-003.jpg,13.0,870,120,370,120,1049.975,753.05,8.975,97.83333333333333,321.0,HB,3.25,2.48,0.33,0.01,0.037,0.05,0.78,2.63
NiCu.2_13mm_*,poprawne_adi,GJS NiCu.2 lub NiCu.2,POPRAWNE_ADI\NiCu.2_120_13mm_1000x,POPRAWNE_ADI\NiCu.2_120_13mm_1000x\NiCu.2_120_13mm_1000x-004.jpg,NiCu.2_120_13mm_1000x-004.jpg,13.0,870,120,370,120,1049.975,753.05,8.975,97.83333333333333,321.0,HB,3.25,2.48,0.33,0.01,0.037,0.05,0.78,2.63
NiCu.2_13mm_*,poprawne_adi,GJS NiCu.2 lub NiCu.2,POPRAWNE_ADI\NiCu.2_120_13mm_1000x,POPRAWNE_ADI\NiCu.2_120_13mm_1000x\NiCu.2_120_13mm_1000x-005.jpg,NiCu.2_120_13mm_1000x-005.jpg,13.0,870,120,370,120,1049.975,753.05,8.975,97.83333333333333,321.0,HB,3.25,2.48,0.33,0.01,0.037,0.05,0.78,2.63
NiCu.2_13mm_*,poprawne_adi,GJS NiCu.2 lub NiCu.2,POPRAWNE_ADI\NiCu.2_120_13mm_1000x,POPRAWNE_ADI\NiCu.2_120_13mm_1000x\NiCu.2_120_13mm_1000x-006.jpg,NiCu.2_120_13mm_1000x-006.jpg,13.0,870,120,370,120,1049.975,753.05,8.975,97.83333333333333,321.0,HB,3.25,2.48,0.33,0.01,0.037,0.05,0.78,2.63
NiCu.2_13mm_*,poprawne_adi,GJS NiCu.2 lub NiCu.2,POPRAWNE_ADI\NiCu.2_120_13mm_1000x,POPRAWNE_ADI\NiCu.2_120_13mm_1000x\NiCu.2_120_13mm_1000x-007.jpg,NiCu.2_120_13mm_1000x-007.jpg,13.0,870,120,370,120,1049.975,753.05,8.975,97.83333333333333,321.0,HB,3.25,2.48,0.33,0.01,0.037,0.05,0.78,2.63
NiCu.2_13mm_*,poprawne_adi,GJS NiCu.2 lub NiCu.2,POPRAWNE_ADI\NiCu.2_120_13mm_1000x,POPRAWNE_ADI\NiCu.2_120_13mm_1000x\NiCu.2_120_13mm_1000x-008.jpg,NiCu.2_120_13mm_1000x-008.jpg,13.0,870,120,370,120,1049.975,753.05,8.975,97.83333333333333,321.0,HB,3.25,2.48,0.33,0.01,0.037,0.05,0.78,2.63
NiCu.2_13mm_*,poprawne_adi,GJS NiCu.2 lub NiCu.2,POPRAWNE_ADI\NiCu.2_120_13mm_1000x,POPRAWNE_ADI\NiCu.2_120_13mm_1000x\NiCu.2_120_13mm_1000x-009.jpg,NiCu.2_120_13mm_1000x-009.jpg,13.0,870,120,370,120,1049.975,753.05,8.975,97.83333333333333,321.0,HB,3.25,2.48,0.33,0.01,0.037,0.05,0.78,2.63
NiCu.2_13mm_*,poprawne_adi,GJS NiCu.2 lub NiCu.2,POPRAWNE_ADI\NiCu.2_120_13mm_1000x,POPRAWNE_ADI\NiCu.2_120_13mm_1000x\NiCu.2_120_13mm_1000x-010.jpg,NiCu.2_120_13mm_1000x-010.jpg,13.0,870,120,370,120,1049.975,753.05,8.975,97.83333333333333,321.0,HB,3.25,2.48,0.33,0.01,0.037,0.05,0.78,2.63
NiCu.2_13mm_*,poprawne_adi,GJS NiCu.2 lub NiCu.2,POPRAWNE_ADI\NiCu.2_120_13mm_1000x,POPRAWNE_ADI\NiCu.2_120_13mm_1000x\NiCu.2_120_13mm_1000x-011.jpg,NiCu.2_120_13mm_1000x-011.jpg,13.0,870,120,370,120,1049.975,753.05,8.975,97.83333333333333,321.0,HB,3.25,2.48,0.33,0.01,0.037,0.05,0.78,2.63
NiCu.2_13mm_*,poprawne_adi,GJS NiCu.2 lub NiCu.2,POPRAWNE_ADI\NiCu.2_120_13mm_1000x,POPRAWNE_ADI\NiCu.2_120_13mm_1000x\NiCu.2_120_13mm_1000x-012.jpg,NiCu.2_120_13mm_1000x-012.jpg,13.0,870,120,370,120,1049.975,753.05,8.975,97.83333333333333,321.0,HB,3.25,2.48,0.33,0.01,0.037,0.05,0.78,2.63
NiCu.2_13mm_*,poprawne_adi,GJS NiCu.2 lub NiCu.2,POPRAWNE_ADI\NiCu.2_120_13mm_1000x,POPRAWNE_ADI\NiCu.2_120_13mm_1000x\NiCu.2_120_13mm_1000x-013.jpg,NiCu.2_120_13mm_1000x-013.jpg,13.0,870,120,370,120,1049.975,753.05,8.975,97.83333333333333,321.0,HB,3.25,2.48,0.33,0.01,0.037,0.05,0.78,2.63
NiCu.2_13mm_*,poprawne_adi,GJS NiCu.2 lub NiCu.2,POPRAWNE_ADI\NiCu.2_120_13mm_1000x,POPRAWNE_ADI\NiCu.2_120_13mm_1000x\NiCu.2_120_13mm_1000x-014.jpg,NiCu.2_120_13mm_1000x-014.jpg,13.0,870,120,370,120,1049.975,753.05,8.975,97.83333333333333,321.0,HB,3.25,2.48,0.33,0.01,0.037,0.05,0.78,2.63
NiCu.2_13mm_*,poprawne_adi,GJS NiCu.2 lub NiCu.2,POPRAWNE_ADI\NiCu.2_120_13mm_1000x,POPRAWNE_ADI\NiCu.2_120_13mm_1000x\NiCu.2_120_13mm_1000x-015.jpg,NiCu.2_120_13mm_1000x-015.jpg,13.0,870,120,370,120,1049.975,753.05,8.975,97.83333333333333,321.0,HB,3.25,2.48,0.33,0.01,0.037,0.05,0.78,2.63
NiCu.2_13mm_*,poprawne_adi,GJS NiCu.2 lub NiCu.2,POPRAWNE_ADI\NiCu.2_120_13mm_1000x,POPRAWNE_ADI\NiCu.2_120_13mm_1000x\NiCu.2_120_13mm_1000x-016.jpg,NiCu.2_120_13mm_1000x-016.jpg,13.0,870,120,370,120,1049.975,753.05,8.975,97.83333333333333,321.0,HB,3.25,2.48,0.33,0.01,0.037,0.05,0.78,2.63
NiCu.2_13mm_*,poprawne_adi,GJS NiCu.2 lub NiCu.2,POPRAWNE_ADI\NiCu.2_120_13mm_1000x,POPRAWNE_ADI\NiCu.2_120_13mm_1000x\NiCu.2_120_13mm_1000x-017.jpg,NiCu.2_120_13mm_1000x-017.jpg,13.0,870,120,370,120,1049.975,753.05,8.975,97.83333333333333,321.0,HB,3.25,2.48,0.33,0.01,0.037,0.05,0.78,2.63
NiCu.2_13mm_*,poprawne_adi,GJS NiCu.2 lub NiCu.2,POPRAWNE_ADI\NiCu.2_120_13mm_1000x,POPRAWNE_ADI\NiCu.2_120_13mm_1000x\NiCu.2_120_13mm_1000x-018.jpg,NiCu.2_120_13mm_1000x-018.jpg,13.0,870,120,370,120,1049.975,753.05,8.975,97.83333333333333,321.0,HB,3.25,2.48,0.33,0.01,0.037,0.05,0.78,2.63
NiCu.2_13mm_*,poprawne_adi,GJS NiCu.2 lub NiCu.2,POPRAWNE_ADI\NiCu.2_120_13mm_1000x,POPRAWNE_ADI\NiCu.2_120_13mm_1000x\NiCu.2_120_13mm_1000x-019.jpg,NiCu.2_120_13mm_1000x-019.jpg,13.0,870,120,370,120,1049.975,753.05,8.975,97.83333333333333,321.0,HB,3.25,2.48,0.33,0.01,0.037,0.05,0.78,2.63
NiCu.2_13mm_*,poprawne_adi,GJS NiCu.2 lub NiCu.2,POPRAWNE_ADI\NiCu.2_120_13mm_1000x,POPRAWNE_ADI\NiCu.2_120_13mm_1000x\NiCu.2_120_13mm_1000x-020.jpg,NiCu.2_120_13mm_1000x-020.jpg,13.0,870,120,370,120,1049.975,753.05,8.975,97.83333333333333,321.0,HB,3.25,2.48,0.33,0.01,0.037,0.05,0.78,2.63
NiCu.2_13mm_*,poprawne_adi,GJS NiCu.2 lub NiCu.2,POPRAWNE_ADI\NiCu.2_120_13mm_1000x,POPRAWNE_ADI\NiCu.2_120_13mm_1000x\NiCu.2_120_13mm_1000x-021.jpg,NiCu.2_120_13mm_1000x-021.jpg,13.0,870,120,370,120,1049.975,753.05,8.975,97.83333333333333,321.0,HB,3.25,2.48,0.33,0.01,0.037,0.05,0.78,2.63
NiCu.2_13mm_*,poprawne_adi,GJS NiCu.2 lub NiCu.2,POPRAWNE_ADI\NiCu.2_120_13mm_1000x,POPRAWNE_ADI\NiCu.2_120_13mm_1000x\NiCu.2_120_13mm_1000x-022.jpg,NiCu.2_120_13mm_1000x-022.jpg,13.0,870,120,370,120,1049.975,753.05,8.975,97.83333333333333,321.0,HB,3.25,2.48,0.33,0.01,0.037,0.05,0.78,2.63
NiCu.2_13mm_*,poprawne_adi,GJS NiCu.2 lub NiCu.2,POPRAWNE_ADI\NiCu.2_120_13mm_1000x,POPRAWNE_ADI\NiCu.2_120_13mm_1000x\NiCu.2_120_13mm_1000x-023.jpg,NiCu.2_120_13mm_1000x-023.jpg,13.0,870,120,370,120,1049.975,753.05,8.975,97.83333333333333,321.0,HB,3.25,2.48,0.33,0.01,0.037,0.05,0.78,2.63
NiCu.2_13mm_*,poprawne_adi,GJS NiCu.2 lub NiCu.2,POPRAWNE_ADI\NiCu.2_120_13mm_1000x,POPRAWNE_ADI\NiCu.2_120_13mm_1000x\NiCu.2_120_13mm_1000x-024.jpg,NiCu.2_120_13mm_1000x-024.jpg,13.0,870,120,370,120,1049.975,753.05,8.975,97.83333333333333,321.0,HB,3.25,2.48,0.33,0.01,0.037,0.05,0.78,2.63
NiCu.2_13mm_*,poprawne_adi,GJS NiCu.2 lub NiCu.2,POPRAWNE_ADI\NiCu.2_120_13mm_1000x,POPRAWNE_ADI\NiCu.2_120_13mm_1000x\NiCu.2_120_13mm_1000x-025.jpg,NiCu.2_120_13mm_1000x-025.jpg,13.0,870,120,370,120,1049.975,753.05,8.975,97.83333333333333,321.0,HB,3.25,2.48,0.33,0.01,0.037,0.05,0.78,2.63
NiCu.2_13mm_*,poprawne_adi,GJS NiCu.2 lub NiCu.2,POPRAWNE_ADI\NiCu.2_120_13mm_1000x,POPRAWNE_ADI\NiCu.2_120_13mm_1000x\NiCu.2_120_13mm_1000x-026.jpg,NiCu.2_120_13mm_1000x-026.jpg,13.0,870,120,370,120,1049.975,753.05,8.975,97.83333333333333,321.0,HB,3.25,2.48,0.33,0.01,0.037,0.05,0.78,2.63
NiCu.2_13mm_*,poprawne_adi,GJS NiCu.2 lub NiCu.2,POPRAWNE_ADI\NiCu.2_120_13mm_1000x,POPRAWNE_ADI\NiCu.2_120_13mm_1000x\NiCu.2_120_13mm_1000x-027.jpg,NiCu.2_120_13mm_1000x-027.jpg,13.0,870,120,370,120,1049.975,753.05,8.975,97.83333333333333,321.0,HB,3.25,2.48,0.33,0.01,0.037,0.05,0.78,2.63
NiCu.2_13mm_*,poprawne_adi,GJS NiCu.2 lub NiCu.2,POPRAWNE_ADI\NiCu.2_120_13mm_1000x,POPRAWNE_ADI\NiCu.2_120_13mm_1000x\NiCu.2_120_13mm_1000x-028.jpg,NiCu.2_120_13mm_1000x-028.jpg,13.0,870,120,370,120,1049.975,753.05,8.975,97.83333333333333,321.0,HB,3.25,2.48,0.33,0.01,0.037,0.05,0.78,2.63
NiCu.2_13mm_*,poprawne_adi,GJS NiCu.2 lub NiCu.2,POPRAWNE_ADI\NiCu.2_120_13mm_1000x,POPRAWNE_ADI\NiCu.2_120_13mm_1000x\NiCu.2_120_13mm_1000x-029.jpg,NiCu.2_120_13mm_1000x-029.jpg,13.0,870,120,370,120,1049.975,753.05,8.975,97.83333333333333,321.0,HB,3.25,2.48,0.33,0.01,0.037,0.05,0.78,2.63
NiCu.2_13mm_*,poprawne_adi,GJS NiCu.2 lub NiCu.2,POPRAWNE_ADI\NiCu.2_120_13mm_1000x,POPRAWNE_ADI\NiCu.2_120_13mm_1000x\NiCu.2_120_13mm_1000x-030.jpg,NiCu.2_120_13mm_1000x-030.jpg,13.0,870,120,370,120,1049.975,753.05,8.975,97.83333333333333,321.0,HB,3.25,2.48,0.33,0.01,0.037,0.05,0.78,2.63
NiCu.2_13mm_*,poprawne_adi,GJS NiCu.2 lub NiCu.2,POPRAWNE_ADI\NiCu.2_120_13mm_1000x,POPRAWNE_ADI\NiCu.2_120_13mm_1000x\NiCu.2_120_13mm_1000x-031.jpg,NiCu.2_120_13mm_1000x-031.jpg,13.0,870,120,370,120,1049.975,753.05,8.975,97.83333333333333,321.0,HB,3.25,2.48,0.33,0.01,0.037,0.05,0.78,2.63
NiCu.2_13mm_*,poprawne_adi,GJS NiCu.2 lub NiCu.2,POPRAWNE_ADI\NiCu.2_120_13mm_1000x,POPRAWNE_ADI\NiCu.2_120_13mm_1000x\NiCu.2_120_13mm_1000x-032.jpg,NiCu.2_120_13mm_1000x-032.jpg,13.0,870,120,370,120,1049.975,753.05,8.975,97.83333333333333,321.0,HB,3.25,2.48,0.33,0.01,0.037,0.05,0.78,2.63
NiCu.2_13mm_*,poprawne_adi,GJS NiCu.2 lub NiCu.2,POPRAWNE_ADI\NiCu.2_120_13mm_1000x,POPRAWNE_ADI\NiCu.2_120_13mm_1000x\NiCu.2_120_13mm_1000x-033.jpg,NiCu.2_120_13mm_1000x-033.jpg,13.0,870,120,370,120,1049.975,753.05,8.975,97.83333333333333,321.0,HB,3.25,2.48,0.33,0.01,0.037,0.05,0.78,2.63
NiCu.2_13mm_*,poprawne_adi,GJS NiCu.2 lub NiCu.2,POPRAWNE_ADI\NiCu.2_120_13mm_1000x,POPRAWNE_ADI\NiCu.2_120_13mm_1000x\NiCu.2_120_13mm_1000x-034.jpg,NiCu.2_120_13mm_1000x-034.jpg,13.0,870,120,370,120,1049.975,753.05,8.975,97.83333333333333,321.0,HB,3.25,2.48,0.33,0.01,0.037,0.05,0.78,2.63
NiCu.2_13mm_*,poprawne_adi,GJS NiCu.2 lub NiCu.2,POPRAWNE_ADI\NiCu.2_120_13mm_1000x,POPRAWNE_ADI\NiCu.2_120_13mm_1000x\NiCu.2_120_13mm_1000x-035.jpg,NiCu.2_120_13mm_1000x-035.jpg,13.0,870,120,370,120,1049.975,753.05,8.975,97.83333333333333,321.0,HB,3.25,2.48,0.33,0.01,0.037,0.05,0.78,2.63
NiCu.2_13mm_*,poprawne_adi,GJS NiCu.2 lub NiCu.2,POPRAWNE_ADI\NiCu.2_120_13mm_1000x,POPRAWNE_ADI\NiCu.2_120_13mm_1000x\NiCu.2_120_13mm_1000x-036.jpg,NiCu.2_120_13mm_1000x-036.jpg,13.0,870,120,370,120,1049.975,753.05,8.975,97.83333333333333,321.0,HB,3.25,2.48,0.33,0.01,0.037,0.05,0.78,2.63
NiCu.2_13mm_*,poprawne_adi,GJS NiCu.2 lub NiCu.2,POPRAWNE_ADI\NiCu.2_120_13mm_1000x,POPRAWNE_ADI\NiCu.2_120_13mm_1000x\NiCu.2_120_13mm_1000x-037.jpg,NiCu.2_120_13mm_1000x-037.jpg,13.0,870,120,370,120,1049.975,753.05,8.975,97.83333333333333,321.0,HB,3.25,2.48,0.33,0.01,0.037,0.05,0.78,2.63
NiCu.2_13mm_*,poprawne_adi,GJS NiCu.2 lub NiCu.2,POPRAWNE_ADI\NiCu.2_120_13mm_1000x,POPRAWNE_ADI\NiCu.2_120_13mm_1000x\NiCu.2_120_13mm_1000x-038.jpg,NiCu.2_120_13mm_1000x-038.jpg,13.0,870,120,370,120,1049.975,753.05,8.975,97.83333333333333,321.0,HB,3.25,2.48,0.33,0.01,0.037,0.05,0.78,2.63
NiCu.2_13mm_*,poprawne_adi,GJS NiCu.2 lub NiCu.2,POPRAWNE_ADI\NiCu.2_120_13mm_1000x,POPRAWNE_ADI\NiCu.2_120_13mm_1000x\NiCu.2_120_13mm_1000x-039.jpg,NiCu.2_120_13mm_1000x-039.jpg,13.0,870,120,370,120,1049.975,753.05,8.975,97.83333333333333,321.0,HB,3.25,2.48,0.33,0.01,0.037,0.05,0.78,2.63
NiCu.2_13mm_*,poprawne_adi,GJS NiCu.2 lub NiCu.2,POPRAWNE_ADI\NiCu.2_120_13mm_1000x,POPRAWNE_ADI\NiCu.2_120_13mm_1000x\NiCu.2_120_13mm_1000x-040.jpg,NiCu.2_120_13mm_1000x-040.jpg,13.0,870,120,370,120,1049.975,753.05,8.975,97.83333333333333,321.0,HB,3.25,2.48,0.33,0.01,0.037,0.05,0.78,2.63
NiCu.2_13mm_*,poprawne_adi,GJS NiCu.2 lub NiCu.2,POPRAWNE_ADI\NiCu.2_120_13mm_1000x,POPRAWNE_ADI\NiCu.2_120_13mm_1000x\NiCu.2_120_13mm_1000x-041.jpg,NiCu.2_120_13mm_1000x-041.jpg,13.0,870,120,370,120,1049.975,753.05,8.975,97.83333333333333,321.0,HB,3.25,2.48,0.33,0.01,0.037,0.05,0.78,2.63
NiCu.2_13mm_*,poprawne_adi,GJS NiCu.2 lub NiCu.2,POPRAWNE_ADI\NiCu.2_120_13mm_1000x,POPRAWNE_ADI\NiCu.2_120_13mm_1000x\NiCu.2_120_13mm_1000x-042.jpg,NiCu.2_120_13mm_1000x-042.jpg,13.0,870,120,370,120,1049.975,753.05,8.975,97.83333333333333,321.0,HB,3.25,2.48,0.33,0.01,0.037,0.05,0.78,2.63
NiCu.2_13mm_*,poprawne_adi,GJS NiCu.2 lub NiCu.2,POPRAWNE_ADI\NiCu.2_120_13mm_1000x,POPRAWNE_ADI\NiCu.2_120_13mm_1000x\NiCu.2_120_13mm_1000x-043.jpg,NiCu.2_120_13mm_1000x-043.jpg,13.0,870,120,370,120,1049.975,753.05,8.975,97.83333333333333,321.0,HB,3.25,2.48,0.33,0.01,0.037,0.05,0.78,2.63
NiCu.2_13mm_*,poprawne_adi,GJS NiCu.2 lub NiCu.2,POPRAWNE_ADI\NiCu.2_120_13mm_1000x,POPRAWNE_ADI\NiCu.2_120_13mm_1000x\NiCu.2_120_13mm_1000x-044.jpg,NiCu.2_120_13mm_1000x-044.jpg,13.0,870,120,370,120,1049.975,753.05,8.975,97.83333333333333,321.0,HB,3.25,2.48,0.33,0.01,0.037,0.05,0.78,2.63
NiCu.2_13mm_*,poprawne_adi,GJS NiCu.2 lub NiCu.2,POPRAWNE_ADI\NiCu.2_120_13mm_1000x,POPRAWNE_ADI\NiCu.2_120_13mm_1000x\NiCu.2_120_13mm_1000x-045.jpg,NiCu.2_120_13mm_1000x-045.jpg,13.0,870,120,370,120,1049.975,753.05,8.975,97.83333333333333,321.0,HB,3.25,2.48,0.33,0.01,0.037,0.05,0.78,2.63
NiCu.2_13mm_*,poprawne_adi,GJS NiCu.2 lub NiCu.2,POPRAWNE_ADI\NiCu.2_120_13mm_1000x,POPRAWNE_ADI\NiCu.2_120_13mm_1000x\NiCu.2_120_13mm_1000x-046.jpg,NiCu.2_120_13mm_1000x-046.jpg,13.0,870,120,370,120,1049.975,753.05,8.975,97.83333333333333,321.0,HB,3.25,2.48,0.33,0.01,0.037,0.05,0.78,2.63
NiCu.2_13mm_*,poprawne_adi,GJS NiCu.2 lub NiCu.2,POPRAWNE_ADI\NiCu.2_120_13mm_1000x,POPRAWNE_ADI\NiCu.2_120_13mm_1000x\NiCu.2_120_13mm_1000x-047.jpg,NiCu.2_120_13mm_1000x-047.jpg,13.0,870,120,370,120,1049.975,753.05,8.975,97.83333333333333,321.0,HB,3.25,2.48,0.33,0.01,0.037,0.05,0.78,2.63
NiCu.2_13mm_*,poprawne_adi,GJS NiCu.2 lub NiCu.2,POPRAWNE_ADI\NiCu.2_120_13mm_1000x,POPRAWNE_ADI\NiCu.2_120_13mm_1000x\NiCu.2_120_13mm_1000x-048.jpg,NiCu.2_120_13mm_1000x-048.jpg,13.0,870,120,370,120,1049.975,753.05,8.975,97.83333333333333,321.0,HB,3.25,2.48,0.33,0.01,0.037,0.05,0.78,2.63
NiCu.2_13mm_*,poprawne_adi,GJS NiCu.2 lub NiCu.2,POPRAWNE_ADI\NiCu.2_120_13mm_1000x,POPRAWNE_ADI\NiCu.2_120_13mm_1000x\NiCu.2_120_13mm_1000x-049.jpg,NiCu.2_120_13mm_1000x-049.jpg,13.0,870,120,370,120,1049.975,753.05,8.975,97.83333333333333,321.0,HB,3.25,2.48,0.33,0.01,0.037,0.05,0.78,2.63
NiCu.2_13mm_*,poprawne_adi,GJS NiCu.2 lub NiCu.2,POPRAWNE_ADI\NiCu.2_120_13mm_1000x,POPRAWNE_ADI\NiCu.2_120_13mm_1000x\NiCu.2_120_13mm_1000x-050.jpg,NiCu.2_120_13mm_1000x-050.jpg,13.0,870,120,370,120,1049.975,753.05,8.975,97.83333333333333,321.0,HB,3.25,2.48,0.33,0.01,0.037,0.05,0.78,2.63
NiCu.2_13mm_*,poprawne_adi,GJS NiCu.2 lub NiCu.2,POPRAWNE_ADI\NiCu.2_120_13mm_1000x,POPRAWNE_ADI\NiCu.2_120_13mm_1000x\NiCu.2_120_13mm_1000x-051.jpg,NiCu.2_120_13mm_1000x-051.jpg,13.0,870,120,370,120,1049.975,753.05,8.975,97.83333333333333,321.0,HB,3.25,2.48,0.33,0.01,0.037,0.05,0.78,2.63
NiCu.2_13mm_*,poprawne_adi,GJS NiCu.2 lub NiCu.2,POPRAWNE_ADI\NiCu.2_120_13mm_1000x,POPRAWNE_ADI\NiCu.2_120_13mm_1000x\NiCu.2_120_13mm_1000x-052.jpg,NiCu.2_120_13mm_1000x-052.jpg,13.0,870,120,370,120,1049.975,753.05,8.975,97.83333333333333,321.0,HB,3.25,2.48,0.33,0.01,0.037,0.05,0.78,2.63
NiCu.2_13mm_*,poprawne_adi,GJS NiCu.2 lub NiCu.2,POPRAWNE_ADI\NiCu.2_120_13mm_1000x,POPRAWNE_ADI\NiCu.2_120_13mm_1000x\NiCu.2_120_13mm_1000x-053.jpg,NiCu.2_120_13mm_1000x-053.jpg,13.0,870,120,370,120,1049.975,753.05,8.975,97.83333333333333,321.0,HB,3.25,2.48,0.33,0.01,0.037,0.05,0.78,2.63
NiCu.2_13mm_*,poprawne_adi,GJS NiCu.2 lub NiCu.2,POPRAWNE_ADI\NiCu.2_120_13mm_1000x,POPRAWNE_ADI\NiCu.2_120_13mm_1000x\NiCu.2_120_13mm_1000x-054.jpg,NiCu.2_120_13mm_1000x-054.jpg,13.0,870,120,370,120,1049.975,753.05,8.975,97.83333333333333,321.0,HB,3.25,2.48,0.33,0.01,0.037,0.05,0.78,2.63
NiCu.2_13mm_*,poprawne_adi,GJS NiCu.2 lub NiCu.2,POPRAWNE_ADI\NiCu.2_120_13mm_1000x,POPRAWNE_ADI\NiCu.2_120_13mm_1000x\NiCu.2_120_13mm_1000x-055.jpg,NiCu.2_120_13mm_1000x-055.jpg,13.0,870,120,370,120,1049.975,753.05,8.975,97.83333333333333,321.0,HB,3.25,2.48,0.33,0.01,0.037,0.05,0.78,2.63
NiCu.2_13mm_*,poprawne_adi,GJS NiCu.2 lub NiCu.2,POPRAWNE_ADI\NiCu.2_120_13mm_1000x,POPRAWNE_ADI\NiCu.2_120_13mm_1000x\NiCu.2_120_13mm_1000x-056.jpg,NiCu.2_120_13mm_1000x-056.jpg,13.0,870,120,370,120,1049.975,753.05,8.975,97.83333333333333,321.0,HB,3.25,2.48,0.33,0.01,0.037,0.05,0.78,2.63
NiCu.2_13mm_*,poprawne_adi,GJS NiCu.2 lub NiCu.2,POPRAWNE_ADI\NiCu.2_120_13mm_1000x,POPRAWNE_ADI\NiCu.2_120_13mm_1000x\NiCu.2_120_13mm_1000x-057.jpg,NiCu.2_120_13mm_1000x-057.jpg,13.0,870,120,370,120,1049.975,753.05,8.975,97.83333333333333,321.0,HB,3.25,2.48,0.33,0.01,0.037,0.05,0.78,2.63
NiCu.2_13mm_*,poprawne_adi,GJS NiCu.2 lub NiCu.2,POPRAWNE_ADI\NiCu.2_120_13mm_1000x,POPRAWNE_ADI\NiCu.2_120_13mm_1000x\NiCu.2_120_13mm_1000x-058.jpg,NiCu.2_120_13mm_1000x-058.jpg,13.0,870,120,370,120,1049.975,753.05,8.975,97.83333333333333,321.0,HB,3.25,2.48,0.33,0.01,0.037,0.05,0.78,2.63
NiCu.2_13mm_*,poprawne_adi,GJS NiCu.2 lub NiCu.2,POPRAWNE_ADI\NiCu.2_120_13mm_1000x,POPRAWNE_ADI\NiCu.2_120_13mm_1000x\NiCu.2_120_13mm_1000x-059.jpg,NiCu.2_120_13mm_1000x-059.jpg,13.0,870,120,370,120,1049.975,753.05,8.975,97.83333333333333,321.0,HB,3.25,2.48,0.33,0.01,0.037,0.05,0.78,2.63
NiCu.2_13mm_*,poprawne_adi,GJS NiCu.2 lub NiCu.2,POPRAWNE_ADI\NiCu.2_120_13mm_1000x,POPRAWNE_ADI\NiCu.2_120_13mm_1000x\NiCu.2_120_13mm_1000x-060.jpg,NiCu.2_120_13mm_1000x-060.jpg,13.0,870,120,370,120,1049.975,753.05,8.975,97.83333333333333,321.0,HB,3.25,2.48,0.33,0.01,0.037,0.05,0.78,2.63
NiCu.2_13mm_*,poprawne_adi,GJS NiCu.2 lub NiCu.2,POPRAWNE_ADI\NiCu.2_120_13mm_1000x,POPRAWNE_ADI\NiCu.2_120_13mm_1000x\NiCu.2_120_13mm_1000x-061.jpg,NiCu.2_120_13mm_1000x-061.jpg,13.0,870,120,370,120,1049.975,753.05,8.975,97.83333333333333,321.0,HB,3.25,2.48,0.33,0.01,0.037,0.05,0.78,2.63
NiCu.2_13mm_*,poprawne_adi,GJS NiCu.2 lub NiCu.2,POPRAWNE_ADI\NiCu.2_120_13mm_1000x,POPRAWNE_ADI\NiCu.2_120_13mm_1000x\NiCu.2_120_13mm_1000x-062.jpg,NiCu.2_120_13mm_1000x-062.jpg,13.0,870,120,370,120,1049.975,753.05,8.975,97.83333333333333,321.0,HB,3.25,2.48,0.33,0.01,0.037,0.05,0.78,2.63
NiCu.2_13mm_*,poprawne_adi,GJS NiCu.2 lub NiCu.2,POPRAWNE_ADI\NiCu.2_120_13mm_1000x,POPRAWNE_ADI\NiCu.2_120_13mm_1000x\NiCu.2_120_13mm_1000x-063.jpg,NiCu.2_120_13mm_1000x-063.jpg,13.0,870,120,370,120,1049.975,753.05,8.975,97.83333333333333,321.0,HB,3.25,2.48,0.33,0.01,0.037,0.05,0.78,2.63
NiCu.2_13mm_*,poprawne_adi,GJS NiCu.2 lub NiCu.2,POPRAWNE_ADI\NiCu.2_120_13mm_1000x,POPRAWNE_ADI\NiCu.2_120_13mm_1000x\NiCu.2_120_13mm_1000x-064.jpg,NiCu.2_120_13mm_1000x-064.jpg,13.0,870,120,370,120,1049.975,753.05,8.975,97.83333333333333,321.0,HB,3.25,2.48,0.33,0.01,0.037,0.05,0.78,2.63
NiCu.2_13mm_*,poprawne_adi,GJS NiCu.2 lub NiCu.2,POPRAWNE_ADI\NiCu.2_120_13mm_1000x,POPRAWNE_ADI\NiCu.2_120_13mm_1000x\NiCu.2_120_13mm_1000x-065.jpg,NiCu.2_120_13mm_1000x-065.jpg,13.0,870,120,370,120,1049.975,753.05,8.975,97.83333333333333,321.0,HB,3.25,2.48,0.33,0.01,0.037,0.05,0.78,2.63
NiCu.2_13mm_*,poprawne_adi,GJS NiCu.2 lub NiCu.2,POPRAWNE_ADI\NiCu.2_120_13mm_1000x,POPRAWNE_ADI\NiCu.2_120_13mm_1000x\NiCu.2_120_13mm_1000x-066.jpg,NiCu.2_120_13mm_1000x-066.jpg,13.0,870,120,370,120,1049.975,753.05,8.975,97.83333333333333,321.0,HB,3.25,2.48,0.33,0.01,0.037,0.05,0.78,2.63
NiCu.2_13mm_*,poprawne_adi,GJS NiCu.2 lub NiCu.2,POPRAWNE_ADI\NiCu.2_120_13mm_1000x,POPRAWNE_ADI\NiCu.2_120_13mm_1000x\NiCu.2_120_13mm_1000x-067.jpg,NiCu.2_120_13mm_1000x-067.jpg,13.0,870,120,370,120,1049.975,753.05,8.975,97.83333333333333,321.0,HB,3.25,2.48,0.33,0.01,0.037,0.05,0.78,2.63
NiCu.2_13mm_*,poprawne_adi,GJS NiCu.2 lub NiCu.2,POPRAWNE_ADI\NiCu.2_120_13mm_1000x,POPRAWNE_ADI\NiCu.2_120_13mm_1000x\NiCu.2_120_13mm_1000x-068.jpg,NiCu.2_120_13mm_1000x-068.jpg,13.0,870,120,370,120,1049.975,753.05,8.975,97.83333333333333,321.0,HB,3.25,2.48,0.33,0.01,0.037,0.05,0.78,2.63
NiCu.2_13mm_*,poprawne_adi,GJS NiCu.2 lub NiCu.2,POPRAWNE_ADI\NiCu.2_120_13mm_1000x,POPRAWNE_ADI\NiCu.2_120_13mm_1000x\NiCu.2_120_13mm_1000x-069.jpg,NiCu.2_120_13mm_1000x-069.jpg,13.0,870,120,370,120,1049.975,753.05,8.975,97.83333333333333,321.0,HB,3.25,2.48,0.33,0.01,0.037,0.05,0.78,2.63
NiCu.2_13mm_*,poprawne_adi,GJS NiCu.2 lub NiCu.2,POPRAWNE_ADI\NiCu.2_120_13mm_1000x,POPRAWNE_ADI\NiCu.2_120_13mm_1000x\NiCu.2_120_13mm_1000x-070.jpg,NiCu.2_120_13mm_1000x-070.jpg,13.0,870,120,370,120,1049.975,753.05,8.975,97.83333333333333,321.0,HB,3.25,2.48,0.33,0.01,0.037,0.05,0.78,2.63
NiCu.2_13mm_*,poprawne_adi,GJS NiCu.2 lub NiCu.2,POPRAWNE_ADI\NiCu.2_120_13mm_1000x,POPRAWNE_ADI\NiCu.2_120_13mm_1000x\NiCu.2_120_13mm_1000x-071.jpg,NiCu.2_120_13mm_1000x-071.jpg,13.0,870,120,370,120,1049.975,753.05,8.975,97.83333333333333,321.0,HB,3.25,2.48,0.33,0.01,0.037,0.05,0.78,2.63
NiCu.2_13mm_*,poprawne_adi,GJS NiCu.2 lub NiCu.2,POPRAWNE_ADI\NiCu.2_120_13mm_1000x,POPRAWNE_ADI\NiCu.2_120_13mm_1000x\NiCu.2_120_13mm_1000x-072.jpg,NiCu.2_120_13mm_1000x-072.jpg,13.0,870,120,370,120,1049.975,753.05,8.975,97.83333333333333,321.0,HB,3.25,2.48,0.33,0.01,0.037,0.05,0.78,2.63
NiCu.2_13mm_*,poprawne_adi,GJS NiCu.2 lub NiCu.2,POPRAWNE_ADI\NiCu.2_120_13mm_1000x,POPRAWNE_ADI\NiCu.2_120_13mm_1000x\NiCu.2_120_13mm_1000x-073.jpg,NiCu.2_120_13mm_1000x-073.jpg,13.0,870,120,370,120,1049.975,753.05,8.975,97.83333333333333,321.0,HB,3.25,2.48,0.33,0.01,0.037,0.05,0.78,2.63
NiCu.2_13mm_*,poprawne_adi,GJS NiCu.2 lub NiCu.2,POPRAWNE_ADI\NiCu.2_120_13mm_1000x,POPRAWNE_ADI\NiCu.2_120_13mm_1000x\NiCu.2_120_13mm_1000x-074.jpg,NiCu.2_120_13mm_1000x-074.jpg,13.0,870,120,370,120,1049.975,753.05,8.975,97.83333333333333,321.0,HB,3.25,2.48,0.33,0.01,0.037,0.05,0.78,2.63
NiCu.2_13mm_*,poprawne_adi,GJS NiCu.2 lub NiCu.2,POPRAWNE_ADI\NiCu.2_120_13mm_1000x,POPRAWNE_ADI\NiCu.2_120_13mm_1000x\NiCu.2_120_13mm_1000x-075.jpg,NiCu.2_120_13mm_1000x-075.jpg,13.0,870,120,370,120,1049.975,753.05,8.975,97.83333333333333,321.0,HB,3.25,2.48,0.33,0.01,0.037,0.05,0.78,2.63
NiCu.2_13mm_*,poprawne_adi,GJS NiCu.2 lub NiCu.2,POPRAWNE_ADI\NiCu.2_120_13mm_1000x,POPRAWNE_ADI\NiCu.2_120_13mm_1000x\NiCu.2_120_13mm_1000x-076.jpg,NiCu.2_120_13mm_1000x-076.jpg,13.0,870,120,370,120,1049.975,753.05,8.975,97.83333333333333,321.0,HB,3.25,2.48,0.33,0.01,0.037,0.05,0.78,2.63
NiCu.2_13mm_*,poprawne_adi,GJS NiCu.2 lub NiCu.2,POPRAWNE_ADI\NiCu.2_120_13mm_1000x,POPRAWNE_ADI\NiCu.2_120_13mm_1000x\NiCu.2_120_13mm_1000x-077.jpg,NiCu.2_120_13mm_1000x-077.jpg,13.0,870,120,370,120,1049.975,753.05,8.975,97.83333333333333,321.0,HB,3.25,2.48,0.33,0.01,0.037,0.05,0.78,2.63
NiCu.2_13mm_*,poprawne_adi,GJS NiCu.2 lub NiCu.2,POPRAWNE_ADI\NiCu.2_120_13mm_1000x,POPRAWNE_ADI\NiCu.2_120_13mm_1000x\NiCu.2_120_13mm_1000x-078.jpg,NiCu.2_120_13mm_1000x-078.jpg,13.0,870,120,370,120,1049.975,753.05,8.975,97.83333333333333,321.0,HB,3.25,2.48,0.33,0.01,0.037,0.05,0.78,2.63
NiCu.2_13mm_*,poprawne_adi,GJS NiCu.2 lub NiCu.2,POPRAWNE_ADI\NiCu.2_120_13mm_1000x,POPRAWNE_ADI\NiCu.2_120_13mm_1000x\NiCu.2_120_13mm_1000x-079.jpg,NiCu.2_120_13mm_1000x-079.jpg,13.0,870,120,370,120,1049.975,753.05,8.975,97.83333333333333,321.0,HB,3.25,2.48,0.33,0.01,0.037,0.05,0.78,2.63
NiCu.2_13mm_*,poprawne_adi,GJS NiCu.2 lub NiCu.2,POPRAWNE_ADI\NiCu.2_120_13mm_1000x,POPRAWNE_ADI\NiCu.2_120_13mm_1000x\NiCu.2_120_13mm_1000x-080.jpg,NiCu.2_120_13mm_1000x-080.jpg,13.0,870,120,370,120,1049.975,753.05,8.975,97.83333333333333,321.0,HB,3.25,2.48,0.33,0.01,0.037,0.05,0.78,2.63
NiCu.2_13mm_*,poprawne_adi,GJS NiCu.2 lub NiCu.2,POPRAWNE_ADI\NiCu.2_120_13mm_1000x,POPRAWNE_ADI\NiCu.2_120_13mm_1000x\NiCu.2_120_13mm_1000x-081.jpg,NiCu.2_120_13mm_1000x-081.jpg,13.0,870,120,370,120,1049.975,753.05,8.975,97.83333333333333,321.0,HB,3.25,2.48,0.33,0.01,0.037,0.05,0.78,2.63
NiCu.2_13mm_*,poprawne_adi,GJS NiCu.2 lub NiCu.2,POPRAWNE_ADI\NiCu.2_120_13mm_1000x,POPRAWNE_ADI\NiCu.2_120_13mm_1000x\NiCu.2_120_13mm_1000x-082.jpg,NiCu.2_120_13mm_1000x-082.jpg,13.0,870,120,370,120,1049.975,753.05,8.975,97.83333333333333,321.0,HB,3.25,2.48,0.33,0.01,0.037,0.05,0.78,2.63
NiCu.2_13mm_*,poprawne_adi,GJS NiCu.2 lub NiCu.2,POPRAWNE_ADI\NiCu.2_120_13mm_1000x,POPRAWNE_ADI\NiCu.2_120_13mm_1000x\NiCu.2_120_13mm_1000x-083.jpg,NiCu.2_120_13mm_1000x-083.jpg,13.0,870,120,370,120,1049.975,753.05,8.975,97.83333333333333,321.0,HB,3.25,2.48,0.33,0.01,0.037,0.05,0.78,2.63
NiCu.2_13mm_*,poprawne_adi,GJS NiCu.2 lub NiCu.2,POPRAWNE_ADI\NiCu.2_120_13mm_1000x,POPRAWNE_ADI\NiCu.2_120_13mm_1000x\NiCu.2_120_13mm_1000x-084.jpg,NiCu.2_120_13mm_1000x-084.jpg,13.0,870,120,370,120,1049.975,753.05,8.975,97.83333333333333,321.0,HB,3.25,2.48,0.33,0.01,0.037,0.05,0.78,2.63
NiCu.2_13mm_*,poprawne_adi,GJS NiCu.2 lub NiCu.2,POPRAWNE_ADI\NiCu.2_120_13mm_1000x,POPRAWNE_ADI\NiCu.2_120_13mm_1000x\NiCu.2_120_13mm_1000x-085.jpg,NiCu.2_120_13mm_1000x-085.jpg,13.0,870,120,370,120,1049.975,753.05,8.975,97.83333333333333,321.0,HB,3.25,2.48,0.33,0.01,0.037,0.05,0.78,2.63
NiCu.2_13mm_*,poprawne_adi,GJS NiCu.2 lub NiCu.2,POPRAWNE_ADI\NiCu.2_120_13mm_1000x,POPRAWNE_ADI\NiCu.2_120_13mm_1000x\NiCu.2_120_13mm_1000x-086.jpg,NiCu.2_120_13mm_1000x-086.jpg,13.0,870,120,370,120,1049.975,753.05,8.975,97.83333333333333,321.0,HB,3.25,2.48,0.33,0.01,0.037,0.05,0.78,2.63
NiCu.2_13mm_*,poprawne_adi,GJS NiCu.2 lub NiCu.2,POPRAWNE_ADI\NiCu.2_120_13mm_1000x,POPRAWNE_ADI\NiCu.2_120_13mm_1000x\NiCu.2_120_13mm_1000x-087.jpg,NiCu.2_120_13mm_1000x-087.jpg,13.0,870,120,370,120,1049.975,753.05,8.975,97.83333333333333,321.0,HB,3.25,2.48,0.33,0.01,0.037,0.05,0.78,2.63
NiCu.2_13mm_*,poprawne_adi,GJS NiCu.2 lub NiCu.2,POPRAWNE_ADI\NiCu.2_120_13mm_1000x,POPRAWNE_ADI\NiCu.2_120_13mm_1000x\NiCu.2_120_13mm_1000x-088.jpg,NiCu.2_120_13mm_1000x-088.jpg,13.0,870,120,370,120,1049.975,753.05,8.975,97.83333333333333,321.0,HB,3.25,2.48,0.33,0.01,0.037,0.05,0.78,2.63
NiCu.2_13mm_*,poprawne_adi,GJS NiCu.2 lub NiCu.2,POPRAWNE_ADI\NiCu.2_120_13mm_1000x,POPRAWNE_ADI\NiCu.2_120_13mm_1000x\NiCu.2_120_13mm_1000x-089.jpg,NiCu.2_120_13mm_1000x-089.jpg,13.0,870,120,370,120,1049.975,753.05,8.975,97.83333333333333,321.0,HB,3.25,2.48,0.33,0.01,0.037,0.05,0.78,2.63
NiCu.2_13mm_*,poprawne_adi,GJS NiCu.2 lub NiCu.2,POPRAWNE_ADI\NiCu.2_120_13mm_1000x,POPRAWNE_ADI\NiCu.2_120_13mm_1000x\NiCu.2_120_13mm_1000x-090.jpg,NiCu.2_120_13mm_1000x-090.jpg,13.0,870,120,370,120,1049.975,753.05,8.975,97.83333333333333,321.0,HB,3.25,2.48,0.33,0.01,0.037,0.05,0.78,2.63
NiCu.2_13mm_*,poprawne_adi,GJS NiCu.2 lub NiCu.2,POPRAWNE_ADI\NiCu.2_120_13mm_1000x,POPRAWNE_ADI\NiCu.2_120_13mm_1000x\NiCu.2_120_13mm_1000x-091.jpg,NiCu.2_120_13mm_1000x-091.jpg,13.0,870,120,370,120,1049.975,753.05,8.975,97.83333333333333,321.0,HB,3.25,2.48,0.33,0.01,0.037,0.05,0.78,2.63
NiCu.2_13mm_*,poprawne_adi,GJS NiCu.2 lub NiCu.2,POPRAWNE_ADI\NiCu.2_120_13mm_1000x,POPRAWNE_ADI\NiCu.2_120_13mm_1000x\NiCu.2_120_13mm_1000x-092.jpg,NiCu.2_120_13mm_1000x-092.jpg,13.0,870,120,370,120,1049.975,753.05,8.975,97.83333333333333,321.0,HB,3.25,2.48,0.33,0.01,0.037,0.05,0.78,2.63
NiCu.2_13mm_*,poprawne_adi,GJS NiCu.2 lub NiCu.2,POPRAWNE_ADI\NiCu.2_120_13mm_1000x,POPRAWNE_ADI\NiCu.2_120_13mm_1000x\NiCu.2_120_13mm_1000x-093.jpg,NiCu.2_120_13mm_1000x-093.jpg,13.0,870,120,370,120,1049.975,753.05,8.975,97.83333333333333,321.0,HB,3.25,2.48,0.33,0.01,0.037,0.05,0.78,2.63
NiCu.2_13mm_*,poprawne_adi,GJS NiCu.2 lub NiCu.2,POPRAWNE_ADI\NiCu.2_120_13mm_1000x,POPRAWNE_ADI\NiCu.2_120_13mm_1000x\NiCu.2_120_13mm_1000x-094.jpg,NiCu.2_120_13mm_1000x-094.jpg,13.0,870,120,370,120,1049.975,753.05,8.975,97.83333333333333,321.0,HB,3.25,2.48,0.33,0.01,0.037,0.05,0.78,2.63
NiCu.2_13mm_*,poprawne_adi,GJS NiCu.2 lub NiCu.2,POPRAWNE_ADI\NiCu.2_120_13mm_1000x,POPRAWNE_ADI\NiCu.2_120_13mm_1000x\NiCu.2_120_13mm_1000x-095.jpg,NiCu.2_120_13mm_1000x-095.jpg,13.0,870,120,370,120,1049.975,753.05,8.975,97.83333333333333,321.0,HB,3.25,2.48,0.33,0.01,0.037,0.05,0.78,2.63
NiCu.2_13mm_*,poprawne_adi,GJS NiCu.2 lub NiCu.2,POPRAWNE_ADI\NiCu.2_120_13mm_1000x,POPRAWNE_ADI\NiCu.2_120_13mm_1000x\NiCu.2_120_13mm_1000x-096.jpg,NiCu.2_120_13mm_1000x-096.jpg,13.0,870,120,370,120,1049.975,753.05,8.975,97.83333333333333,321.0,HB,3.25,2.48,0.33,0.01,0.037,0.05,0.78,2.63
NiCu.2_13mm_*,poprawne_adi,GJS NiCu.2 lub NiCu.2,POPRAWNE_ADI\NiCu.2_120_13mm_1000x,POPRAWNE_ADI\NiCu.2_120_13mm_1000x\NiCu.2_120_13mm_1000x-097.jpg,NiCu.2_120_13mm_1000x-097.jpg,13.0,870,120,370,120,1049.975,753.05,8.975,97.83333333333333,321.0,HB,3.25,2.48,0.33,0.01,0.037,0.05,0.78,2.63
NiCu.2_13mm_*,poprawne_adi,GJS NiCu.2 lub NiCu.2,POPRAWNE_ADI\NiCu.2_120_13mm_1000x,POPRAWNE_ADI\NiCu.2_120_13mm_1000x\NiCu.2_120_13mm_1000x-098.jpg,NiCu.2_120_13mm_1000x-098.jpg,13.0,870,120,370,120,1049.975,753.05,8.975,97.83333333333333,321.0,HB,3.25,2.48,0.33,0.01,0.037,0.05,0.78,2.63
NiCu.2_13mm_*,poprawne_adi,GJS NiCu.2 lub NiCu.2,POPRAWNE_ADI\NiCu.2_120_13mm_1000x,POPRAWNE_ADI\NiCu.2_120_13mm_1000x\NiCu.2_120_13mm_1000x-099.jpg,NiCu.2_120_13mm_1000x-099.jpg,13.0,870,120,370,120,1049.975,753.05,8.975,97.83333333333333,321.0,HB,3.25,2.48,0.33,0.01,0.037,0.05,0.78,2.63
NiCu.2_13mm_*,poprawne_adi,GJS NiCu.2 lub NiCu.2,POPRAWNE_ADI\NiCu.2_120_13mm_1000x,POPRAWNE_ADI\NiCu.2_120_13mm_1000x\NiCu.2_120_13mm_1000x-100.jpg,NiCu.2_120_13mm_1000x-100.jpg,13.0,870,120,370,120,1049.975,753.05,8.975,97.83333333333333,321.0,HB,3.25,2.48,0.33,0.01,0.037,0.05,0.78,2.63
NiCu.2_13mm_*,poprawne_adi,GJS NiCu.2 lub NiCu.2,POPRAWNE_ADI\NiCu.2_120_13mm_1000x,POPRAWNE_ADI\NiCu.2_120_13mm_1000x\NiCu.2_120_13mm_1000x-101.jpg,NiCu.2_120_13mm_1000x-101.jpg,13.0,870,120,370,120,1049.975,753.05,8.975,97.83333333333333,321.0,HB,3.25,2.48,0.33,0.01,0.037,0.05,0.78,2.63
NiCu.2_13mm_*,poprawne_adi,GJS NiCu.2 lub NiCu.2,POPRAWNE_ADI\NiCu.2_120_13mm_1000x,POPRAWNE_ADI\NiCu.2_120_13mm_1000x\NiCu.2_120_13mm_1000x-102.jpg,NiCu.2_120_13mm_1000x-102.jpg,13.0,870,120,370,120,1049.975,753.05,8.975,97.83333333333333,321.0,HB,3.25,2.48,0.33,0.01,0.037,0.05,0.78,2.63
NiCu.2_13mm_*,poprawne_adi,GJS NiCu.2 lub NiCu.2,POPRAWNE_ADI\NiCu.2_120_13mm_1000x,POPRAWNE_ADI\NiCu.2_120_13mm_1000x\NiCu.2_120_13mm_1000x-103.jpg,NiCu.2_120_13mm_1000x-103.jpg,13.0,870,120,370,120,1049.975,753.05,8.975,97.83333333333333,321.0,HB,3.25,2.48,0.33,0.01,0.037,0.05,0.78,2.63
NiCu.2_13mm_*,poprawne_adi,GJS NiCu.2 lub NiCu.2,POPRAWNE_ADI\NiCu.2_120_13mm_1000x,POPRAWNE_ADI\NiCu.2_120_13mm_1000x\NiCu.2_120_13mm_1000x-104.jpg,NiCu.2_120_13mm_1000x-104.jpg,13.0,870,120,370,120,1049.975,753.05,8.975,97.83333333333333,321.0,HB,3.25,2.48,0.33,0.01,0.037,0.05,0.78,2.63
NiCu.2_13mm_*,poprawne_adi,GJS NiCu.2 lub NiCu.2,POPRAWNE_ADI\NiCu.2_120_13mm_1000x,POPRAWNE_ADI\NiCu.2_120_13mm_1000x\NiCu.2_120_13mm_1000x-105.jpg,NiCu.2_120_13mm_1000x-105.jpg,13.0,870,120,370,120,1049.975,753.05,8.975,97.83333333333333,321.0,HB,3.25,2.48,0.33,0.01,0.037,0.05,0.78,2.63
NiCu.2_13mm_*,poprawne_adi,GJS NiCu.2 lub NiCu.2,POPRAWNE_ADI\NiCu.2_120_13mm_1000x,POPRAWNE_ADI\NiCu.2_120_13mm_1000x\NiCu.2_120_13mm_1000x-106.jpg,NiCu.2_120_13mm_1000x-106.jpg,13.0,870,120,370,120,1049.975,753.05,8.975,97.83333333333333,321.0,HB,3.25,2.48,0.33,0.01,0.037,0.05,0.78,2.63
NiCu.2_13mm_*,poprawne_adi,GJS NiCu.2 lub NiCu.2,POPRAWNE_ADI\NiCu.2_120_13mm_1000x,POPRAWNE_ADI\NiCu.2_120_13mm_1000x\NiCu.2_120_13mm_1000x-107.jpg,NiCu.2_120_13mm_1000x-107.jpg,13.0,870,120,370,120,1049.975,753.05,8.975,97.83333333333333,321.0,HB,3.25,2.48,0.33,0.01,0.037,0.05,0.78,2.63
NiCu.2_13mm_*,poprawne_adi,GJS NiCu.2 lub NiCu.2,POPRAWNE_ADI\NiCu.2_120_13mm_1000x,POPRAWNE_ADI\NiCu.2_120_13mm_1000x\NiCu.2_120_13mm_1000x-108.jpg,NiCu.2_120_13mm_1000x-108.jpg,13.0,870,120,370,120,1049.975,753.05,8.975,97.83333333333333,321.0,HB,3.25,2.48,0.33,0.01,0.037,0.05,0.78,2.63
NiCu.2_13mm_*,poprawne_adi,GJS NiCu.2 lub NiCu.2,POPRAWNE_ADI\NiCu.2_120_13mm_1000x,POPRAWNE_ADI\NiCu.2_120_13mm_1000x\NiCu.2_120_13mm_1000x-109.jpg,NiCu.2_120_13mm_1000x-109.jpg,13.0,870,120,370,120,1049.975,753.05,8.975,97.83333333333333,321.0,HB,3.25,2.48,0.33,0.01,0.037,0.05,0.78,2.63
NiCu.2_13mm_*,poprawne_adi,GJS NiCu.2 lub NiCu.2,POPRAWNE_ADI\NiCu.2_120_13mm_1000x,POPRAWNE_ADI\NiCu.2_120_13mm_1000x\NiCu.2_120_13mm_1000x-110.jpg,NiCu.2_120_13mm_1000x-110.jpg,13.0,870,120,370,120,1049.975,753.05,8.975,97.83333333333333,321.0,HB,3.25,2.48,0.33,0.01,0.037,0.05,0.78,2.63
NiCu.2_13mm_*,poprawne_adi,GJS NiCu.2 lub NiCu.2,POPRAWNE_ADI\NiCu.2_120_13mm_1000x,POPRAWNE_ADI\NiCu.2_120_13mm_1000x\NiCu.2_120_13mm_1000x-111.jpg,NiCu.2_120_13mm_1000x-111.jpg,13.0,870,120,370,120,1049.975,753.05,8.975,97.83333333333333,321.0,HB,3.25,2.48,0.33,0.01,0.037,0.05,0.78,2.63
NiCu.2_13mm_*,poprawne_adi,GJS NiCu.2 lub NiCu.2,POPRAWNE_ADI\NiCu.2_120_13mm_1000x,POPRAWNE_ADI\NiCu.2_120_13mm_1000x\NiCu.2_120_13mm_1000x-112.jpg,NiCu.2_120_13mm_1000x-112.jpg,13.0,870,120,370,120,1049.975,753.05,8.975,97.83333333333333,321.0,HB,3.25,2.48,0.33,0.01,0.037,0.05,0.78,2.63
NiCu.2_13mm_*,poprawne_adi,GJS NiCu.2 lub NiCu.2,POPRAWNE_ADI\NiCu.2_120_13mm_1000x,POPRAWNE_ADI\NiCu.2_120_13mm_1000x\NiCu.2_120_13mm_1000x-113.jpg,NiCu.2_120_13mm_1000x-113.jpg,13.0,870,120,370,120,1049.975,753.05,8.975,97.83333333333333,321.0,HB,3.25,2.48,0.33,0.01,0.037,0.05,0.78,2.63
NiCu.2_13mm_*,poprawne_adi,GJS NiCu.2 lub NiCu.2,POPRAWNE_ADI\NiCu.2_120_13mm_1000x,POPRAWNE_ADI\NiCu.2_120_13mm_1000x\NiCu.2_120_13mm_1000x-114.jpg,NiCu.2_120_13mm_1000x-114.jpg,13.0,870,120,370,120,1049.975,753.05,8.975,97.83333333333333,321.0,HB,3.25,2.48,0.33,0.01,0.037,0.05,0.78,2.63
NiCu.2_13mm_*,poprawne_adi,GJS NiCu.2 lub NiCu.2,POPRAWNE_ADI\NiCu.2_120_13mm_1000x,POPRAWNE_ADI\NiCu.2_120_13mm_1000x\NiCu.2_120_13mm_1000x-115.jpg,NiCu.2_120_13mm_1000x-115.jpg,13.0,870,120,370,120,1049.975,753.05,8.975,97.83333333333333,321.0,HB,3.25,2.48,0.33,0.01,0.037,0.05,0.78,2.63
NiCu.2_13mm_*,poprawne_adi,GJS NiCu.2 lub NiCu.2,POPRAWNE_ADI\NiCu.2_120_13mm_1000x,POPRAWNE_ADI\NiCu.2_120_13mm_1000x\NiCu.2_120_13mm_1000x-116.jpg,NiCu.2_120_13mm_1000x-116.jpg,13.0,870,120,370,120,1049.975,753.05,8.975,97.83333333333333,321.0,HB,3.25,2.48,0.33,0.01,0.037,0.05,0.78,2.63
NiCu.2_13mm_*,poprawne_adi,GJS NiCu.2 lub NiCu.2,POPRAWNE_ADI\NiCu.2_120_13mm_1000x,POPRAWNE_ADI\NiCu.2_120_13mm_1000x\NiCu.2_120_13mm_1000x-117.jpg,NiCu.2_120_13mm_1000x-117.jpg,13.0,870,120,370,120,1049.975,753.05,8.975,97.83333333333333,321.0,HB,3.25,2.48,0.33,0.01,0.037,0.05,0.78,2.63
NiCu.2_13mm_*,poprawne_adi,GJS NiCu.2 lub NiCu.2,POPRAWNE_ADI\NiCu.2_120_13mm_1000x,POPRAWNE_ADI\NiCu.2_120_13mm_1000x\NiCu.2_120_13mm_1000x-118.jpg,NiCu.2_120_13mm_1000x-118.jpg,13.0,870,120,370,120,1049.975,753.05,8.975,97.83333333333333,321.0,HB,3.25,2.48,0.33,0.01,0.037,0.05,0.78,2.63
NiCu.2_13mm_*,poprawne_adi,GJS NiCu.2 lub NiCu.2,POPRAWNE_ADI\NiCu.2_120_13mm_1000x,POPRAWNE_ADI\NiCu.2_120_13mm_1000x\NiCu.2_120_13mm_1000x-119.jpg,NiCu.2_120_13mm_1000x-119.jpg,13.0,870,120,370,120,1049.975,753.05,8.975,97.83333333333333,321.0,HB,3.25,2.48,0.33,0.01,0.037,0.05,0.78,2.63
NiCu.2_13mm_*,poprawne_adi,GJS NiCu.2 lub NiCu.2,POPRAWNE_ADI\NiCu.2_120_13mm_1000x,POPRAWNE_ADI\NiCu.2_120_13mm_1000x\NiCu.2_120_13mm_1000x-120.jpg,NiCu.2_120_13mm_1000x-120.jpg,13.0,870,120,370,120,1049.975,753.05,8.975,97.83333333333333,321.0,HB,3.25,2.48,0.33,0.01,0.037,0.05,0.78,2.63
NiCu.2_13mm_*,poprawne_adi,GJS NiCu.2 lub NiCu.2,POPRAWNE_ADI\NiCu.2_120_13mm_1000x,POPRAWNE_ADI\NiCu.2_120_13mm_1000x\NiCu.2_120_13mm_1000x-121.jpg,NiCu.2_120_13mm_1000x-121.jpg,13.0,870,120,370,120,1049.975,753.05,8.975,97.83333333333333,321.0,HB,3.25,2.48,0.33,0.01,0.037,0.05,0.78,2.63
NiCu.2_13mm_*,poprawne_adi,GJS NiCu.2 lub NiCu.2,POPRAWNE_ADI\NiCu.2_120_13mm_1000x,POPRAWNE_ADI\NiCu.2_120_13mm_1000x\NiCu.2_120_13mm_1000x-122.jpg,NiCu.2_120_13mm_1000x-122.jpg,13.0,870,120,370,120,1049.975,753.05,8.975,97.83333333333333,321.0,HB,3.25,2.48,0.33,0.01,0.037,0.05,0.78,2.63
NiCu.2_13mm_*,poprawne_adi,GJS NiCu.2 lub NiCu.2,POPRAWNE_ADI\NiCu.2_120_13mm_1000x,POPRAWNE_ADI\NiCu.2_120_13mm_1000x\NiCu.2_120_13mm_1000x-123.jpg,NiCu.2_120_13mm_1000x-123.jpg,13.0,870,120,370,120,1049.975,753.05,8.975,97.83333333333333,321.0,HB,3.25,2.48,0.33,0.01,0.037,0.05,0.78,2.63
NiCu.2_13mm_*,poprawne_adi,GJS NiCu.2 lub NiCu.2,POPRAWNE_ADI\NiCu.2_120_13mm_1000x,POPRAWNE_ADI\NiCu.2_120_13mm_1000x\NiCu.2_120_13mm_1000x-124.jpg,NiCu.2_120_13mm_1000x-124.jpg,13.0,870,120,370,120,1049.975,753.05,8.975,97.83333333333333,321.0,HB,3.25,2.48,0.33,0.01,0.037,0.05,0.78,2.63
NiCu.2_13mm_*,poprawne_adi,GJS NiCu.2 lub NiCu.2,POPRAWNE_ADI\NiCu.2_120_13mm_1000x,POPRAWNE_ADI\NiCu.2_120_13mm_1000x\NiCu.2_120_13mm_1000x-125.jpg,NiCu.2_120_13mm_1000x-125.jpg,13.0,870,120,370,120,1049.975,753.05,8.975,97.83333333333333,321.0,HB,3.25,2.48,0.33,0.01,0.037,0.05,0.78,2.63
NiCu.2_13mm_*,poprawne_adi,GJS NiCu.2 lub NiCu.2,POPRAWNE_ADI\NiCu.2_120_13mm_1000x,POPRAWNE_ADI\NiCu.2_120_13mm_1000x\NiCu.2_120_13mm_1000x-126.jpg,NiCu.2_120_13mm_1000x-126.jpg,13.0,870,120,370,120,1049.975,753.05,8.975,97.83333333333333,321.0,HB,3.25,2.48,0.33,0.01,0.037,0.05,0.78,2.63
NiCu.2_13mm_*,poprawne_adi,GJS NiCu.2 lub NiCu.2,POPRAWNE_ADI\NiCu.2_120_13mm_1000x,POPRAWNE_ADI\NiCu.2_120_13mm_1000x\NiCu.2_120_13mm_1000x-127.jpg,NiCu.2_120_13mm_1000x-127.jpg,13.0,870,120,370,120,1049.975,753.05,8.975,97.83333333333333,321.0,HB,3.25,2.48,0.33,0.01,0.037,0.05,0.78,2.63
NiCu.2_13mm_*,poprawne_adi,GJS NiCu.2 lub NiCu.2,POPRAWNE_ADI\NiCu.2_120_13mm_1000x,POPRAWNE_ADI\NiCu.2_120_13mm_1000x\NiCu.2_120_13mm_1000x-128.jpg,NiCu.2_120_13mm_1000x-128.jpg,13.0,870,120,370,120,1049.975,753.05,8.975,97.83333333333333,321.0,HB,3.25,2.48,0.33,0.01,0.037,0.05,0.78,2.63
NiCu.2_13mm_*,poprawne_adi,GJS NiCu.2 lub NiCu.2,POPRAWNE_ADI\NiCu.2_120_13mm_1000x,POPRAWNE_ADI\NiCu.2_120_13mm_1000x\NiCu.2_120_13mm_1000x-129.jpg,NiCu.2_120_13mm_1000x-129.jpg,13.0,870,120,370,120,1049.975,753.05,8.975,97.83333333333333,321.0,HB,3.25,2.48,0.33,0.01,0.037,0.05,0.78,2.63
NiCu.2_13mm_*,poprawne_adi,GJS NiCu.2 lub NiCu.2,POPRAWNE_ADI\NiCu.2_120_13mm_1000x,POPRAWNE_ADI\NiCu.2_120_13mm_1000x\NiCu.2_120_13mm_1000x-130.jpg,NiCu.2_120_13mm_1000x-130.jpg,13.0,870,120,370,120,1049.975,753.05,8.975,97.83333333333333,321.0,HB,3.25,2.48,0.33,0.01,0.037,0.05,0.78,2.63
NiCu.2_13mm_*,poprawne_adi,GJS NiCu.2 lub NiCu.2,POPRAWNE_ADI\NiCu.2_120_13mm_1000x,POPRAWNE_ADI\NiCu.2_120_13mm_1000x\NiCu.2_120_13mm_1000x-131.jpg,NiCu.2_120_13mm_1000x-131.jpg,13.0,870,120,370,120,1049.975,753.05,8.975,97.83333333333333,321.0,HB,3.25,2.48,0.33,0.01,0.037,0.05,0.78,2.63
NiCu.2_13mm_*,poprawne_adi,GJS NiCu.2 lub NiCu.2,POPRAWNE_ADI\NiCu.2_120_13mm_1000x,POPRAWNE_ADI\NiCu.2_120_13mm_1000x\NiCu.2_120_13mm_1000x-132.jpg,NiCu.2_120_13mm_1000x-132.jpg,13.0,870,120,370,120,1049.975,753.05,8.975,97.83333333333333,321.0,HB,3.25,2.48,0.33,0.01,0.037,0.05,0.78,2.63
NiCu.2_13mm_*,poprawne_adi,GJS NiCu.2 lub NiCu.2,POPRAWNE_ADI\NiCu.2_120_13mm_1000x,POPRAWNE_ADI\NiCu.2_120_13mm_1000x\NiCu.2_120_13mm_1000x-133.jpg,NiCu.2_120_13mm_1000x-133.jpg,13.0,870,120,370,120,1049.975,753.05,8.975,97.83333333333333,321.0,HB,3.25,2.48,0.33,0.01,0.037,0.05,0.78,2.63
NiCu.2_13mm_*,poprawne_adi,GJS NiCu.2 lub NiCu.2,POPRAWNE_ADI\NiCu.2_120_13mm_1000x,POPRAWNE_ADI\NiCu.2_120_13mm_1000x\NiCu.2_120_13mm_1000x-134.jpg,NiCu.2_120_13mm_1000x-134.jpg,13.0,870,120,370,120,1049.975,753.05,8.975,97.83333333333333,321.0,HB,3.25,2.48,0.33,0.01,0.037,0.05,0.78,2.63
NiCu.2_13mm_*,poprawne_adi,GJS NiCu.2 lub NiCu.2,POPRAWNE_ADI\NiCu.2_120_13mm_1000x,POPRAWNE_ADI\NiCu.2_120_13mm_1000x\NiCu.2_120_13mm_1000x-135.jpg,NiCu.2_120_13mm_1000x-135.jpg,13.0,870,120,370,120,1049.975,753.05,8.975,97.83333333333333,321.0,HB,3.25,2.48,0.33,0.01,0.037,0.05,0.78,2.63
NiCu.2_13mm_*,poprawne_adi,GJS NiCu.2 lub NiCu.2,POPRAWNE_ADI\NiCu.2_120_13mm_1000x,POPRAWNE_ADI\NiCu.2_120_13mm_1000x\NiCu.2_120_13mm_1000x-136.jpg,NiCu.2_120_13mm_1000x-136.jpg,13.0,870,120,370,120,1049.975,753.05,8.975,97.83333333333333,321.0,HB,3.25,2.48,0.33,0.01,0.037,0.05,0.78,2.63
NiCu.2_13mm_*,poprawne_adi,GJS NiCu.2 lub NiCu.2,POPRAWNE_ADI\NiCu.2_120_13mm_1000x,POPRAWNE_ADI\NiCu.2_120_13mm_1000x\NiCu.2_120_13mm_1000x-137.jpg,NiCu.2_120_13mm_1000x-137.jpg,13.0,870,120,370,120,1049.975,753.05,8.975,97.83333333333333,321.0,HB,3.25,2.48,0.33,0.01,0.037,0.05,0.78,2.63
NiCu.2_13mm_*,poprawne_adi,GJS NiCu.2 lub NiCu.2,POPRAWNE_ADI\NiCu.2_120_13mm_1000x,POPRAWNE_ADI\NiCu.2_120_13mm_1000x\NiCu.2_120_13mm_1000x-138.jpg,NiCu.2_120_13mm_1000x-138.jpg,13.0,870,120,370,120,1049.975,753.05,8.975,97.83333333333333,321.0,HB,3.25,2.48,0.33,0.01,0.037,0.05,0.78,2.63
NiCu.2_13mm_*,poprawne_adi,GJS NiCu.2 lub NiCu.2,POPRAWNE_ADI\NiCu.2_120_13mm_1000x,POPRAWNE_ADI\NiCu.2_120_13mm_1000x\NiCu.2_120_13mm_1000x-139.jpg,NiCu.2_120_13mm_1000x-139.jpg,13.0,870,120,370,120,1049.975,753.05,8.975,97.83333333333333,321.0,HB,3.25,2.48,0.33,0.01,0.037,0.05,0.78,2.63
NiCu.2_13mm_*,poprawne_adi,GJS NiCu.2 lub NiCu.2,POPRAWNE_ADI\NiCu.2_120_13mm_1000x,POPRAWNE_ADI\NiCu.2_120_13mm_1000x\NiCu.2_120_13mm_1000x-140.jpg,NiCu.2_120_13mm_1000x-140.jpg,13.0,870,120,370,120,1049.975,753.05,8.975,97.83333333333333,321.0,HB,3.25,2.48,0.33,0.01,0.037,0.05,0.78,2.63
NiCu.2_13mm_*,poprawne_adi,GJS NiCu.2 lub NiCu.2,POPRAWNE_ADI\NiCu.2_120_13mm_1000x,POPRAWNE_ADI\NiCu.2_120_13mm_1000x\NiCu.2_120_13mm_1000x-141.jpg,NiCu.2_120_13mm_1000x-141.jpg,13.0,870,120,370,120,1049.975,753.05,8.975,97.83333333333333,321.0,HB,3.25,2.48,0.33,0.01,0.037,0.05,0.78,2.63
NiCu.2_13mm_*,poprawne_adi,GJS NiCu.2 lub NiCu.2,POPRAWNE_ADI\NiCu.2_120_13mm_1000x,POPRAWNE_ADI\NiCu.2_120_13mm_1000x\NiCu.2_120_13mm_1000x-142.jpg,NiCu.2_120_13mm_1000x-142.jpg,13.0,870,120,370,120,1049.975,753.05,8.975,97.83333333333333,321.0,HB,3.25,2.48,0.33,0.01,0.037,0.05,0.78,2.63
NiCu.2_13mm_*,poprawne_adi,GJS NiCu.2 lub NiCu.2,POPRAWNE_ADI\NiCu.2_120_13mm_1000x,POPRAWNE_ADI\NiCu.2_120_13mm_1000x\NiCu.2_120_13mm_1000x-143.jpg,NiCu.2_120_13mm_1000x-143.jpg,13.0,870,120,370,120,1049.975,753.05,8.975,97.83333333333333,321.0,HB,3.25,2.48,0.33,0.01,0.037,0.05,0.78,2.63
NiCu.2_13mm_*,poprawne_adi,GJS NiCu.2 lub NiCu.2,POPRAWNE_ADI\NiCu.2_120_13mm_1000x,POPRAWNE_ADI\NiCu.2_120_13mm_1000x\NiCu.2_120_13mm_1000x-144.jpg,NiCu.2_120_13mm_1000x-144.jpg,13.0,870,120,370,120,1049.975,753.05,8.975,97.83333333333333,321.0,HB,3.25,2.48,0.33,0.01,0.037,0.05,0.78,2.63
NiCu.2_13mm_*,poprawne_adi,GJS NiCu.2 lub NiCu.2,POPRAWNE_ADI\NiCu.2_120_13mm_1000x,POPRAWNE_ADI\NiCu.2_120_13mm_1000x\NiCu.2_120_13mm_1000x-145.jpg,NiCu.2_120_13mm_1000x-145.jpg,13.0,870,120,370,120,1049.975,753.05,8.975,97.83333333333333,321.0,HB,3.25,2.48,0.33,0.01,0.037,0.05,0.78,2.63
NiCu.2_13mm_*,poprawne_adi,GJS NiCu.2 lub NiCu.2,POPRAWNE_ADI\NiCu.2_120_13mm_1000x,POPRAWNE_ADI\NiCu.2_120_13mm_1000x\NiCu.2_120_13mm_1000x-146.jpg,NiCu.2_120_13mm_1000x-146.jpg,13.0,870,120,370,120,1049.975,753.05,8.975,97.83333333333333,321.0,HB,3.25,2.48,0.33,0.01,0.037,0.05,0.78,2.63
NiCu.2_13mm_*,poprawne_adi,GJS NiCu.2 lub NiCu.2,POPRAWNE_ADI\NiCu.2_120_13mm_1000x,POPRAWNE_ADI\NiCu.2_120_13mm_1000x\NiCu.2_120_13mm_1000x-147.jpg,NiCu.2_120_13mm_1000x-147.jpg,13.0,870,120,370,120,1049.975,753.05,8.975,97.83333333333333,321.0,HB,3.25,2.48,0.33,0.01,0.037,0.05,0.78,2.63
NiCu.2_13mm_*,poprawne_adi,GJS NiCu.2 lub NiCu.2,POPRAWNE_ADI\NiCu.2_120_13mm_1000x,POPRAWNE_ADI\NiCu.2_120_13mm_1000x\NiCu.2_120_13mm_1000x-148.jpg,NiCu.2_120_13mm_1000x-148.jpg,13.0,870,120,370,120,1049.975,753.05,8.975,97.83333333333333,321.0,HB,3.25,2.48,0.33,0.01,0.037,0.05,0.78,2.63
NiCu.2_13mm_*,poprawne_adi,GJS NiCu.2 lub NiCu.2,POPRAWNE_ADI\NiCu.2_120_13mm_1000x,POPRAWNE_ADI\NiCu.2_120_13mm_1000x\NiCu.2_120_13mm_1000x-149.jpg,NiCu.2_120_13mm_1000x-149.jpg,13.0,870,120,370,120,1049.975,753.05,8.975,97.83333333333333,321.0,HB,3.25,2.48,0.33,0.01,0.037,0.05,0.78,2.63
NiCu.2_13mm_*,poprawne_adi,GJS NiCu.2 lub NiCu.2,POPRAWNE_ADI\NiCu.2_120_13mm_1000x,POPRAWNE_ADI\NiCu.2_120_13mm_1000x\NiCu.2_120_13mm_1000x-150.jpg,NiCu.2_120_13mm_1000x-150.jpg,13.0,870,120,370,120,1049.975,753.05,8.975,97.83333333333333,321.0,HB,3.25,2.48,0.33,0.01,0.037,0.05,0.78,2.63
NiCu.2_13mm_*,poprawne_adi,GJS NiCu.2 lub NiCu.2,POPRAWNE_ADI\NiCu.2_120_13mm_1000x,POPRAWNE_ADI\NiCu.2_120_13mm_1000x\NiCu.2_120_13mm_1000x-151.jpg,NiCu.2_120_13mm_1000x-151.jpg,13.0,870,120,370,120,1049.975,753.05,8.975,97.83333333333333,321.0,HB,3.25,2.48,0.33,0.01,0.037,0.05,0.78,2.63
NiCu.2_13mm_*,poprawne_adi,GJS NiCu.2 lub NiCu.2,POPRAWNE_ADI\NiCu.2_120_13mm_1000x,POPRAWNE_ADI\NiCu.2_120_13mm_1000x\NiCu.2_120_13mm_1000x-152.jpg,NiCu.2_120_13mm_1000x-152.jpg,13.0,870,120,370,120,1049.975,753.05,8.975,97.83333333333333,321.0,HB,3.25,2.48,0.33,0.01,0.037,0.05,0.78,2.63
NiCu.2_13mm_*,poprawne_adi,GJS NiCu.2 lub NiCu.2,POPRAWNE_ADI\NiCu.2_120_13mm_1000x,POPRAWNE_ADI\NiCu.2_120_13mm_1000x\NiCu.2_120_13mm_1000x-153.jpg,NiCu.2_120_13mm_1000x-153.jpg,13.0,870,120,370,120,1049.975,753.05,8.975,97.83333333333333,321.0,HB,3.25,2.48,0.33,0.01,0.037,0.05,0.78,2.63
NiCu.2_13mm_*,poprawne_adi,GJS NiCu.2 lub NiCu.2,POPRAWNE_ADI\NiCu.2_120_13mm_1000x,POPRAWNE_ADI\NiCu.2_120_13mm_1000x\NiCu.2_120_13mm_1000x-154.jpg,NiCu.2_120_13mm_1000x-154.jpg,13.0,870,120,370,120,1049.975,753.05,8.975,97.83333333333333,321.0,HB,3.25,2.48,0.33,0.01,0.037,0.05,0.78,2.63
NiCu.2_13mm_*,poprawne_adi,GJS NiCu.2 lub NiCu.2,POPRAWNE_ADI\NiCu.2_120_13mm_1000x,POPRAWNE_ADI\NiCu.2_120_13mm_1000x\NiCu.2_120_13mm_1000x-155.jpg,NiCu.2_120_13mm_1000x-155.jpg,13.0,870,120,370,120,1049.975,753.05,8.975,97.83333333333333,321.0,HB,3.25,2.48,0.33,0.01,0.037,0.05,0.78,2.63
NiCu.2_13mm_*,poprawne_adi,GJS NiCu.2 lub NiCu.2,POPRAWNE_ADI\NiCu.2_120_13mm_1000x,POPRAWNE_ADI\NiCu.2_120_13mm_1000x\NiCu.2_120_13mm_1000x-156.jpg,NiCu.2_120_13mm_1000x-156.jpg,13.0,870,120,370,120,1049.975,753.05,8.975,97.83333333333333,321.0,HB,3.25,2.48,0.33,0.01,0.037,0.05,0.78,2.63
NiCu.2_13mm_*,poprawne_adi,GJS NiCu.2 lub NiCu.2,POPRAWNE_ADI\NiCu.2_120_13mm_1000x,POPRAWNE_ADI\NiCu.2_120_13mm_1000x\NiCu.2_120_13mm_1000x-157.jpg,NiCu.2_120_13mm_1000x-157.jpg,13.0,870,120,370,120,1049.975,753.05,8.975,97.83333333333333,321.0,HB,3.25,2.48,0.33,0.01,0.037,0.05,0.78,2.63
NiCu.2_13mm_*,poprawne_adi,GJS NiCu.2 lub NiCu.2,POPRAWNE_ADI\NiCu.2_120_13mm_1000x,POPRAWNE_ADI\NiCu.2_120_13mm_1000x\NiCu.2_120_13mm_1000x-158.jpg,NiCu.2_120_13mm_1000x-158.jpg,13.0,870,120,370,120,1049.975,753.05,8.975,97.83333333333333,321.0,HB,3.25,2.48,0.33,0.01,0.037,0.05,0.78,2.63
NiCu.2_13mm_*,poprawne_adi,GJS NiCu.2 lub NiCu.2,POPRAWNE_ADI\NiCu.2_120_13mm_1000x,POPRAWNE_ADI\NiCu.2_120_13mm_1000x\NiCu.2_120_13mm_1000x-159.jpg,NiCu.2_120_13mm_1000x-159.jpg,13.0,870,120,370,120,1049.975,753.05,8.975,97.83333333333333,321.0,HB,3.25,2.48,0.33,0.01,0.037,0.05,0.78,2.63
NiCu.2_13mm_*,poprawne_adi,GJS NiCu.2 lub NiCu.2,POPRAWNE_ADI\NiCu.2_120_13mm_1000x,POPRAWNE_ADI\NiCu.2_120_13mm_1000x\NiCu.2_120_13mm_1000x-160.jpg,NiCu.2_120_13mm_1000x-160.jpg,13.0,870,120,370,120,1049.975,753.05,8.975,97.83333333333333,321.0,HB,3.25,2.48,0.33,0.01,0.037,0.05,0.78,2.63
NiCu.2_13mm_*,poprawne_adi,GJS NiCu.2 lub NiCu.2,POPRAWNE_ADI\NiCu.2_120_13mm_1000x,POPRAWNE_ADI\NiCu.2_120_13mm_1000x\NiCu.2_120_13mm_1000x-161.jpg,NiCu.2_120_13mm_1000x-161.jpg,13.0,870,120,370,120,1049.975,753.05,8.975,97.83333333333333,321.0,HB,3.25,2.48,0.33,0.01,0.037,0.05,0.78,2.63
NiCu.2_13mm_*,poprawne_adi,GJS NiCu.2 lub NiCu.2,POPRAWNE_ADI\NiCu.2_120_13mm_1000x,POPRAWNE_ADI\NiCu.2_120_13mm_1000x\NiCu.2_120_13mm_1000x-162.jpg,NiCu.2_120_13mm_1000x-162.jpg,13.0,870,120,370,120,1049.975,753.05,8.975,97.83333333333333,321.0,HB,3.25,2.48,0.33,0.01,0.037,0.05,0.78,2.63
NiCu.2_13mm_*,poprawne_adi,GJS NiCu.2 lub NiCu.2,POPRAWNE_ADI\NiCu.2_120_13mm_1000x,POPRAWNE_ADI\NiCu.2_120_13mm_1000x\NiCu.2_120_13mm_1000x-163.jpg,NiCu.2_120_13mm_1000x-163.jpg,13.0,870,120,370,120,1049.975,753.05,8.975,97.83333333333333,321.0,HB,3.25,2.48,0.33,0.01,0.037,0.05,0.78,2.63
NiCu.2_13mm_*,poprawne_adi,GJS NiCu.2 lub NiCu.2,POPRAWNE_ADI\NiCu.2_120_13mm_1000x,POPRAWNE_ADI\NiCu.2_120_13mm_1000x\NiCu.2_120_13mm_1000x-164.jpg,NiCu.2_120_13mm_1000x-164.jpg,13.0,870,120,370,120,1049.975,753.05,8.975,97.83333333333333,321.0,HB,3.25,2.48,0.33,0.01,0.037,0.05,0.78,2.63
NiCu.2_13mm_*,poprawne_adi,GJS NiCu.2 lub NiCu.2,POPRAWNE_ADI\NiCu.2_120_13mm_1000x,POPRAWNE_ADI\NiCu.2_120_13mm_1000x\NiCu.2_120_13mm_1000x-165.jpg,NiCu.2_120_13mm_1000x-165.jpg,13.0,870,120,370,120,1049.975,753.05,8.975,97.83333333333333,321.0,HB,3.25,2.48,0.33,0.01,0.037,0.05,0.78,2.63
NiCu.2_13mm_*,poprawne_adi,GJS NiCu.2 lub NiCu.2,POPRAWNE_ADI\NiCu.2_120_13mm_1000x,POPRAWNE_ADI\NiCu.2_120_13mm_1000x\NiCu.2_120_13mm_1000x-166.jpg,NiCu.2_120_13mm_1000x-166.jpg,13.0,870,120,370,120,1049.975,753.05,8.975,97.83333333333333,321.0,HB,3.25,2.48,0.33,0.01,0.037,0.05,0.78,2.63
NiCu.2_13mm_*,poprawne_adi,GJS NiCu.2 lub NiCu.2,POPRAWNE_ADI\NiCu.2_120_13mm_1000x,POPRAWNE_ADI\NiCu.2_120_13mm_1000x\NiCu.2_120_13mm_1000x-167.jpg,NiCu.2_120_13mm_1000x-167.jpg,13.0,870,120,370,120,1049.975,753.05,8.975,97.83333333333333,321.0,HB,3.25,2.48,0.33,0.01,0.037,0.05,0.78,2.63
NiCu.2_13mm_*,poprawne_adi,GJS NiCu.2 lub NiCu.2,POPRAWNE_ADI\NiCu.2_120_13mm_1000x,POPRAWNE_ADI\NiCu.2_120_13mm_1000x\NiCu.2_120_13mm_1000x-168.jpg,NiCu.2_120_13mm_1000x-168.jpg,13.0,870,120,370,120,1049.975,753.05,8.975,97.83333333333333,321.0,HB,3.25,2.48,0.33,0.01,0.037,0.05,0.78,2.63
NiCu.2_13mm_*,poprawne_adi,GJS NiCu.2 lub NiCu.2,POPRAWNE_ADI\NiCu.2_120_13mm_1000x,POPRAWNE_ADI\NiCu.2_120_13mm_1000x\NiCu.2_120_13mm_1000x-169.jpg,NiCu.2_120_13mm_1000x-169.jpg,13.0,870,120,370,120,1049.975,753.05,8.975,97.83333333333333,321.0,HB,3.25,2.48,0.33,0.01,0.037,0.05,0.78,2.63
NiCu.2_13mm_*,poprawne_adi,GJS NiCu.2 lub NiCu.2,POPRAWNE_ADI\NiCu.2_120_13mm_1000x,POPRAWNE_ADI\NiCu.2_120_13mm_1000x\NiCu.2_120_13mm_1000x-170.jpg,NiCu.2_120_13mm_1000x-170.jpg,13.0,870,120,370,120,1049.975,753.05,8.975,97.83333333333333,321.0,HB,3.25,2.48,0.33,0.01,0.037,0.05,0.78,2.63
NiCu.2_13mm_*,poprawne_adi,GJS NiCu.2 lub NiCu.2,POPRAWNE_ADI\NiCu.2_120_13mm_1000x,POPRAWNE_ADI\NiCu.2_120_13mm_1000x\NiCu.2_120_13mm_1000x-171.jpg,NiCu.2_120_13mm_1000x-171.jpg,13.0,870,120,370,120,1049.975,753.05,8.975,97.83333333333333,321.0,HB,3.25,2.48,0.33,0.01,0.037,0.05,0.78,2.63
NiCu.2_13mm_*,poprawne_adi,GJS NiCu.2 lub NiCu.2,POPRAWNE_ADI\NiCu.2_120_13mm_1000x,POPRAWNE_ADI\NiCu.2_120_13mm_1000x\NiCu.2_120_13mm_1000x-172.jpg,NiCu.2_120_13mm_1000x-172.jpg,13.0,870,120,370,120,1049.975,753.05,8.975,97.83333333333333,321.0,HB,3.25,2.48,0.33,0.01,0.037,0.05,0.78,2.63
NiCu.2_13mm_*,poprawne_adi,GJS NiCu.2 lub NiCu.2,POPRAWNE_ADI\NiCu.2_120_13mm_1000x,POPRAWNE_ADI\NiCu.2_120_13mm_1000x\NiCu.2_120_13mm_1000x-173.jpg,NiCu.2_120_13mm_1000x-173.jpg,13.0,870,120,370,120,1049.975,753.05,8.975,97.83333333333333,321.0,HB,3.25,2.48,0.33,0.01,0.037,0.05,0.78,2.63
NiCu.2_13mm_*,poprawne_adi,GJS NiCu.2 lub NiCu.2,POPRAWNE_ADI\NiCu.2_120_13mm_1000x,POPRAWNE_ADI\NiCu.2_120_13mm_1000x\NiCu.2_120_13mm_1000x-174.jpg,NiCu.2_120_13mm_1000x-174.jpg,13.0,870,120,370,120,1049.975,753.05,8.975,97.83333333333333,321.0,HB,3.25,2.48,0.33,0.01,0.037,0.05,0.78,2.63
NiCu.2_13mm_*,poprawne_adi,GJS NiCu.2 lub NiCu.2,POPRAWNE_ADI\NiCu.2_120_13mm_1000x,POPRAWNE_ADI\NiCu.2_120_13mm_1000x\NiCu.2_120_13mm_1000x-175.jpg,NiCu.2_120_13mm_1000x-175.jpg,13.0,870,120,370,120,1049.975,753.05,8.975,97.83333333333333,321.0,HB,3.25,2.48,0.33,0.01,0.037,0.05,0.78,2.63
NiCu.2_13mm_*,poprawne_adi,GJS NiCu.2 lub NiCu.2,POPRAWNE_ADI\NiCu.2_120_13mm_1000x,POPRAWNE_ADI\NiCu.2_120_13mm_1000x\NiCu.2_120_13mm_1000x-176.jpg,NiCu.2_120_13mm_1000x-176.jpg,13.0,870,120,370,120,1049.975,753.05,8.975,97.83333333333333,321.0,HB,3.25,2.48,0.33,0.01,0.037,0.05,0.78,2.63
NiCu.2_13mm_*,poprawne_adi,GJS NiCu.2 lub NiCu.2,POPRAWNE_ADI\NiCu.2_120_13mm_1000x,POPRAWNE_ADI\NiCu.2_120_13mm_1000x\NiCu.2_120_13mm_1000x-177.jpg,NiCu.2_120_13mm_1000x-177.jpg,13.0,870,120,370,120,1049.975,753.05,8.975,97.83333333333333,321.0,HB,3.25,2.48,0.33,0.01,0.037,0.05,0.78,2.63
NiCu.2_13mm_*,poprawne_adi,GJS NiCu.2 lub NiCu.2,POPRAWNE_ADI\NiCu.2_120_13mm_1000x,POPRAWNE_ADI\NiCu.2_120_13mm_1000x\NiCu.2_120_13mm_1000x-178.jpg,NiCu.2_120_13mm_1000x-178.jpg,13.0,870,120,370,120,1049.975,753.05,8.975,97.83333333333333,321.0,HB,3.25,2.48,0.33,0.01,0.037,0.05,0.78,2.63
NiCu.2_13mm_*,poprawne_adi,GJS NiCu.2 lub NiCu.2,POPRAWNE_ADI\NiCu.2_120_13mm_1000x,POPRAWNE_ADI\NiCu.2_120_13mm_1000x\NiCu.2_120_13mm_1000x-179.jpg,NiCu.2_120_13mm_1000x-179.jpg,13.0,870,120,370,120,1049.975,753.05,8.975,97.83333333333333,321.0,HB,3.25,2.48,0.33,0.01,0.037,0.05,0.78,2.63
NiCu.2_13mm_*,poprawne_adi,GJS NiCu.2 lub NiCu.2,POPRAWNE_ADI\NiCu.2_120_13mm_1000x,POPRAWNE_ADI\NiCu.2_120_13mm_1000x\NiCu.2_120_13mm_1000x-180.jpg,NiCu.2_120_13mm_1000x-180.jpg,13.0,870,120,370,120,1049.975,753.05,8.975,97.83333333333333,321.0,HB,3.25,2.48,0.33,0.01,0.037,0.05,0.78,2.63
NiCu.2_13mm_*,poprawne_adi,GJS NiCu.2 lub NiCu.2,POPRAWNE_ADI\NiCu.2_120_13mm_1000x,POPRAWNE_ADI\NiCu.2_120_13mm_1000x\NiCu.2_120_13mm_1000x-181.jpg,NiCu.2_120_13mm_1000x-181.jpg,13.0,870,120,370,120,1049.975,753.05,8.975,97.83333333333333,321.0,HB,3.25,2.48,0.33,0.01,0.037,0.05,0.78,2.63
NiCu.2_13mm_*,poprawne_adi,GJS NiCu.2 lub NiCu.2,POPRAWNE_ADI\NiCu.2_120_13mm_1000x,POPRAWNE_ADI\NiCu.2_120_13mm_1000x\NiCu.2_120_13mm_1000x-182.jpg,NiCu.2_120_13mm_1000x-182.jpg,13.0,870,120,370,120,1049.975,753.05,8.975,97.83333333333333,321.0,HB,3.25,2.48,0.33,0.01,0.037,0.05,0.78,2.63
NiCu.2_13mm_*,poprawne_adi,GJS NiCu.2 lub NiCu.2,POPRAWNE_ADI\NiCu.2_120_13mm_1000x,POPRAWNE_ADI\NiCu.2_120_13mm_1000x\NiCu.2_120_13mm_1000x-183.jpg,NiCu.2_120_13mm_1000x-183.jpg,13.0,870,120,370,120,1049.975,753.05,8.975,97.83333333333333,321.0,HB,3.25,2.48,0.33,0.01,0.037,0.05,0.78,2.63
NiCu.2_13mm_*,poprawne_adi,GJS NiCu.2 lub NiCu.2,POPRAWNE_ADI\NiCu.2_120_13mm_1000x,POPRAWNE_ADI\NiCu.2_120_13mm_1000x\NiCu.2_120_13mm_1000x-184.jpg,NiCu.2_120_13mm_1000x-184.jpg,13.0,870,120,370,120,1049.975,753.05,8.975,97.83333333333333,321.0,HB,3.25,2.48,0.33,0.01,0.037,0.05,0.78,2.63
NiCu.2_13mm_*,poprawne_adi,GJS NiCu.2 lub NiCu.2,POPRAWNE_ADI\NiCu.2_120_13mm_1000x,POPRAWNE_ADI\NiCu.2_120_13mm_1000x\NiCu.2_120_13mm_1000x-185.jpg,NiCu.2_120_13mm_1000x-185.jpg,13.0,870,120,370,120,1049.975,753.05,8.975,97.83333333333333,321.0,HB,3.25,2.48,0.33,0.01,0.037,0.05,0.78,2.63
NiCu.2_13mm_*,poprawne_adi,GJS NiCu.2 lub NiCu.2,POPRAWNE_ADI\NiCu.2_120_13mm_1000x,POPRAWNE_ADI\NiCu.2_120_13mm_1000x\NiCu.2_120_13mm_1000x-186.jpg,NiCu.2_120_13mm_1000x-186.jpg,13.0,870,120,370,120,1049.975,753.05,8.975,97.83333333333333,321.0,HB,3.25,2.48,0.33,0.01,0.037,0.05,0.78,2.63
NiCu.2_13mm_*,poprawne_adi,GJS NiCu.2 lub NiCu.2,POPRAWNE_ADI\NiCu.2_120_13mm_1000x,POPRAWNE_ADI\NiCu.2_120_13mm_1000x\NiCu.2_120_13mm_1000x-187.jpg,NiCu.2_120_13mm_1000x-187.jpg,13.0,870,120,370,120,1049.975,753.05,8.975,97.83333333333333,321.0,HB,3.25,2.48,0.33,0.01,0.037,0.05,0.78,2.63
NiCu.2_13mm_*,poprawne_adi,GJS NiCu.2 lub NiCu.2,POPRAWNE_ADI\NiCu.2_120_13mm_1000x,POPRAWNE_ADI\NiCu.2_120_13mm_1000x\NiCu.2_120_13mm_1000x-188.jpg,NiCu.2_120_13mm_1000x-188.jpg,13.0,870,120,370,120,1049.975,753.05,8.975,97.83333333333333,321.0,HB,3.25,2.48,0.33,0.01,0.037,0.05,0.78,2.63
NiCu.2_13mm_*,poprawne_adi,GJS NiCu.2 lub NiCu.2,POPRAWNE_ADI\NiCu.2_120_13mm_1000x,POPRAWNE_ADI\NiCu.2_120_13mm_1000x\NiCu.2_120_13mm_1000x-189.jpg,NiCu.2_120_13mm_1000x-189.jpg,13.0,870,120,370,120,1049.975,753.05,8.975,97.83333333333333,321.0,HB,3.25,2.48,0.33,0.01,0.037,0.05,0.78,2.63
NiCu.2_13mm_*,poprawne_adi,GJS NiCu.2 lub NiCu.2,POPRAWNE_ADI\NiCu.2_120_13mm_1000x,POPRAWNE_ADI\NiCu.2_120_13mm_1000x\NiCu.2_120_13mm_1000x-190.jpg,NiCu.2_120_13mm_1000x-190.jpg,13.0,870,120,370,120,1049.975,753.05,8.975,97.83333333333333,321.0,HB,3.25,2.48,0.33,0.01,0.037,0.05,0.78,2.63
NiCu.2_13mm_*,poprawne_adi,GJS NiCu.2 lub NiCu.2,POPRAWNE_ADI\NiCu.2_120_13mm_1000x,POPRAWNE_ADI\NiCu.2_120_13mm_1000x\NiCu.2_120_13mm_1000x-191.jpg,NiCu.2_120_13mm_1000x-191.jpg,13.0,870,120,370,120,1049.975,753.05,8.975,97.83333333333333,321.0,HB,3.25,2.48,0.33,0.01,0.037,0.05,0.78,2.63
NiCu.2_13mm_*,poprawne_adi,GJS NiCu.2 lub NiCu.2,POPRAWNE_ADI\NiCu.2_120_13mm_1000x,POPRAWNE_ADI\NiCu.2_120_13mm_1000x\NiCu.2_120_13mm_1000x-192.jpg,NiCu.2_120_13mm_1000x-192.jpg,13.0,870,120,370,120,1049.975,753.05,8.975,97.83333333333333,321.0,HB,3.25,2.48,0.33,0.01,0.037,0.05,0.78,2.63
NiCu.2_13mm_*,poprawne_adi,GJS NiCu.2 lub NiCu.2,POPRAWNE_ADI\NiCu.2_120_13mm_1000x,POPRAWNE_ADI\NiCu.2_120_13mm_1000x\NiCu.2_120_13mm_1000x-193.jpg,NiCu.2_120_13mm_1000x-193.jpg,13.0,870,120,370,120,1049.975,753.05,8.975,97.83333333333333,321.0,HB,3.25,2.48,0.33,0.01,0.037,0.05,0.78,2.63
NiCu.2_13mm_*,poprawne_adi,GJS NiCu.2 lub NiCu.2,POPRAWNE_ADI\NiCu.2_120_13mm_1000x,POPRAWNE_ADI\NiCu.2_120_13mm_1000x\NiCu.2_120_13mm_1000x-194.jpg,NiCu.2_120_13mm_1000x-194.jpg,13.0,870,120,370,120,1049.975,753.05,8.975,97.83333333333333,321.0,HB,3.25,2.48,0.33,0.01,0.037,0.05,0.78,2.63
NiCu.2_13mm_*,poprawne_adi,GJS NiCu.2 lub NiCu.2,POPRAWNE_ADI\NiCu.2_120_13mm_1000x,POPRAWNE_ADI\NiCu.2_120_13mm_1000x\NiCu.2_120_13mm_1000x-195.jpg,NiCu.2_120_13mm_1000x-195.jpg,13.0,870,120,370,120,1049.975,753.05,8.975,97.83333333333333,321.0,HB,3.25,2.48,0.33,0.01,0.037,0.05,0.78,2.63
NiCu.2_13mm_*,poprawne_adi,GJS NiCu.2 lub NiCu.2,POPRAWNE_ADI\NiCu.2_120_13mm_1000x,POPRAWNE_ADI\NiCu.2_120_13mm_1000x\NiCu.2_120_13mm_1000x-196.jpg,NiCu.2_120_13mm_1000x-196.jpg,13.0,870,120,370,120,1049.975,753.05,8.975,97.83333333333333,321.0,HB,3.25,2.48,0.33,0.01,0.037,0.05,0.78,2.63
NiCu.2_13mm_*,poprawne_adi,GJS NiCu.2 lub NiCu.2,POPRAWNE_ADI\NiCu.2_120_13mm_1000x,POPRAWNE_ADI\NiCu.2_120_13mm_1000x\NiCu.2_120_13mm_1000x-197.jpg,NiCu.2_120_13mm_1000x-197.jpg,13.0,870,120,370,120,1049.975,753.05,8.975,97.83333333333333,321.0,HB,3.25,2.48,0.33,0.01,0.037,0.05,0.78,2.63
NiCu.2_13mm_*,poprawne_adi,GJS NiCu.2 lub NiCu.2,POPRAWNE_ADI\NiCu.2_120_13mm_1000x,POPRAWNE_ADI\NiCu.2_120_13mm_1000x\NiCu.2_120_13mm_1000x-198.jpg,NiCu.2_120_13mm_1000x-198.jpg,13.0,870,120,370,120,1049.975,753.05,8.975,97.83333333333333,321.0,HB,3.25,2.48,0.33,0.01,0.037,0.05,0.78,2.63
NiCu.2_13mm_*,poprawne_adi,GJS NiCu.2 lub NiCu.2,POPRAWNE_ADI\NiCu.2_120_13mm_1000x,POPRAWNE_ADI\NiCu.2_120_13mm_1000x\NiCu.2_120_13mm_1000x-199.jpg,NiCu.2_120_13mm_1000x-199.jpg,13.0,870,120,370,120,1049.975,753.05,8.975,97.83333333333333,321.0,HB,3.25,2.48,0.33,0.01,0.037,0.05,0.78,2.63
NiCu.2_13mm_*,poprawne_adi,GJS NiCu.2 lub NiCu.2,POPRAWNE_ADI\NiCu.2_120_13mm_1000x,POPRAWNE_ADI\NiCu.2_120_13mm_1000x\NiCu.2_120_13mm_1000x-200.jpg,NiCu.2_120_13mm_1000x-200.jpg,13.0,870,120,370,120,1049.975,753.05,8.975,97.83333333333333,321.0,HB,3.25,2.48,0.33,0.01,0.037,0.05,0.78,2.63
SUB_2mm_390_*,poprawne_adi,SUB,POPRAWNE_ADI\SUB_2mm_390_1000x,POPRAWNE_ADI\SUB_2mm_390_1000x\SUB_2mm_390_1000x-1.jpg,SUB_2mm_390_1000x-1.jpg,2.0,870,90,390,90,923.0,712.0,8.1,126.66666666666667,296.6666666666667,HB,3.3,2.6,0.2,0.006,0.055,0.04,0.8,1.5
SUB_2mm_390_*,poprawne_adi,SUB,POPRAWNE_ADI\SUB_2mm_390_1000x,POPRAWNE_ADI\SUB_2mm_390_1000x\SUB_2mm_390_1000x-2.tif,SUB_2mm_390_1000x-2.tif,2.0,870,90,390,90,923.0,712.0,8.1,126.66666666666667,296.6666666666667,HB,3.3,2.6,0.2,0.006,0.055,0.04,0.8,1.5
SUB_2mm_390_*,poprawne_adi,SUB,POPRAWNE_ADI\SUB_2mm_390_1000x,POPRAWNE_ADI\SUB_2mm_390_1000x\SUB_2mm_390_1000x-3.tif,SUB_2mm_390_1000x-3.tif,2.0,870,90,390,90,923.0,712.0,8.1,126.66666666666667,296.6666666666667,HB,3.3,2.6,0.2,0.006,0.055,0.04,0.8,1.5
SUB_3mm_390_*,poprawne_adi,SUB,POPRAWNE_ADI\SUB_3mm_390_1000x,POPRAWNE_ADI\SUB_3mm_390_1000x\SUB_3mm_390_1000x-1.jpg,SUB_3mm_390_1000x-1.jpg,3.0,870,90,390,90,949.0,734.0,8.8,100.33333333333333,297.6666666666667,HB,3.3,2.6,0.2,0.006,0.055,0.04,0.8,1.5
SUB_3mm_390_*,poprawne_adi,SUB,POPRAWNE_ADI\SUB_3mm_390_1000x,POPRAWNE_ADI\SUB_3mm_390_1000x\SUB_3mm_390_1000x-2.tif,SUB_3mm_390_1000x-2.tif,3.0,870,90,390,90,949.0,734.0,8.8,100.33333333333333,297.6666666666667,HB,3.3,2.6,0.2,0.006,0.055,0.04,0.8,1.5
SUB_3mm_390_*,poprawne_adi,SUB,POPRAWNE_ADI\SUB_3mm_390_1000x,POPRAWNE_ADI\SUB_3mm_390_1000x\SUB_3mm_390_1000x-3.tif,SUB_3mm_390_1000x-3.tif,3.0,870,90,390,90,949.0,734.0,8.8,100.33333333333333,297.6666666666667,HB,3.3,2.6,0.2,0.006,0.055,0.04,0.8,1.5
SUB_5mm_390_*,poprawne_adi,SUB,POPRAWNE_ADI\SUB_5mm_390_1000x,POPRAWNE_ADI\SUB_5mm_390_1000x\SUB_5mm_390_1000x-1.jpg,SUB_5mm_390_1000x-1.jpg,5.0,870,90,390,90,901.0,708.0,,,306.3333333333333,HB,3.3,2.6,0.2,0.006,0.055,0.04,0.8,1.5
SUB_5mm_390_*,poprawne_adi,SUB,POPRAWNE_ADI\SUB_5mm_390_1000x,POPRAWNE_ADI\SUB_5mm_390_1000x\SUB_5mm_390_1000x-2.tif,SUB_5mm_390_1000x-2.tif,5.0,870,90,390,90,901.0,708.0,,,306.3333333333333,HB,3.3,2.6,0.2,0.006,0.055,0.04,0.8,1.5
SUB_5mm_390_*,poprawne_adi,SUB,POPRAWNE_ADI\SUB_5mm_390_1000x,POPRAWNE_ADI\SUB_5mm_390_1000x\SUB_5mm_390_1000x-3.tif,SUB_5mm_390_1000x-3.tif,5.0,870,90,390,90,901.0,708.0,,,306.3333333333333,HB,3.3,2.6,0.2,0.006,0.055,0.04,0.8,1.5
SUB_13mm_390_*,poprawne_adi,SUB,POPRAWNE_ADI\SUB_13mm_390_1000x,POPRAWNE_ADI\SUB_13mm_390_1000x\SUB_13mm_390_1000x-1.jpg,SUB_13mm_390_1000x-1.jpg,13.0,870,120,390,120,945.3333333333334,747.0,7.966666666666666,108.0,304.6666666666667,HB,3.3,2.6,0.2,0.006,0.055,0.04,0.8,1.5
SUB_13mm_390_*,poprawne_adi,SUB,POPRAWNE_ADI\SUB_13mm_390_1000x,POPRAWNE_ADI\SUB_13mm_390_1000x\SUB_13mm_390_1000x-2.tif,SUB_13mm_390_1000x-2.tif,13.0,870,120,390,120,945.3333333333334,747.0,7.966666666666666,108.0,304.6666666666667,HB,3.3,2.6,0.2,0.006,0.055,0.04,0.8,1.5
SUB_13mm_390_*,poprawne_adi,SUB,POPRAWNE_ADI\SUB_13mm_390_1000x,POPRAWNE_ADI\SUB_13mm_390_1000x\SUB_13mm_390_1000x-3.tif,SUB_13mm_390_1000x-3.tif,13.0,870,120,390,120,945.3333333333334,747.0,7.966666666666666,108.0,304.6666666666667,HB,3.3,2.6,0.2,0.006,0.055,0.04,0.8,1.5
3.6Si_950-60-300-120_13mm_*,poprawne_adi,3.6 Si,POPRAWNE_ADI\3.6Si.300.13mm_1000x,POPRAWNE_ADI\3.6Si.300.13mm_1000x\3.6Si_950-60-300-120_13mm_1000x-001.jpg,3.6Si_950-60-300-120_13mm_1000x-001.jpg,13.0,950,60,300,120,1462.5,1223.8,3.8,108.3,421.0,HB_nadpisane,3.2,3.6,0.32,0.01,0.05,0.039,0.05,0.05
3.6Si_950-60-300-120_13mm_*,poprawne_adi,3.6 Si,POPRAWNE_ADI\3.6Si.300.13mm_1000x,POPRAWNE_ADI\3.6Si.300.13mm_1000x\3.6Si_950-60-300-120_13mm_1000x-002.jpg,3.6Si_950-60-300-120_13mm_1000x-002.jpg,13.0,950,60,300,120,1462.5,1223.8,3.8,108.3,421.0,HB_nadpisane,3.2,3.6,0.32,0.01,0.05,0.039,0.05,0.05
3.6Si_950-60-300-120_13mm_*,poprawne_adi,3.6 Si,POPRAWNE_ADI\3.6Si.300.13mm_1000x,POPRAWNE_ADI\3.6Si.300.13mm_1000x\3.6Si_950-60-300-120_13mm_1000x-003.jpg,3.6Si_950-60-300-120_13mm_1000x-003.jpg,13.0,950,60,300,120,1462.5,1223.8,3.8,108.3,421.0,HB_nadpisane,3.2,3.6,0.32,0.01,0.05,0.039,0.05,0.05
3.6Si_950-60-300-120_13mm_*,poprawne_adi,3.6 Si,POPRAWNE_ADI\3.6Si.300.13mm_1000x,POPRAWNE_ADI\3.6Si.300.13mm_1000x\3.6Si_950-60-300-120_13mm_1000x-004.jpg,3.6Si_950-60-300-120_13mm_1000x-004.jpg,13.0,950,60,300,120,1462.5,1223.8,3.8,108.3,421.0,HB_nadpisane,3.2,3.6,0.32,0.01,0.05,0.039,0.05,0.05
3.6Si_950-60-300-120_13mm_*,poprawne_adi,3.6 Si,POPRAWNE_ADI\3.6Si.300.13mm_1000x,POPRAWNE_ADI\3.6Si.300.13mm_1000x\3.6Si_950-60-300-120_13mm_1000x-005.jpg,3.6Si_950-60-300-120_13mm_1000x-005.jpg,13.0,950,60,300,120,1462.5,1223.8,3.8,108.3,421.0,HB_nadpisane,3.2,3.6,0.32,0.01,0.05,0.039,0.05,0.05
3.6Si_950-60-300-120_13mm_*,poprawne_adi,3.6 Si,POPRAWNE_ADI\3.6Si.300.13mm_1000x,POPRAWNE_ADI\3.6Si.300.13mm_1000x\3.6Si_950-60-300-120_13mm_1000x-006.jpg,3.6Si_950-60-300-120_13mm_1000x-006.jpg,13.0,950,60,300,120,1462.5,1223.8,3.8,108.3,421.0,HB_nadpisane,3.2,3.6,0.32,0.01,0.05,0.039,0.05,0.05
3.6Si_950-60-300-120_13mm_*,poprawne_adi,3.6 Si,POPRAWNE_ADI\3.6Si.300.13mm_1000x,POPRAWNE_ADI\3.6Si.300.13mm_1000x\3.6Si_950-60-300-120_13mm_1000x-007.jpg,3.6Si_950-60-300-120_13mm_1000x-007.jpg,13.0,950,60,300,120,1462.5,1223.8,3.8,108.3,421.0,HB_nadpisane,3.2,3.6,0.32,0.01,0.05,0.039,0.05,0.05
3.6Si_950-60-300-120_13mm_*,poprawne_adi,3.6 Si,POPRAWNE_ADI\3.6Si.300.13mm_1000x,POPRAWNE_ADI\3.6Si.300.13mm_1000x\3.6Si_950-60-300-120_13mm_1000x-008.jpg,3.6Si_950-60-300-120_13mm_1000x-008.jpg,13.0,950,60,300,120,1462.5,1223.8,3.8,108.3,421.0,HB_nadpisane,3.2,3.6,0.32,0.01,0.05,0.039,0.05,0.05
3.6Si_950-60-300-120_13mm_*,poprawne_adi,3.6 Si,POPRAWNE_ADI\3.6Si.300.13mm_1000x,POPRAWNE_ADI\3.6Si.300.13mm_1000x\3.6Si_950-60-300-120_13mm_1000x-009.jpg,3.6Si_950-60-300-120_13mm_1000x-009.jpg,13.0,950,60,300,120,1462.5,1223.8,3.8,108.3,421.0,HB_nadpisane,3.2,3.6,0.32,0.01,0.05,0.039,0.05,0.05
3.6Si_950-60-300-120_13mm_*,poprawne_adi,3.6 Si,POPRAWNE_ADI\3.6Si.300.13mm_1000x,POPRAWNE_ADI\3.6Si.300.13mm_1000x\3.6Si_950-60-300-120_13mm_1000x-010.jpg,3.6Si_950-60-300-120_13mm_1000x-010.jpg,13.0,950,60,300,120,1462.5,1223.8,3.8,108.3,421.0,HB_nadpisane,3.2,3.6,0.32,0.01,0.05,0.039,0.05,0.05
3.6Si_950-60-300-120_13mm_*,poprawne_adi,3.6 Si,POPRAWNE_ADI\3.6Si.300.13mm_1000x,POPRAWNE_ADI\3.6Si.300.13mm_1000x\3.6Si_950-60-300-120_13mm_1000x-011.jpg,3.6Si_950-60-300-120_13mm_1000x-011.jpg,13.0,950,60,300,120,1462.5,1223.8,3.8,108.3,421.0,HB_nadpisane,3.2,3.6,0.32,0.01,0.05,0.039,0.05,0.05
3.6Si_950-60-300-120_13mm_*,poprawne_adi,3.6 Si,POPRAWNE_ADI\3.6Si.300.13mm_1000x,POPRAWNE_ADI\3.6Si.300.13mm_1000x\3.6Si_950-60-300-120_13mm_1000x-012.jpg,3.6Si_950-60-300-120_13mm_1000x-012.jpg,13.0,950,60,300,120,1462.5,1223.8,3.8,108.3,421.0,HB_nadpisane,3.2,3.6,0.32,0.01,0.05,0.039,0.05,0.05
3.6Si_950-60-300-120_13mm_*,poprawne_adi,3.6 Si,POPRAWNE_ADI\3.6Si.300.13mm_1000x,POPRAWNE_ADI\3.6Si.300.13mm_1000x\3.6Si_950-60-300-120_13mm_1000x-013.jpg,3.6Si_950-60-300-120_13mm_1000x-013.jpg,13.0,950,60,300,120,1462.5,1223.8,3.8,108.3,421.0,HB_nadpisane,3.2,3.6,0.32,0.01,0.05,0.039,0.05,0.05
3.6Si_950-60-300-120_13mm_*,poprawne_adi,3.6 Si,POPRAWNE_ADI\3.6Si.300.13mm_1000x,POPRAWNE_ADI\3.6Si.300.13mm_1000x\3.6Si_950-60-300-120_13mm_1000x-014.jpg,3.6Si_950-60-300-120_13mm_1000x-014.jpg,13.0,950,60,300,120,1462.5,1223.8,3.8,108.3,421.0,HB_nadpisane,3.2,3.6,0.32,0.01,0.05,0.039,0.05,0.05
3.6Si_950-60-300-120_13mm_*,poprawne_adi,3.6 Si,POPRAWNE_ADI\3.6Si.300.13mm_1000x,POPRAWNE_ADI\3.6Si.300.13mm_1000x\3.6Si_950-60-300-120_13mm_1000x-015.jpg,3.6Si_950-60-300-120_13mm_1000x-015.jpg,13.0,950,60,300,120,1462.5,1223.8,3.8,108.3,421.0,HB_nadpisane,3.2,3.6,0.32,0.01,0.05,0.039,0.05,0.05
3.6Si_950-60-300-120_13mm_*,poprawne_adi,3.6 Si,POPRAWNE_ADI\3.6Si.300.13mm_1000x,POPRAWNE_ADI\3.6Si.300.13mm_1000x\3.6Si_950-60-300-120_13mm_1000x-016.jpg,3.6Si_950-60-300-120_13mm_1000x-016.jpg,13.0,950,60,300,120,1462.5,1223.8,3.8,108.3,421.0,HB_nadpisane,3.2,3.6,0.32,0.01,0.05,0.039,0.05,0.05
3.6Si_950-60-300-120_13mm_*,poprawne_adi,3.6 Si,POPRAWNE_ADI\3.6Si.300.13mm_1000x,POPRAWNE_ADI\3.6Si.300.13mm_1000x\3.6Si_950-60-300-120_13mm_1000x-017.jpg,3.6Si_950-60-300-120_13mm_1000x-017.jpg,13.0,950,60,300,120,1462.5,1223.8,3.8,108.3,421.0,HB_nadpisane,3.2,3.6,0.32,0.01,0.05,0.039,0.05,0.05
3.6Si_950-60-300-120_13mm_*,poprawne_adi,3.6 Si,POPRAWNE_ADI\3.6Si.300.13mm_1000x,POPRAWNE_ADI\3.6Si.300.13mm_1000x\3.6Si_950-60-300-120_13mm_1000x-018.jpg,3.6Si_950-60-300-120_13mm_1000x-018.jpg,13.0,950,60,300,120,1462.5,1223.8,3.8,108.3,421.0,HB_nadpisane,3.2,3.6,0.32,0.01,0.05,0.039,0.05,0.05
3.6Si_950-60-300-120_13mm_*,poprawne_adi,3.6 Si,POPRAWNE_ADI\3.6Si.300.13mm_1000x,POPRAWNE_ADI\3.6Si.300.13mm_1000x\3.6Si_950-60-300-120_13mm_1000x-019.jpg,3.6Si_950-60-300-120_13mm_1000x-019.jpg,13.0,950,60,300,120,1462.5,1223.8,3.8,108.3,421.0,HB_nadpisane,3.2,3.6,0.32,0.01,0.05,0.039,0.05,0.05
3.6Si_950-60-300-120_13mm_*,poprawne_adi,3.6 Si,POPRAWNE_ADI\3.6Si.300.13mm_1000x,POPRAWNE_ADI\3.6Si.300.13mm_1000x\3.6Si_950-60-300-120_13mm_1000x-020.jpg,3.6Si_950-60-300-120_13mm_1000x-020.jpg,13.0,950,60,300,120,1462.5,1223.8,3.8,108.3,421.0,HB_nadpisane,3.2,3.6,0.32,0.01,0.05,0.039,0.05,0.05
3.6Si_950-60-300-120_13mm_*,poprawne_adi,3.6 Si,POPRAWNE_ADI\3.6Si.300.13mm_1000x,POPRAWNE_ADI\3.6Si.300.13mm_1000x\3.6Si_950-60-300-120_13mm_1000x-021.jpg,3.6Si_950-60-300-120_13mm_1000x-021.jpg,13.0,950,60,300,120,1462.5,1223.8,3.8,108.3,421.0,HB_nadpisane,3.2,3.6,0.32,0.01,0.05,0.039,0.05,0.05
3.6Si_950-60-300-120_13mm_*,poprawne_adi,3.6 Si,POPRAWNE_ADI\3.6Si.300.13mm_1000x,POPRAWNE_ADI\3.6Si.300.13mm_1000x\3.6Si_950-60-300-120_13mm_1000x-022.jpg,3.6Si_950-60-300-120_13mm_1000x-022.jpg,13.0,950,60,300,120,1462.5,1223.8,3.8,108.3,421.0,HB_nadpisane,3.2,3.6,0.32,0.01,0.05,0.039,0.05,0.05
3.6Si_950-60-300-120_13mm_*,poprawne_adi,3.6 Si,POPRAWNE_ADI\3.6Si.300.13mm_1000x,POPRAWNE_ADI\3.6Si.300.13mm_1000x\3.6Si_950-60-300-120_13mm_1000x-023.jpg,3.6Si_950-60-300-120_13mm_1000x-023.jpg,13.0,950,60,300,120,1462.5,1223.8,3.8,108.3,421.0,HB_nadpisane,3.2,3.6,0.32,0.01,0.05,0.039,0.05,0.05
3.6Si_950-60-300-120_13mm_*,poprawne_adi,3.6 Si,POPRAWNE_ADI\3.6Si.300.13mm_1000x,POPRAWNE_ADI\3.6Si.300.13mm_1000x\3.6Si_950-60-300-120_13mm_1000x-024.jpg,3.6Si_950-60-300-120_13mm_1000x-024.jpg,13.0,950,60,300,120,1462.5,1223.8,3.8,108.3,421.0,HB_nadpisane,3.2,3.6,0.32,0.01,0.05,0.039,0.05,0.05
3.6Si_950-60-300-120_13mm_*,poprawne_adi,3.6 Si,POPRAWNE_ADI\3.6Si.300.13mm_1000x,POPRAWNE_ADI\3.6Si.300.13mm_1000x\3.6Si_950-60-300-120_13mm_1000x-025.jpg,3.6Si_950-60-300-120_13mm_1000x-025.jpg,13.0,950,60,300,120,1462.5,1223.8,3.8,108.3,421.0,HB_nadpisane,3.2,3.6,0.32,0.01,0.05,0.039,0.05,0.05
3.6Si_950-60-300-120_13mm_*,poprawne_adi,3.6 Si,POPRAWNE_ADI\3.6Si.300.13mm_1000x,POPRAWNE_ADI\3.6Si.300.13mm_1000x\3.6Si_950-60-300-120_13mm_1000x-026.jpg,3.6Si_950-60-300-120_13mm_1000x-026.jpg,13.0,950,60,300,120,1462.5,1223.8,3.8,108.3,421.0,HB_nadpisane,3.2,3.6,0.32,0.01,0.05,0.039,0.05,0.05
3.6Si_950-60-300-120_13mm_*,poprawne_adi,3.6 Si,POPRAWNE_ADI\3.6Si.300.13mm_1000x,POPRAWNE_ADI\3.6Si.300.13mm_1000x\3.6Si_950-60-300-120_13mm_1000x-027.jpg,3.6Si_950-60-300-120_13mm_1000x-027.jpg,13.0,950,60,300,120,1462.5,1223.8,3.8,108.3,421.0,HB_nadpisane,3.2,3.6,0.32,0.01,0.05,0.039,0.05,0.05
3.6Si_950-60-300-120_13mm_*,poprawne_adi,3.6 Si,POPRAWNE_ADI\3.6Si.300.13mm_1000x,POPRAWNE_ADI\3.6Si.300.13mm_1000x\3.6Si_950-60-300-120_13mm_1000x-028.jpg,3.6Si_950-60-300-120_13mm_1000x-028.jpg,13.0,950,60,300,120,1462.5,1223.8,3.8,108.3,421.0,HB_nadpisane,3.2,3.6,0.32,0.01,0.05,0.039,0.05,0.05
3.6Si_950-60-300-120_13mm_*,poprawne_adi,3.6 Si,POPRAWNE_ADI\3.6Si.300.13mm_1000x,POPRAWNE_ADI\3.6Si.300.13mm_1000x\3.6Si_950-60-300-120_13mm_1000x-029.jpg,3.6Si_950-60-300-120_13mm_1000x-029.jpg,13.0,950,60,300,120,1462.5,1223.8,3.8,108.3,421.0,HB_nadpisane,3.2,3.6,0.32,0.01,0.05,0.039,0.05,0.05
3.6Si_950-60-300-120_13mm_*,poprawne_adi,3.6 Si,POPRAWNE_ADI\3.6Si.300.13mm_1000x,POPRAWNE_ADI\3.6Si.300.13mm_1000x\3.6Si_950-60-300-120_13mm_1000x-030.jpg,3.6Si_950-60-300-120_13mm_1000x-030.jpg,13.0,950,60,300,120,1462.5,1223.8,3.8,108.3,421.0,HB_nadpisane,3.2,3.6,0.32,0.01,0.05,0.039,0.05,0.05
3.6Si_950-60-300-120_13mm_*,poprawne_adi,3.6 Si,POPRAWNE_ADI\3.6Si.300.13mm_1000x,POPRAWNE_ADI\3.6Si.300.13mm_1000x\3.6Si_950-60-300-120_13mm_1000x-031.jpg,3.6Si_950-60-300-120_13mm_1000x-031.jpg,13.0,950,60,300,120,1462.5,1223.8,3.8,108.3,421.0,HB_nadpisane,3.2,3.6,0.32,0.01,0.05,0.039,0.05,0.05
3.6Si_950-60-300-120_13mm_*,poprawne_adi,3.6 Si,POPRAWNE_ADI\3.6Si.300.13mm_1000x,POPRAWNE_ADI\3.6Si.300.13mm_1000x\3.6Si_950-60-300-120_13mm_1000x-032.jpg,3.6Si_950-60-300-120_13mm_1000x-032.jpg,13.0,950,60,300,120,1462.5,1223.8,3.8,108.3,421.0,HB_nadpisane,3.2,3.6,0.32,0.01,0.05,0.039,0.05,0.05
3.6Si_950-60-300-120_13mm_*,poprawne_adi,3.6 Si,POPRAWNE_ADI\3.6Si.300.13mm_1000x,POPRAWNE_ADI\3.6Si.300.13mm_1000x\3.6Si_950-60-300-120_13mm_1000x-033.jpg,3.6Si_950-60-300-120_13mm_1000x-033.jpg,13.0,950,60,300,120,1462.5,1223.8,3.8,108.3,421.0,HB_nadpisane,3.2,3.6,0.32,0.01,0.05,0.039,0.05,0.05
3.6Si_950-60-300-120_13mm_*,poprawne_adi,3.6 Si,POPRAWNE_ADI\3.6Si.300.13mm_1000x,POPRAWNE_ADI\3.6Si.300.13mm_1000x\3.6Si_950-60-300-120_13mm_1000x-034.jpg,3.6Si_950-60-300-120_13mm_1000x-034.jpg,13.0,950,60,300,120,1462.5,1223.8,3.8,108.3,421.0,HB_nadpisane,3.2,3.6,0.32,0.01,0.05,0.039,0.05,0.05
3.6Si_950-60-300-120_13mm_*,poprawne_adi,3.6 Si,POPRAWNE_ADI\3.6Si.300.13mm_1000x,POPRAWNE_ADI\3.6Si.300.13mm_1000x\3.6Si_950-60-300-120_13mm_1000x-035.jpg,3.6Si_950-60-300-120_13mm_1000x-035.jpg,13.0,950,60,300,120,1462.5,1223.8,3.8,108.3,421.0,HB_nadpisane,3.2,3.6,0.32,0.01,0.05,0.039,0.05,0.05
3.6Si_950-60-300-120_13mm_*,poprawne_adi,3.6 Si,POPRAWNE_ADI\3.6Si.300.13mm_1000x,POPRAWNE_ADI\3.6Si.300.13mm_1000x\3.6Si_950-60-300-120_13mm_1000x-036.jpg,3.6Si_950-60-300-120_13mm_1000x-036.jpg,13.0,950,60,300,120,1462.5,1223.8,3.8,108.3,421.0,HB_nadpisane,3.2,3.6,0.32,0.01,0.05,0.039,0.05,0.05
3.6Si_950-60-300-120_13mm_*,poprawne_adi,3.6 Si,POPRAWNE_ADI\3.6Si.300.13mm_1000x,POPRAWNE_ADI\3.6Si.300.13mm_1000x\3.6Si_950-60-300-120_13mm_1000x-037.jpg,3.6Si_950-60-300-120_13mm_1000x-037.jpg,13.0,950,60,300,120,1462.5,1223.8,3.8,108.3,421.0,HB_nadpisane,3.2,3.6,0.32,0.01,0.05,0.039,0.05,0.05
3.6Si_950-60-300-120_13mm_*,poprawne_adi,3.6 Si,POPRAWNE_ADI\3.6Si.300.13mm_1000x,POPRAWNE_ADI\3.6Si.300.13mm_1000x\3.6Si_950-60-300-120_13mm_1000x-038.jpg,3.6Si_950-60-300-120_13mm_1000x-038.jpg,13.0,950,60,300,120,1462.5,1223.8,3.8,108.3,421.0,HB_nadpisane,3.2,3.6,0.32,0.01,0.05,0.039,0.05,0.05
3.6Si_950-60-300-120_13mm_*,poprawne_adi,3.6 Si,POPRAWNE_ADI\3.6Si.300.13mm_1000x,POPRAWNE_ADI\3.6Si.300.13mm_1000x\3.6Si_950-60-300-120_13mm_1000x-039.jpg,3.6Si_950-60-300-120_13mm_1000x-039.jpg,13.0,950,60,300,120,1462.5,1223.8,3.8,108.3,421.0,HB_nadpisane,3.2,3.6,0.32,0.01,0.05,0.039,0.05,0.05
3.6Si_950-60-300-120_13mm_*,poprawne_adi,3.6 Si,POPRAWNE_ADI\3.6Si.300.13mm_1000x,POPRAWNE_ADI\3.6Si.300.13mm_1000x\3.6Si_950-60-300-120_13mm_1000x-040.jpg,3.6Si_950-60-300-120_13mm_1000x-040.jpg,13.0,950,60,300,120,1462.5,1223.8,3.8,108.3,421.0,HB_nadpisane,3.2,3.6,0.32,0.01,0.05,0.039,0.05,0.05
3.6Si_950-60-300-120_13mm_*,poprawne_adi,3.6 Si,POPRAWNE_ADI\3.6Si.300.13mm_1000x,POPRAWNE_ADI\3.6Si.300.13mm_1000x\3.6Si_950-60-300-120_13mm_1000x-041.jpg,3.6Si_950-60-300-120_13mm_1000x-041.jpg,13.0,950,60,300,120,1462.5,1223.8,3.8,108.3,421.0,HB_nadpisane,3.2,3.6,0.32,0.01,0.05,0.039,0.05,0.05
3.6Si_950-60-300-120_13mm_*,poprawne_adi,3.6 Si,POPRAWNE_ADI\3.6Si.300.13mm_1000x,POPRAWNE_ADI\3.6Si.300.13mm_1000x\3.6Si_950-60-300-120_13mm_1000x-042.jpg,3.6Si_950-60-300-120_13mm_1000x-042.jpg,13.0,950,60,300,120,1462.5,1223.8,3.8,108.3,421.0,HB_nadpisane,3.2,3.6,0.32,0.01,0.05,0.039,0.05,0.05
3.6Si_950-60-300-120_13mm_*,poprawne_adi,3.6 Si,POPRAWNE_ADI\3.6Si.300.13mm_1000x,POPRAWNE_ADI\3.6Si.300.13mm_1000x\3.6Si_950-60-300-120_13mm_1000x-043.jpg,3.6Si_950-60-300-120_13mm_1000x-043.jpg,13.0,950,60,300,120,1462.5,1223.8,3.8,108.3,421.0,HB_nadpisane,3.2,3.6,0.32,0.01,0.05,0.039,0.05,0.05
3.6Si_950-60-300-120_13mm_*,poprawne_adi,3.6 Si,POPRAWNE_ADI\3.6Si.300.13mm_1000x,POPRAWNE_ADI\3.6Si.300.13mm_1000x\3.6Si_950-60-300-120_13mm_1000x-044.jpg,3.6Si_950-60-300-120_13mm_1000x-044.jpg,13.0,950,60,300,120,1462.5,1223.8,3.8,108.3,421.0,HB_nadpisane,3.2,3.6,0.32,0.01,0.05,0.039,0.05,0.05
3.6Si_950-60-300-120_13mm_*,poprawne_adi,3.6 Si,POPRAWNE_ADI\3.6Si.300.13mm_1000x,POPRAWNE_ADI\3.6Si.300.13mm_1000x\3.6Si_950-60-300-120_13mm_1000x-045.jpg,3.6Si_950-60-300-120_13mm_1000x-045.jpg,13.0,950,60,300,120,1462.5,1223.8,3.8,108.3,421.0,HB_nadpisane,3.2,3.6,0.32,0.01,0.05,0.039,0.05,0.05
3.6Si_950-60-300-120_13mm_*,poprawne_adi,3.6 Si,POPRAWNE_ADI\3.6Si.300.13mm_1000x,POPRAWNE_ADI\3.6Si.300.13mm_1000x\3.6Si_950-60-300-120_13mm_1000x-046.jpg,3.6Si_950-60-300-120_13mm_1000x-046.jpg,13.0,950,60,300,120,1462.5,1223.8,3.8,108.3,421.0,HB_nadpisane,3.2,3.6,0.32,0.01,0.05,0.039,0.05,0.05
3.6Si_950-60-300-120_13mm_*,poprawne_adi,3.6 Si,POPRAWNE_ADI\3.6Si.300.13mm_1000x,POPRAWNE_ADI\3.6Si.300.13mm_1000x\3.6Si_950-60-300-120_13mm_1000x-047.jpg,3.6Si_950-60-300-120_13mm_1000x-047.jpg,13.0,950,60,300,120,1462.5,1223.8,3.8,108.3,421.0,HB_nadpisane,3.2,3.6,0.32,0.01,0.05,0.039,0.05,0.05
3.6Si_950-60-300-120_13mm_*,poprawne_adi,3.6 Si,POPRAWNE_ADI\3.6Si.300.13mm_1000x,POPRAWNE_ADI\3.6Si.300.13mm_1000x\3.6Si_950-60-300-120_13mm_1000x-048.jpg,3.6Si_950-60-300-120_13mm_1000x-048.jpg,13.0,950,60,300,120,1462.5,1223.8,3.8,108.3,421.0,HB_nadpisane,3.2,3.6,0.32,0.01,0.05,0.039,0.05,0.05
3.6Si_950-60-300-120_13mm_*,poprawne_adi,3.6 Si,POPRAWNE_ADI\3.6Si.300.13mm_1000x,POPRAWNE_ADI\3.6Si.300.13mm_1000x\3.6Si_950-60-300-120_13mm_1000x-049.jpg,3.6Si_950-60-300-120_13mm_1000x-049.jpg,13.0,950,60,300,120,1462.5,1223.8,3.8,108.3,421.0,HB_nadpisane,3.2,3.6,0.32,0.01,0.05,0.039,0.05,0.05
3.6Si_950-60-300-120_13mm_*,poprawne_adi,3.6 Si,POPRAWNE_ADI\3.6Si.300.13mm_1000x,POPRAWNE_ADI\3.6Si.300.13mm_1000x\3.6Si_950-60-300-120_13mm_1000x-050.jpg,3.6Si_950-60-300-120_13mm_1000x-050.jpg,13.0,950,60,300,120,1462.5,1223.8,3.8,108.3,421.0,HB_nadpisane,3.2,3.6,0.32,0.01,0.05,0.039,0.05,0.05
3.6Si_950-60-300-120_13mm_*,poprawne_adi,3.6 Si,POPRAWNE_ADI\3.6Si.300.13mm_1000x,POPRAWNE_ADI\3.6Si.300.13mm_1000x\3.6Si_950-60-300-120_13mm_1000x-051.jpg,3.6Si_950-60-300-120_13mm_1000x-051.jpg,13.0,950,60,300,120,1462.5,1223.8,3.8,108.3,421.0,HB_nadpisane,3.2,3.6,0.32,0.01,0.05,0.039,0.05,0.05
3.6Si_950-60-300-120_13mm_*,poprawne_adi,3.6 Si,POPRAWNE_ADI\3.6Si.300.13mm_1000x,POPRAWNE_ADI\3.6Si.300.13mm_1000x\3.6Si_950-60-300-120_13mm_1000x-052.jpg,3.6Si_950-60-300-120_13mm_1000x-052.jpg,13.0,950,60,300,120,1462.5,1223.8,3.8,108.3,421.0,HB_nadpisane,3.2,3.6,0.32,0.01,0.05,0.039,0.05,0.05
3.6Si_950-60-300-120_13mm_*,poprawne_adi,3.6 Si,POPRAWNE_ADI\3.6Si.300.13mm_1000x,POPRAWNE_ADI\3.6Si.300.13mm_1000x\3.6Si_950-60-300-120_13mm_1000x-053.jpg,3.6Si_950-60-300-120_13mm_1000x-053.jpg,13.0,950,60,300,120,1462.5,1223.8,3.8,108.3,421.0,HB_nadpisane,3.2,3.6,0.32,0.01,0.05,0.039,0.05,0.05
3.6Si_950-60-300-120_13mm_*,poprawne_adi,3.6 Si,POPRAWNE_ADI\3.6Si.300.13mm_1000x,POPRAWNE_ADI\3.6Si.300.13mm_1000x\3.6Si_950-60-300-120_13mm_1000x-054.jpg,3.6Si_950-60-300-120_13mm_1000x-054.jpg,13.0,950,60,300,120,1462.5,1223.8,3.8,108.3,421.0,HB_nadpisane,3.2,3.6,0.32,0.01,0.05,0.039,0.05,0.05
3.6Si_950-60-300-120_13mm_*,poprawne_adi,3.6 Si,POPRAWNE_ADI\3.6Si.300.13mm_1000x,POPRAWNE_ADI\3.6Si.300.13mm_1000x\3.6Si_950-60-300-120_13mm_1000x-055.jpg,3.6Si_950-60-300-120_13mm_1000x-055.jpg,13.0,950,60,300,120,1462.5,1223.8,3.8,108.3,421.0,HB_nadpisane,3.2,3.6,0.32,0.01,0.05,0.039,0.05,0.05
3.6Si_950-60-300-120_13mm_*,poprawne_adi,3.6 Si,POPRAWNE_ADI\3.6Si.300.13mm_1000x,POPRAWNE_ADI\3.6Si.300.13mm_1000x\3.6Si_950-60-300-120_13mm_1000x-056.jpg,3.6Si_950-60-300-120_13mm_1000x-056.jpg,13.0,950,60,300,120,1462.5,1223.8,3.8,108.3,421.0,HB_nadpisane,3.2,3.6,0.32,0.01,0.05,0.039,0.05,0.05
3.6Si_950-60-300-120_13mm_*,poprawne_adi,3.6 Si,POPRAWNE_ADI\3.6Si.300.13mm_1000x,POPRAWNE_ADI\3.6Si.300.13mm_1000x\3.6Si_950-60-300-120_13mm_1000x-057.jpg,3.6Si_950-60-300-120_13mm_1000x-057.jpg,13.0,950,60,300,120,1462.5,1223.8,3.8,108.3,421.0,HB_nadpisane,3.2,3.6,0.32,0.01,0.05,0.039,0.05,0.05
3.6Si_950-60-300-120_13mm_*,poprawne_adi,3.6 Si,POPRAWNE_ADI\3.6Si.300.13mm_1000x,POPRAWNE_ADI\3.6Si.300.13mm_1000x\3.6Si_950-60-300-120_13mm_1000x-058.jpg,3.6Si_950-60-300-120_13mm_1000x-058.jpg,13.0,950,60,300,120,1462.5,1223.8,3.8,108.3,421.0,HB_nadpisane,3.2,3.6,0.32,0.01,0.05,0.039,0.05,0.05
3.6Si_950-60-300-120_13mm_*,poprawne_adi,3.6 Si,POPRAWNE_ADI\3.6Si.300.13mm_1000x,POPRAWNE_ADI\3.6Si.300.13mm_1000x\3.6Si_950-60-300-120_13mm_1000x-059.jpg,3.6Si_950-60-300-120_13mm_1000x-059.jpg,13.0,950,60,300,120,1462.5,1223.8,3.8,108.3,421.0,HB_nadpisane,3.2,3.6,0.32,0.01,0.05,0.039,0.05,0.05
3.6Si_950-60-300-120_13mm_*,poprawne_adi,3.6 Si,POPRAWNE_ADI\3.6Si.300.13mm_1000x,POPRAWNE_ADI\3.6Si.300.13mm_1000x\3.6Si_950-60-300-120_13mm_1000x-060.jpg,3.6Si_950-60-300-120_13mm_1000x-060.jpg,13.0,950,60,300,120,1462.5,1223.8,3.8,108.3,421.0,HB_nadpisane,3.2,3.6,0.32,0.01,0.05,0.039,0.05,0.05
3.6Si_950-60-300-120_13mm_*,poprawne_adi,3.6 Si,POPRAWNE_ADI\3.6Si.300.13mm_1000x,POPRAWNE_ADI\3.6Si.300.13mm_1000x\3.6Si_950-60-300-120_13mm_1000x-061.jpg,3.6Si_950-60-300-120_13mm_1000x-061.jpg,13.0,950,60,300,120,1462.5,1223.8,3.8,108.3,421.0,HB_nadpisane,3.2,3.6,0.32,0.01,0.05,0.039,0.05,0.05
3.6Si_950-60-300-120_13mm_*,poprawne_adi,3.6 Si,POPRAWNE_ADI\3.6Si.300.13mm_1000x,POPRAWNE_ADI\3.6Si.300.13mm_1000x\3.6Si_950-60-300-120_13mm_1000x-062.jpg,3.6Si_950-60-300-120_13mm_1000x-062.jpg,13.0,950,60,300,120,1462.5,1223.8,3.8,108.3,421.0,HB_nadpisane,3.2,3.6,0.32,0.01,0.05,0.039,0.05,0.05
3.6Si_950-60-300-120_13mm_*,poprawne_adi,3.6 Si,POPRAWNE_ADI\3.6Si.300.13mm_1000x,POPRAWNE_ADI\3.6Si.300.13mm_1000x\3.6Si_950-60-300-120_13mm_1000x-063.jpg,3.6Si_950-60-300-120_13mm_1000x-063.jpg,13.0,950,60,300,120,1462.5,1223.8,3.8,108.3,421.0,HB_nadpisane,3.2,3.6,0.32,0.01,0.05,0.039,0.05,0.05
3.6Si_950-60-300-120_13mm_*,poprawne_adi,3.6 Si,POPRAWNE_ADI\3.6Si.300.13mm_1000x,POPRAWNE_ADI\3.6Si.300.13mm_1000x\3.6Si_950-60-300-120_13mm_1000x-064.jpg,3.6Si_950-60-300-120_13mm_1000x-064.jpg,13.0,950,60,300,120,1462.5,1223.8,3.8,108.3,421.0,HB_nadpisane,3.2,3.6,0.32,0.01,0.05,0.039,0.05,0.05
3.6Si_950-60-300-120_13mm_*,poprawne_adi,3.6 Si,POPRAWNE_ADI\3.6Si.300.13mm_1000x,POPRAWNE_ADI\3.6Si.300.13mm_1000x\3.6Si_950-60-300-120_13mm_1000x-065.jpg,3.6Si_950-60-300-120_13mm_1000x-065.jpg,13.0,950,60,300,120,1462.5,1223.8,3.8,108.3,421.0,HB_nadpisane,3.2,3.6,0.32,0.01,0.05,0.039,0.05,0.05
3.6Si_950-60-300-120_13mm_*,poprawne_adi,3.6 Si,POPRAWNE_ADI\3.6Si.300.13mm_1000x,POPRAWNE_ADI\3.6Si.300.13mm_1000x\3.6Si_950-60-300-120_13mm_1000x-066.jpg,3.6Si_950-60-300-120_13mm_1000x-066.jpg,13.0,950,60,300,120,1462.5,1223.8,3.8,108.3,421.0,HB_nadpisane,3.2,3.6,0.32,0.01,0.05,0.039,0.05,0.05
3.6Si_950-60-300-120_13mm_*,poprawne_adi,3.6 Si,POPRAWNE_ADI\3.6Si.300.13mm_1000x,POPRAWNE_ADI\3.6Si.300.13mm_1000x\3.6Si_950-60-300-120_13mm_1000x-067.jpg,3.6Si_950-60-300-120_13mm_1000x-067.jpg,13.0,950,60,300,120,1462.5,1223.8,3.8,108.3,421.0,HB_nadpisane,3.2,3.6,0.32,0.01,0.05,0.039,0.05,0.05
3.6Si_950-60-300-120_13mm_*,poprawne_adi,3.6 Si,POPRAWNE_ADI\3.6Si.300.13mm_1000x,POPRAWNE_ADI\3.6Si.300.13mm_1000x\3.6Si_950-60-300-120_13mm_1000x-068.jpg,3.6Si_950-60-300-120_13mm_1000x-068.jpg,13.0,950,60,300,120,1462.5,1223.8,3.8,108.3,421.0,HB_nadpisane,3.2,3.6,0.32,0.01,0.05,0.039,0.05,0.05
3.6Si_950-60-300-120_13mm_*,poprawne_adi,3.6 Si,POPRAWNE_ADI\3.6Si.300.13mm_1000x,POPRAWNE_ADI\3.6Si.300.13mm_1000x\3.6Si_950-60-300-120_13mm_1000x-069.jpg,3.6Si_950-60-300-120_13mm_1000x-069.jpg,13.0,950,60,300,120,1462.5,1223.8,3.8,108.3,421.0,HB_nadpisane,3.2,3.6,0.32,0.01,0.05,0.039,0.05,0.05
3.6Si_950-60-300-120_13mm_*,poprawne_adi,3.6 Si,POPRAWNE_ADI\3.6Si.300.13mm_1000x,POPRAWNE_ADI\3.6Si.300.13mm_1000x\3.6Si_950-60-300-120_13mm_1000x-070.jpg,3.6Si_950-60-300-120_13mm_1000x-070.jpg,13.0,950,60,300,120,1462.5,1223.8,3.8,108.3,421.0,HB_nadpisane,3.2,3.6,0.32,0.01,0.05,0.039,0.05,0.05
3.6Si_950-60-300-120_13mm_*,poprawne_adi,3.6 Si,POPRAWNE_ADI\3.6Si.300.13mm_1000x,POPRAWNE_ADI\3.6Si.300.13mm_1000x\3.6Si_950-60-300-120_13mm_1000x-071.jpg,3.6Si_950-60-300-120_13mm_1000x-071.jpg,13.0,950,60,300,120,1462.5,1223.8,3.8,108.3,421.0,HB_nadpisane,3.2,3.6,0.32,0.01,0.05,0.039,0.05,0.05
3.6Si_950-60-300-120_13mm_*,poprawne_adi,3.6 Si,POPRAWNE_ADI\3.6Si.300.13mm_1000x,POPRAWNE_ADI\3.6Si.300.13mm_1000x\3.6Si_950-60-300-120_13mm_1000x-072.jpg,3.6Si_950-60-300-120_13mm_1000x-072.jpg,13.0,950,60,300,120,1462.5,1223.8,3.8,108.3,421.0,HB_nadpisane,3.2,3.6,0.32,0.01,0.05,0.039,0.05,0.05
3.6Si_950-60-300-120_13mm_*,poprawne_adi,3.6 Si,POPRAWNE_ADI\3.6Si.300.13mm_1000x,POPRAWNE_ADI\3.6Si.300.13mm_1000x\3.6Si_950-60-300-120_13mm_1000x-073.jpg,3.6Si_950-60-300-120_13mm_1000x-073.jpg,13.0,950,60,300,120,1462.5,1223.8,3.8,108.3,421.0,HB_nadpisane,3.2,3.6,0.32,0.01,0.05,0.039,0.05,0.05
3.6Si_950-60-300-120_13mm_*,poprawne_adi,3.6 Si,POPRAWNE_ADI\3.6Si.300.13mm_1000x,POPRAWNE_ADI\3.6Si.300.13mm_1000x\3.6Si_950-60-300-120_13mm_1000x-074.jpg,3.6Si_950-60-300-120_13mm_1000x-074.jpg,13.0,950,60,300,120,1462.5,1223.8,3.8,108.3,421.0,HB_nadpisane,3.2,3.6,0.32,0.01,0.05,0.039,0.05,0.05
3.6Si_950-60-300-120_13mm_*,poprawne_adi,3.6 Si,POPRAWNE_ADI\3.6Si.300.13mm_1000x,POPRAWNE_ADI\3.6Si.300.13mm_1000x\3.6Si_950-60-300-120_13mm_1000x-075.jpg,3.6Si_950-60-300-120_13mm_1000x-075.jpg,13.0,950,60,300,120,1462.5,1223.8,3.8,108.3,421.0,HB_nadpisane,3.2,3.6,0.32,0.01,0.05,0.039,0.05,0.05
3.6Si_950-60-300-120_13mm_*,poprawne_adi,3.6 Si,POPRAWNE_ADI\3.6Si.300.13mm_1000x,POPRAWNE_ADI\3.6Si.300.13mm_1000x\3.6Si_950-60-300-120_13mm_1000x-076.jpg,3.6Si_950-60-300-120_13mm_1000x-076.jpg,13.0,950,60,300,120,1462.5,1223.8,3.8,108.3,421.0,HB_nadpisane,3.2,3.6,0.32,0.01,0.05,0.039,0.05,0.05
3.6Si_950-60-300-120_13mm_*,poprawne_adi,3.6 Si,POPRAWNE_ADI\3.6Si.300.13mm_1000x,POPRAWNE_ADI\3.6Si.300.13mm_1000x\3.6Si_950-60-300-120_13mm_1000x-077.jpg,3.6Si_950-60-300-120_13mm_1000x-077.jpg,13.0,950,60,300,120,1462.5,1223.8,3.8,108.3,421.0,HB_nadpisane,3.2,3.6,0.32,0.01,0.05,0.039,0.05,0.05
3.6Si_950-60-300-120_13mm_*,poprawne_adi,3.6 Si,POPRAWNE_ADI\3.6Si.300.13mm_1000x,POPRAWNE_ADI\3.6Si.300.13mm_1000x\3.6Si_950-60-300-120_13mm_1000x-078.jpg,3.6Si_950-60-300-120_13mm_1000x-078.jpg,13.0,950,60,300,120,1462.5,1223.8,3.8,108.3,421.0,HB_nadpisane,3.2,3.6,0.32,0.01,0.05,0.039,0.05,0.05
3.6Si_950-60-300-120_13mm_*,poprawne_adi,3.6 Si,POPRAWNE_ADI\3.6Si.300.13mm_1000x,POPRAWNE_ADI\3.6Si.300.13mm_1000x\3.6Si_950-60-300-120_13mm_1000x-079.jpg,3.6Si_950-60-300-120_13mm_1000x-079.jpg,13.0,950,60,300,120,1462.5,1223.8,3.8,108.3,421.0,HB_nadpisane,3.2,3.6,0.32,0.01,0.05,0.039,0.05,0.05
3.6Si_950-60-300-120_13mm_*,poprawne_adi,3.6 Si,POPRAWNE_ADI\3.6Si.300.13mm_1000x,POPRAWNE_ADI\3.6Si.300.13mm_1000x\3.6Si_950-60-300-120_13mm_1000x-080.jpg,3.6Si_950-60-300-120_13mm_1000x-080.jpg,13.0,950,60,300,120,1462.5,1223.8,3.8,108.3,421.0,HB_nadpisane,3.2,3.6,0.32,0.01,0.05,0.039,0.05,0.05
3.6Si_950-60-300-120_13mm_*,poprawne_adi,3.6 Si,POPRAWNE_ADI\3.6Si.300.13mm_1000x,POPRAWNE_ADI\3.6Si.300.13mm_1000x\3.6Si_950-60-300-120_13mm_1000x-081.jpg,3.6Si_950-60-300-120_13mm_1000x-081.jpg,13.0,950,60,300,120,1462.5,1223.8,3.8,108.3,421.0,HB_nadpisane,3.2,3.6,0.32,0.01,0.05,0.039,0.05,0.05
3.6Si_950-60-300-120_13mm_*,poprawne_adi,3.6 Si,POPRAWNE_ADI\3.6Si.300.13mm_1000x,POPRAWNE_ADI\3.6Si.300.13mm_1000x\3.6Si_950-60-300-120_13mm_1000x-082.jpg,3.6Si_950-60-300-120_13mm_1000x-082.jpg,13.0,950,60,300,120,1462.5,1223.8,3.8,108.3,421.0,HB_nadpisane,3.2,3.6,0.32,0.01,0.05,0.039,0.05,0.05
3.6Si_950-60-300-120_13mm_*,poprawne_adi,3.6 Si,POPRAWNE_ADI\3.6Si.300.13mm_1000x,POPRAWNE_ADI\3.6Si.300.13mm_1000x\3.6Si_950-60-300-120_13mm_1000x-083.jpg,3.6Si_950-60-300-120_13mm_1000x-083.jpg,13.0,950,60,300,120,1462.5,1223.8,3.8,108.3,421.0,HB_nadpisane,3.2,3.6,0.32,0.01,0.05,0.039,0.05,0.05
3.6Si_950-60-300-120_13mm_*,poprawne_adi,3.6 Si,POPRAWNE_ADI\3.6Si.300.13mm_1000x,POPRAWNE_ADI\3.6Si.300.13mm_1000x\3.6Si_950-60-300-120_13mm_1000x-084.jpg,3.6Si_950-60-300-120_13mm_1000x-084.jpg,13.0,950,60,300,120,1462.5,1223.8,3.8,108.3,421.0,HB_nadpisane,3.2,3.6,0.32,0.01,0.05,0.039,0.05,0.05
3.6Si_950-60-300-120_13mm_*,poprawne_adi,3.6 Si,POPRAWNE_ADI\3.6Si.300.13mm_1000x,POPRAWNE_ADI\3.6Si.300.13mm_1000x\3.6Si_950-60-300-120_13mm_1000x-085.jpg,3.6Si_950-60-300-120_13mm_1000x-085.jpg,13.0,950,60,300,120,1462.5,1223.8,3.8,108.3,421.0,HB_nadpisane,3.2,3.6,0.32,0.01,0.05,0.039,0.05,0.05
3.6Si_950-60-300-120_13mm_*,poprawne_adi,3.6 Si,POPRAWNE_ADI\3.6Si.300.13mm_1000x,POPRAWNE_ADI\3.6Si.300.13mm_1000x\3.6Si_950-60-300-120_13mm_1000x-086.jpg,3.6Si_950-60-300-120_13mm_1000x-086.jpg,13.0,950,60,300,120,1462.5,1223.8,3.8,108.3,421.0,HB_nadpisane,3.2,3.6,0.32,0.01,0.05,0.039,0.05,0.05
3.6Si_950-60-300-120_13mm_*,poprawne_adi,3.6 Si,POPRAWNE_ADI\3.6Si.300.13mm_1000x,POPRAWNE_ADI\3.6Si.300.13mm_1000x\3.6Si_950-60-300-120_13mm_1000x-087.jpg,3.6Si_950-60-300-120_13mm_1000x-087.jpg,13.0,950,60,300,120,1462.5,1223.8,3.8,108.3,421.0,HB_nadpisane,3.2,3.6,0.32,0.01,0.05,0.039,0.05,0.05
3.6Si_950-60-300-120_13mm_*,poprawne_adi,3.6 Si,POPRAWNE_ADI\3.6Si.300.13mm_1000x,POPRAWNE_ADI\3.6Si.300.13mm_1000x\3.6Si_950-60-300-120_13mm_1000x-088.jpg,3.6Si_950-60-300-120_13mm_1000x-088.jpg,13.0,950,60,300,120,1462.5,1223.8,3.8,108.3,421.0,HB_nadpisane,3.2,3.6,0.32,0.01,0.05,0.039,0.05,0.05
3.6Si_950-60-300-120_13mm_*,poprawne_adi,3.6 Si,POPRAWNE_ADI\3.6Si.300.13mm_1000x,POPRAWNE_ADI\3.6Si.300.13mm_1000x\3.6Si_950-60-300-120_13mm_1000x-089.jpg,3.6Si_950-60-300-120_13mm_1000x-089.jpg,13.0,950,60,300,120,1462.5,1223.8,3.8,108.3,421.0,HB_nadpisane,3.2,3.6,0.32,0.01,0.05,0.039,0.05,0.05
3.6Si_950-60-300-120_13mm_*,poprawne_adi,3.6 Si,POPRAWNE_ADI\3.6Si.300.13mm_1000x,POPRAWNE_ADI\3.6Si.300.13mm_1000x\3.6Si_950-60-300-120_13mm_1000x-090.jpg,3.6Si_950-60-300-120_13mm_1000x-090.jpg,13.0,950,60,300,120,1462.5,1223.8,3.8,108.3,421.0,HB_nadpisane,3.2,3.6,0.32,0.01,0.05,0.039,0.05,0.05
3.6Si_950-60-300-120_13mm_*,poprawne_adi,3.6 Si,POPRAWNE_ADI\3.6Si.300.13mm_1000x,POPRAWNE_ADI\3.6Si.300.13mm_1000x\3.6Si_950-60-300-120_13mm_1000x-091.jpg,3.6Si_950-60-300-120_13mm_1000x-091.jpg,13.0,950,60,300,120,1462.5,1223.8,3.8,108.3,421.0,HB_nadpisane,3.2,3.6,0.32,0.01,0.05,0.039,0.05,0.05
3.6Si_950-60-300-120_13mm_*,poprawne_adi,3.6 Si,POPRAWNE_ADI\3.6Si.300.13mm_1000x,POPRAWNE_ADI\3.6Si.300.13mm_1000x\3.6Si_950-60-300-120_13mm_1000x-092.jpg,3.6Si_950-60-300-120_13mm_1000x-092.jpg,13.0,950,60,300,120,1462.5,1223.8,3.8,108.3,421.0,HB_nadpisane,3.2,3.6,0.32,0.01,0.05,0.039,0.05,0.05
3.6Si_950-60-300-120_13mm_*,poprawne_adi,3.6 Si,POPRAWNE_ADI\3.6Si.300.13mm_1000x,POPRAWNE_ADI\3.6Si.300.13mm_1000x\3.6Si_950-60-300-120_13mm_1000x-093.jpg,3.6Si_950-60-300-120_13mm_1000x-093.jpg,13.0,950,60,300,120,1462.5,1223.8,3.8,108.3,421.0,HB_nadpisane,3.2,3.6,0.32,0.01,0.05,0.039,0.05,0.05
3.6Si_950-60-300-120_13mm_*,poprawne_adi,3.6 Si,POPRAWNE_ADI\3.6Si.300.13mm_1000x,POPRAWNE_ADI\3.6Si.300.13mm_1000x\3.6Si_950-60-300-120_13mm_1000x-094.jpg,3.6Si_950-60-300-120_13mm_1000x-094.jpg,13.0,950,60,300,120,1462.5,1223.8,3.8,108.3,421.0,HB_nadpisane,3.2,3.6,0.32,0.01,0.05,0.039,0.05,0.05
3.6Si_950-60-300-120_13mm_*,poprawne_adi,3.6 Si,POPRAWNE_ADI\3.6Si.300.13mm_1000x,POPRAWNE_ADI\3.6Si.300.13mm_1000x\3.6Si_950-60-300-120_13mm_1000x-095.jpg,3.6Si_950-60-300-120_13mm_1000x-095.jpg,13.0,950,60,300,120,1462.5,1223.8,3.8,108.3,421.0,HB_nadpisane,3.2,3.6,0.32,0.01,0.05,0.039,0.05,0.05
3.6Si_950-60-300-120_13mm_*,poprawne_adi,3.6 Si,POPRAWNE_ADI\3.6Si.300.13mm_1000x,POPRAWNE_ADI\3.6Si.300.13mm_1000x\3.6Si_950-60-300-120_13mm_1000x-096.jpg,3.6Si_950-60-300-120_13mm_1000x-096.jpg,13.0,950,60,300,120,1462.5,1223.8,3.8,108.3,421.0,HB_nadpisane,3.2,3.6,0.32,0.01,0.05,0.039,0.05,0.05
3.6Si_950-60-300-120_13mm_*,poprawne_adi,3.6 Si,POPRAWNE_ADI\3.6Si.300.13mm_1000x,POPRAWNE_ADI\3.6Si.300.13mm_1000x\3.6Si_950-60-300-120_13mm_1000x-097.jpg,3.6Si_950-60-300-120_13mm_1000x-097.jpg,13.0,950,60,300,120,1462.5,1223.8,3.8,108.3,421.0,HB_nadpisane,3.2,3.6,0.32,0.01,0.05,0.039,0.05,0.05
3.6Si_950-60-300-120_13mm_*,poprawne_adi,3.6 Si,POPRAWNE_ADI\3.6Si.300.13mm_1000x,POPRAWNE_ADI\3.6Si.300.13mm_1000x\3.6Si_950-60-300-120_13mm_1000x-098.jpg,3.6Si_950-60-300-120_13mm_1000x-098.jpg,13.0,950,60,300,120,1462.5,1223.8,3.8,108.3,421.0,HB_nadpisane,3.2,3.6,0.32,0.01,0.05,0.039,0.05,0.05
3.6Si_950-60-300-120_13mm_*,poprawne_adi,3.6 Si,POPRAWNE_ADI\3.6Si.300.13mm_1000x,POPRAWNE_ADI\3.6Si.300.13mm_1000x\3.6Si_950-60-300-120_13mm_1000x-099.jpg,3.6Si_950-60-300-120_13mm_1000x-099.jpg,13.0,950,60,300,120,1462.5,1223.8,3.8,108.3,421.0,HB_nadpisane,3.2,3.6,0.32,0.01,0.05,0.039,0.05,0.05
3.6Si_950-60-300-120_13mm_*,poprawne_adi,3.6 Si,POPRAWNE_ADI\3.6Si.300.13mm_1000x,POPRAWNE_ADI\3.6Si.300.13mm_1000x\3.6Si_950-60-300-120_13mm_1000x-100.jpg,3.6Si_950-60-300-120_13mm_1000x-100.jpg,13.0,950,60,300,120,1462.5,1223.8,3.8,108.3,421.0,HB_nadpisane,3.2,3.6,0.32,0.01,0.05,0.039,0.05,0.05
3.6Si_950-60-300-120_13mm_*,poprawne_adi,3.6 Si,POPRAWNE_ADI\3.6Si.300.13mm_1000x,POPRAWNE_ADI\3.6Si.300.13mm_1000x\3.6Si_950-60-300-120_13mm_1000x-101.jpg,3.6Si_950-60-300-120_13mm_1000x-101.jpg,13.0,950,60,300,120,1462.5,1223.8,3.8,108.3,421.0,HB_nadpisane,3.2,3.6,0.32,0.01,0.05,0.039,0.05,0.05
3.6Si_950-60-300-120_13mm_*,poprawne_adi,3.6 Si,POPRAWNE_ADI\3.6Si.300.13mm_1000x,POPRAWNE_ADI\3.6Si.300.13mm_1000x\3.6Si_950-60-300-120_13mm_1000x-102.jpg,3.6Si_950-60-300-120_13mm_1000x-102.jpg,13.0,950,60,300,120,1462.5,1223.8,3.8,108.3,421.0,HB_nadpisane,3.2,3.6,0.32,0.01,0.05,0.039,0.05,0.05
3.6Si_950-60-300-120_13mm_*,poprawne_adi,3.6 Si,POPRAWNE_ADI\3.6Si.300.13mm_1000x,POPRAWNE_ADI\3.6Si.300.13mm_1000x\3.6Si_950-60-300-120_13mm_1000x-103.jpg,3.6Si_950-60-300-120_13mm_1000x-103.jpg,13.0,950,60,300,120,1462.5,1223.8,3.8,108.3,421.0,HB_nadpisane,3.2,3.6,0.32,0.01,0.05,0.039,0.05,0.05
3.6Si_950-60-300-120_13mm_*,poprawne_adi,3.6 Si,POPRAWNE_ADI\3.6Si.300.13mm_1000x,POPRAWNE_ADI\3.6Si.300.13mm_1000x\3.6Si_950-60-300-120_13mm_1000x-104.jpg,3.6Si_950-60-300-120_13mm_1000x-104.jpg,13.0,950,60,300,120,1462.5,1223.8,3.8,108.3,421.0,HB_nadpisane,3.2,3.6,0.32,0.01,0.05,0.039,0.05,0.05
3.6Si_950-60-300-120_13mm_*,poprawne_adi,3.6 Si,POPRAWNE_ADI\3.6Si.300.13mm_1000x,POPRAWNE_ADI\3.6Si.300.13mm_1000x\3.6Si_950-60-300-120_13mm_1000x-105.jpg,3.6Si_950-60-300-120_13mm_1000x-105.jpg,13.0,950,60,300,120,1462.5,1223.8,3.8,108.3,421.0,HB_nadpisane,3.2,3.6,0.32,0.01,0.05,0.039,0.05,0.05
3.6Si_950-60-300-120_13mm_*,poprawne_adi,3.6 Si,POPRAWNE_ADI\3.6Si.300.13mm_1000x,POPRAWNE_ADI\3.6Si.300.13mm_1000x\3.6Si_950-60-300-120_13mm_1000x-106.jpg,3.6Si_950-60-300-120_13mm_1000x-106.jpg,13.0,950,60,300,120,1462.5,1223.8,3.8,108.3,421.0,HB_nadpisane,3.2,3.6,0.32,0.01,0.05,0.039,0.05,0.05
3.6Si_950-60-300-120_13mm_*,poprawne_adi,3.6 Si,POPRAWNE_ADI\3.6Si.300.13mm_1000x,POPRAWNE_ADI\3.6Si.300.13mm_1000x\3.6Si_950-60-300-120_13mm_1000x-107.jpg,3.6Si_950-60-300-120_13mm_1000x-107.jpg,13.0,950,60,300,120,1462.5,1223.8,3.8,108.3,421.0,HB_nadpisane,3.2,3.6,0.32,0.01,0.05,0.039,0.05,0.05
3.6Si_950-60-300-120_13mm_*,poprawne_adi,3.6 Si,POPRAWNE_ADI\3.6Si.300.13mm_1000x,POPRAWNE_ADI\3.6Si.300.13mm_1000x\3.6Si_950-60-300-120_13mm_1000x-108.jpg,3.6Si_950-60-300-120_13mm_1000x-108.jpg,13.0,950,60,300,120,1462.5,1223.8,3.8,108.3,421.0,HB_nadpisane,3.2,3.6,0.32,0.01,0.05,0.039,0.05,0.05
3.6Si_950-60-300-120_13mm_*,poprawne_adi,3.6 Si,POPRAWNE_ADI\3.6Si.300.13mm_1000x,POPRAWNE_ADI\3.6Si.300.13mm_1000x\3.6Si_950-60-300-120_13mm_1000x-109.jpg,3.6Si_950-60-300-120_13mm_1000x-109.jpg,13.0,950,60,300,120,1462.5,1223.8,3.8,108.3,421.0,HB_nadpisane,3.2,3.6,0.32,0.01,0.05,0.039,0.05,0.05
3.6Si_950-60-300-120_13mm_*,poprawne_adi,3.6 Si,POPRAWNE_ADI\3.6Si.300.13mm_1000x,POPRAWNE_ADI\3.6Si.300.13mm_1000x\3.6Si_950-60-300-120_13mm_1000x-110.jpg,3.6Si_950-60-300-120_13mm_1000x-110.jpg,13.0,950,60,300,120,1462.5,1223.8,3.8,108.3,421.0,HB_nadpisane,3.2,3.6,0.32,0.01,0.05,0.039,0.05,0.05
3.6Si_950-60-300-120_13mm_*,poprawne_adi,3.6 Si,POPRAWNE_ADI\3.6Si.300.13mm_1000x,POPRAWNE_ADI\3.6Si.300.13mm_1000x\3.6Si_950-60-300-120_13mm_1000x-111.jpg,3.6Si_950-60-300-120_13mm_1000x-111.jpg,13.0,950,60,300,120,1462.5,1223.8,3.8,108.3,421.0,HB_nadpisane,3.2,3.6,0.32,0.01,0.05,0.039,0.05,0.05
3.6Si_950-60-300-120_13mm_*,poprawne_adi,3.6 Si,POPRAWNE_ADI\3.6Si.300.13mm_1000x,POPRAWNE_ADI\3.6Si.300.13mm_1000x\3.6Si_950-60-300-120_13mm_1000x-112.jpg,3.6Si_950-60-300-120_13mm_1000x-112.jpg,13.0,950,60,300,120,1462.5,1223.8,3.8,108.3,421.0,HB_nadpisane,3.2,3.6,0.32,0.01,0.05,0.039,0.05,0.05
3.6Si_950-60-300-120_13mm_*,poprawne_adi,3.6 Si,POPRAWNE_ADI\3.6Si.300.13mm_1000x,POPRAWNE_ADI\3.6Si.300.13mm_1000x\3.6Si_950-60-300-120_13mm_1000x-113.jpg,3.6Si_950-60-300-120_13mm_1000x-113.jpg,13.0,950,60,300,120,1462.5,1223.8,3.8,108.3,421.0,HB_nadpisane,3.2,3.6,0.32,0.01,0.05,0.039,0.05,0.05
3.6Si_950-60-300-120_13mm_*,poprawne_adi,3.6 Si,POPRAWNE_ADI\3.6Si.300.13mm_1000x,POPRAWNE_ADI\3.6Si.300.13mm_1000x\3.6Si_950-60-300-120_13mm_1000x-114.jpg,3.6Si_950-60-300-120_13mm_1000x-114.jpg,13.0,950,60,300,120,1462.5,1223.8,3.8,108.3,421.0,HB_nadpisane,3.2,3.6,0.32,0.01,0.05,0.039,0.05,0.05
3.6Si_950-60-300-120_13mm_*,poprawne_adi,3.6 Si,POPRAWNE_ADI\3.6Si.300.13mm_1000x,POPRAWNE_ADI\3.6Si.300.13mm_1000x\3.6Si_950-60-300-120_13mm_1000x-115.jpg,3.6Si_950-60-300-120_13mm_1000x-115.jpg,13.0,950,60,300,120,1462.5,1223.8,3.8,108.3,421.0,HB_nadpisane,3.2,3.6,0.32,0.01,0.05,0.039,0.05,0.05
3.6Si_950-60-300-120_13mm_*,poprawne_adi,3.6 Si,POPRAWNE_ADI\3.6Si.300.13mm_1000x,POPRAWNE_ADI\3.6Si.300.13mm_1000x\3.6Si_950-60-300-120_13mm_1000x-116.jpg,3.6Si_950-60-300-120_13mm_1000x-116.jpg,13.0,950,60,300,120,1462.5,1223.8,3.8,108.3,421.0,HB_nadpisane,3.2,3.6,0.32,0.01,0.05,0.039,0.05,0.05
3.6Si_950-60-300-120_13mm_*,poprawne_adi,3.6 Si,POPRAWNE_ADI\3.6Si.300.13mm_1000x,POPRAWNE_ADI\3.6Si.300.13mm_1000x\3.6Si_950-60-300-120_13mm_1000x-117.jpg,3.6Si_950-60-300-120_13mm_1000x-117.jpg,13.0,950,60,300,120,1462.5,1223.8,3.8,108.3,421.0,HB_nadpisane,3.2,3.6,0.32,0.01,0.05,0.039,0.05,0.05
3.6Si_950-60-300-120_13mm_*,poprawne_adi,3.6 Si,POPRAWNE_ADI\3.6Si.300.13mm_1000x,POPRAWNE_ADI\3.6Si.300.13mm_1000x\3.6Si_950-60-300-120_13mm_1000x-118.jpg,3.6Si_950-60-300-120_13mm_1000x-118.jpg,13.0,950,60,300,120,1462.5,1223.8,3.8,108.3,421.0,HB_nadpisane,3.2,3.6,0.32,0.01,0.05,0.039,0.05,0.05
3.6Si_950-60-300-120_13mm_*,poprawne_adi,3.6 Si,POPRAWNE_ADI\3.6Si.300.13mm_1000x,POPRAWNE_ADI\3.6Si.300.13mm_1000x\3.6Si_950-60-300-120_13mm_1000x-119.jpg,3.6Si_950-60-300-120_13mm_1000x-119.jpg,13.0,950,60,300,120,1462.5,1223.8,3.8,108.3,421.0,HB_nadpisane,3.2,3.6,0.32,0.01,0.05,0.039,0.05,0.05
3.6Si_950-60-300-120_13mm_*,poprawne_adi,3.6 Si,POPRAWNE_ADI\3.6Si.300.13mm_1000x,POPRAWNE_ADI\3.6Si.300.13mm_1000x\3.6Si_950-60-300-120_13mm_1000x-120.jpg,3.6Si_950-60-300-120_13mm_1000x-120.jpg,13.0,950,60,300,120,1462.5,1223.8,3.8,108.3,421.0,HB_nadpisane,3.2,3.6,0.32,0.01,0.05,0.039,0.05,0.05
3.6Si_950-60-300-120_13mm_*,poprawne_adi,3.6 Si,POPRAWNE_ADI\3.6Si.300.13mm_1000x,POPRAWNE_ADI\3.6Si.300.13mm_1000x\3.6Si_950-60-300-120_13mm_1000x-121.jpg,3.6Si_950-60-300-120_13mm_1000x-121.jpg,13.0,950,60,300,120,1462.5,1223.8,3.8,108.3,421.0,HB_nadpisane,3.2,3.6,0.32,0.01,0.05,0.039,0.05,0.05
3.6Si_950-60-300-120_13mm_*,poprawne_adi,3.6 Si,POPRAWNE_ADI\3.6Si.300.13mm_1000x,POPRAWNE_ADI\3.6Si.300.13mm_1000x\3.6Si_950-60-300-120_13mm_1000x-122.jpg,3.6Si_950-60-300-120_13mm_1000x-122.jpg,13.0,950,60,300,120,1462.5,1223.8,3.8,108.3,421.0,HB_nadpisane,3.2,3.6,0.32,0.01,0.05,0.039,0.05,0.05
3.6Si_950-60-300-120_13mm_*,poprawne_adi,3.6 Si,POPRAWNE_ADI\3.6Si.300.13mm_1000x,POPRAWNE_ADI\3.6Si.300.13mm_1000x\3.6Si_950-60-300-120_13mm_1000x-123.jpg,3.6Si_950-60-300-120_13mm_1000x-123.jpg,13.0,950,60,300,120,1462.5,1223.8,3.8,108.3,421.0,HB_nadpisane,3.2,3.6,0.32,0.01,0.05,0.039,0.05,0.05
3.6Si_950-60-300-120_13mm_*,poprawne_adi,3.6 Si,POPRAWNE_ADI\3.6Si.300.13mm_1000x,POPRAWNE_ADI\3.6Si.300.13mm_1000x\3.6Si_950-60-300-120_13mm_1000x-124.jpg,3.6Si_950-60-300-120_13mm_1000x-124.jpg,13.0,950,60,300,120,1462.5,1223.8,3.8,108.3,421.0,HB_nadpisane,3.2,3.6,0.32,0.01,0.05,0.039,0.05,0.05
3.6Si_950-60-300-120_13mm_*,poprawne_adi,3.6 Si,POPRAWNE_ADI\3.6Si.300.13mm_1000x,POPRAWNE_ADI\3.6Si.300.13mm_1000x\3.6Si_950-60-300-120_13mm_1000x-125.jpg,3.6Si_950-60-300-120_13mm_1000x-125.jpg,13.0,950,60,300,120,1462.5,1223.8,3.8,108.3,421.0,HB_nadpisane,3.2,3.6,0.32,0.01,0.05,0.039,0.05,0.05
3.6Si_950-60-300-120_13mm_*,poprawne_adi,3.6 Si,POPRAWNE_ADI\3.6Si.300.13mm_1000x,POPRAWNE_ADI\3.6Si.300.13mm_1000x\3.6Si_950-60-300-120_13mm_1000x-126.jpg,3.6Si_950-60-300-120_13mm_1000x-126.jpg,13.0,950,60,300,120,1462.5,1223.8,3.8,108.3,421.0,HB_nadpisane,3.2,3.6,0.32,0.01,0.05,0.039,0.05,0.05
3.6Si_950-60-300-120_13mm_*,poprawne_adi,3.6 Si,POPRAWNE_ADI\3.6Si.300.13mm_1000x,POPRAWNE_ADI\3.6Si.300.13mm_1000x\3.6Si_950-60-300-120_13mm_1000x-127.jpg,3.6Si_950-60-300-120_13mm_1000x-127.jpg,13.0,950,60,300,120,1462.5,1223.8,3.8,108.3,421.0,HB_nadpisane,3.2,3.6,0.32,0.01,0.05,0.039,0.05,0.05
3.6Si_950-60-300-120_13mm_*,poprawne_adi,3.6 Si,POPRAWNE_ADI\3.6Si.300.13mm_1000x,POPRAWNE_ADI\3.6Si.300.13mm_1000x\3.6Si_950-60-300-120_13mm_1000x-128.jpg,3.6Si_950-60-300-120_13mm_1000x-128.jpg,13.0,950,60,300,120,1462.5,1223.8,3.8,108.3,421.0,HB_nadpisane,3.2,3.6,0.32,0.01,0.05,0.039,0.05,0.05
3.6Si_950-60-300-120_13mm_*,poprawne_adi,3.6 Si,POPRAWNE_ADI\3.6Si.300.13mm_1000x,POPRAWNE_ADI\3.6Si.300.13mm_1000x\3.6Si_950-60-300-120_13mm_1000x-129.jpg,3.6Si_950-60-300-120_13mm_1000x-129.jpg,13.0,950,60,300,120,1462.5,1223.8,3.8,108.3,421.0,HB_nadpisane,3.2,3.6,0.32,0.01,0.05,0.039,0.05,0.05
3.6Si_950-60-300-120_13mm_*,poprawne_adi,3.6 Si,POPRAWNE_ADI\3.6Si.300.13mm_1000x,POPRAWNE_ADI\3.6Si.300.13mm_1000x\3.6Si_950-60-300-120_13mm_1000x-130.jpg,3.6Si_950-60-300-120_13mm_1000x-130.jpg,13.0,950,60,300,120,1462.5,1223.8,3.8,108.3,421.0,HB_nadpisane,3.2,3.6,0.32,0.01,0.05,0.039,0.05,0.05
3.6Si_950-60-300-120_13mm_*,poprawne_adi,3.6 Si,POPRAWNE_ADI\3.6Si.300.13mm_1000x,POPRAWNE_ADI\3.6Si.300.13mm_1000x\3.6Si_950-60-300-120_13mm_1000x-131.jpg,3.6Si_950-60-300-120_13mm_1000x-131.jpg,13.0,950,60,300,120,1462.5,1223.8,3.8,108.3,421.0,HB_nadpisane,3.2,3.6,0.32,0.01,0.05,0.039,0.05,0.05
3.6Si_950-60-300-120_13mm_*,poprawne_adi,3.6 Si,POPRAWNE_ADI\3.6Si.300.13mm_1000x,POPRAWNE_ADI\3.6Si.300.13mm_1000x\3.6Si_950-60-300-120_13mm_1000x-132.jpg,3.6Si_950-60-300-120_13mm_1000x-132.jpg,13.0,950,60,300,120,1462.5,1223.8,3.8,108.3,421.0,HB_nadpisane,3.2,3.6,0.32,0.01,0.05,0.039,0.05,0.05
3.6Si_950-60-300-120_13mm_*,poprawne_adi,3.6 Si,POPRAWNE_ADI\3.6Si.300.13mm_1000x,POPRAWNE_ADI\3.6Si.300.13mm_1000x\3.6Si_950-60-300-120_13mm_1000x-133.jpg,3.6Si_950-60-300-120_13mm_1000x-133.jpg,13.0,950,60,300,120,1462.5,1223.8,3.8,108.3,421.0,HB_nadpisane,3.2,3.6,0.32,0.01,0.05,0.039,0.05,0.05
3.6Si_950-60-300-120_13mm_*,poprawne_adi,3.6 Si,POPRAWNE_ADI\3.6Si.300.13mm_1000x,POPRAWNE_ADI\3.6Si.300.13mm_1000x\3.6Si_950-60-300-120_13mm_1000x-134.jpg,3.6Si_950-60-300-120_13mm_1000x-134.jpg,13.0,950,60,300,120,1462.5,1223.8,3.8,108.3,421.0,HB_nadpisane,3.2,3.6,0.32,0.01,0.05,0.039,0.05,0.05
3.6Si_950-60-300-120_13mm_*,poprawne_adi,3.6 Si,POPRAWNE_ADI\3.6Si.300.13mm_1000x,POPRAWNE_ADI\3.6Si.300.13mm_1000x\3.6Si_950-60-300-120_13mm_1000x-135.jpg,3.6Si_950-60-300-120_13mm_1000x-135.jpg,13.0,950,60,300,120,1462.5,1223.8,3.8,108.3,421.0,HB_nadpisane,3.2,3.6,0.32,0.01,0.05,0.039,0.05,0.05
3.6Si_950-60-300-120_13mm_*,poprawne_adi,3.6 Si,POPRAWNE_ADI\3.6Si.300.13mm_1000x,POPRAWNE_ADI\3.6Si.300.13mm_1000x\3.6Si_950-60-300-120_13mm_1000x-136.jpg,3.6Si_950-60-300-120_13mm_1000x-136.jpg,13.0,950,60,300,120,1462.5,1223.8,3.8,108.3,421.0,HB_nadpisane,3.2,3.6,0.32,0.01,0.05,0.039,0.05,0.05
3.6Si_950-60-300-120_13mm_*,poprawne_adi,3.6 Si,POPRAWNE_ADI\3.6Si.300.13mm_1000x,POPRAWNE_ADI\3.6Si.300.13mm_1000x\3.6Si_950-60-300-120_13mm_1000x-137.jpg,3.6Si_950-60-300-120_13mm_1000x-137.jpg,13.0,950,60,300,120,1462.5,1223.8,3.8,108.3,421.0,HB_nadpisane,3.2,3.6,0.32,0.01,0.05,0.039,0.05,0.05
3.6Si_950-60-300-120_13mm_*,poprawne_adi,3.6 Si,POPRAWNE_ADI\3.6Si.300.13mm_1000x,POPRAWNE_ADI\3.6Si.300.13mm_1000x\3.6Si_950-60-300-120_13mm_1000x-138.jpg,3.6Si_950-60-300-120_13mm_1000x-138.jpg,13.0,950,60,300,120,1462.5,1223.8,3.8,108.3,421.0,HB_nadpisane,3.2,3.6,0.32,0.01,0.05,0.039,0.05,0.05
3.6Si_950-60-300-120_13mm_*,poprawne_adi,3.6 Si,POPRAWNE_ADI\3.6Si.300.13mm_1000x,POPRAWNE_ADI\3.6Si.300.13mm_1000x\3.6Si_950-60-300-120_13mm_1000x-139.jpg,3.6Si_950-60-300-120_13mm_1000x-139.jpg,13.0,950,60,300,120,1462.5,1223.8,3.8,108.3,421.0,HB_nadpisane,3.2,3.6,0.32,0.01,0.05,0.039,0.05,0.05
3.6Si_950-60-300-120_13mm_*,poprawne_adi,3.6 Si,POPRAWNE_ADI\3.6Si.300.13mm_1000x,POPRAWNE_ADI\3.6Si.300.13mm_1000x\3.6Si_950-60-300-120_13mm_1000x-140.jpg,3.6Si_950-60-300-120_13mm_1000x-140.jpg,13.0,950,60,300,120,1462.5,1223.8,3.8,108.3,421.0,HB_nadpisane,3.2,3.6,0.32,0.01,0.05,0.039,0.05,0.05
3.6Si_950-60-300-120_13mm_*,poprawne_adi,3.6 Si,POPRAWNE_ADI\3.6Si.300.13mm_1000x,POPRAWNE_ADI\3.6Si.300.13mm_1000x\3.6Si_950-60-300-120_13mm_1000x-141.jpg,3.6Si_950-60-300-120_13mm_1000x-141.jpg,13.0,950,60,300,120,1462.5,1223.8,3.8,108.3,421.0,HB_nadpisane,3.2,3.6,0.32,0.01,0.05,0.039,0.05,0.05
3.6Si_950-60-300-120_13mm_*,poprawne_adi,3.6 Si,POPRAWNE_ADI\3.6Si.300.13mm_1000x,POPRAWNE_ADI\3.6Si.300.13mm_1000x\3.6Si_950-60-300-120_13mm_1000x-142.jpg,3.6Si_950-60-300-120_13mm_1000x-142.jpg,13.0,950,60,300,120,1462.5,1223.8,3.8,108.3,421.0,HB_nadpisane,3.2,3.6,0.32,0.01,0.05,0.039,0.05,0.05
3.6Si_950-60-300-120_13mm_*,poprawne_adi,3.6 Si,POPRAWNE_ADI\3.6Si.300.13mm_1000x,POPRAWNE_ADI\3.6Si.300.13mm_1000x\3.6Si_950-60-300-120_13mm_1000x-143.jpg,3.6Si_950-60-300-120_13mm_1000x-143.jpg,13.0,950,60,300,120,1462.5,1223.8,3.8,108.3,421.0,HB_nadpisane,3.2,3.6,0.32,0.01,0.05,0.039,0.05,0.05
3.6Si_950-60-300-120_13mm_*,poprawne_adi,3.6 Si,POPRAWNE_ADI\3.6Si.300.13mm_1000x,POPRAWNE_ADI\3.6Si.300.13mm_1000x\3.6Si_950-60-300-120_13mm_1000x-144.jpg,3.6Si_950-60-300-120_13mm_1000x-144.jpg,13.0,950,60,300,120,1462.5,1223.8,3.8,108.3,421.0,HB_nadpisane,3.2,3.6,0.32,0.01,0.05,0.039,0.05,0.05
3.6Si_950-60-300-120_13mm_*,poprawne_adi,3.6 Si,POPRAWNE_ADI\3.6Si.300.13mm_1000x,POPRAWNE_ADI\3.6Si.300.13mm_1000x\3.6Si_950-60-300-120_13mm_1000x-145.jpg,3.6Si_950-60-300-120_13mm_1000x-145.jpg,13.0,950,60,300,120,1462.5,1223.8,3.8,108.3,421.0,HB_nadpisane,3.2,3.6,0.32,0.01,0.05,0.039,0.05,0.05
3.6Si_950-60-300-120_13mm_*,poprawne_adi,3.6 Si,POPRAWNE_ADI\3.6Si.300.13mm_1000x,POPRAWNE_ADI\3.6Si.300.13mm_1000x\3.6Si_950-60-300-120_13mm_1000x-146.jpg,3.6Si_950-60-300-120_13mm_1000x-146.jpg,13.0,950,60,300,120,1462.5,1223.8,3.8,108.3,421.0,HB_nadpisane,3.2,3.6,0.32,0.01,0.05,0.039,0.05,0.05
3.6Si_950-60-300-120_13mm_*,poprawne_adi,3.6 Si,POPRAWNE_ADI\3.6Si.300.13mm_1000x,POPRAWNE_ADI\3.6Si.300.13mm_1000x\3.6Si_950-60-300-120_13mm_1000x-147.jpg,3.6Si_950-60-300-120_13mm_1000x-147.jpg,13.0,950,60,300,120,1462.5,1223.8,3.8,108.3,421.0,HB_nadpisane,3.2,3.6,0.32,0.01,0.05,0.039,0.05,0.05
3.6Si_950-60-300-120_13mm_*,poprawne_adi,3.6 Si,POPRAWNE_ADI\3.6Si.300.13mm_1000x,POPRAWNE_ADI\3.6Si.300.13mm_1000x\3.6Si_950-60-300-120_13mm_1000x-148.jpg,3.6Si_950-60-300-120_13mm_1000x-148.jpg,13.0,950,60,300,120,1462.5,1223.8,3.8,108.3,421.0,HB_nadpisane,3.2,3.6,0.32,0.01,0.05,0.039,0.05,0.05
3.6Si_950-60-300-120_13mm_*,poprawne_adi,3.6 Si,POPRAWNE_ADI\3.6Si.300.13mm_1000x,POPRAWNE_ADI\3.6Si.300.13mm_1000x\3.6Si_950-60-300-120_13mm_1000x-149.jpg,3.6Si_950-60-300-120_13mm_1000x-149.jpg,13.0,950,60,300,120,1462.5,1223.8,3.8,108.3,421.0,HB_nadpisane,3.2,3.6,0.32,0.01,0.05,0.039,0.05,0.05
3.6Si_950-60-300-120_13mm_*,poprawne_adi,3.6 Si,POPRAWNE_ADI\3.6Si.300.13mm_1000x,POPRAWNE_ADI\3.6Si.300.13mm_1000x\3.6Si_950-60-300-120_13mm_1000x-150.jpg,3.6Si_950-60-300-120_13mm_1000x-150.jpg,13.0,950,60,300,120,1462.5,1223.8,3.8,108.3,421.0,HB_nadpisane,3.2,3.6,0.32,0.01,0.05,0.039,0.05,0.05
3.6Si_950-60-300-120_13mm_*,poprawne_adi,3.6 Si,POPRAWNE_ADI\3.6Si.300.13mm_1000x,POPRAWNE_ADI\3.6Si.300.13mm_1000x\3.6Si_950-60-300-120_13mm_1000x-151.jpg,3.6Si_950-60-300-120_13mm_1000x-151.jpg,13.0,950,60,300,120,1462.5,1223.8,3.8,108.3,421.0,HB_nadpisane,3.2,3.6,0.32,0.01,0.05,0.039,0.05,0.05
3.6Si_950-60-300-120_13mm_*,poprawne_adi,3.6 Si,POPRAWNE_ADI\3.6Si.300.13mm_1000x,POPRAWNE_ADI\3.6Si.300.13mm_1000x\3.6Si_950-60-300-120_13mm_1000x-152.jpg,3.6Si_950-60-300-120_13mm_1000x-152.jpg,13.0,950,60,300,120,1462.5,1223.8,3.8,108.3,421.0,HB_nadpisane,3.2,3.6,0.32,0.01,0.05,0.039,0.05,0.05
3.6Si_950-60-300-120_13mm_*,poprawne_adi,3.6 Si,POPRAWNE_ADI\3.6Si.300.13mm_1000x,POPRAWNE_ADI\3.6Si.300.13mm_1000x\3.6Si_950-60-300-120_13mm_1000x-153.jpg,3.6Si_950-60-300-120_13mm_1000x-153.jpg,13.0,950,60,300,120,1462.5,1223.8,3.8,108.3,421.0,HB_nadpisane,3.2,3.6,0.32,0.01,0.05,0.039,0.05,0.05
3.6Si_950-60-300-120_13mm_*,poprawne_adi,3.6 Si,POPRAWNE_ADI\3.6Si.300.13mm_1000x,POPRAWNE_ADI\3.6Si.300.13mm_1000x\3.6Si_950-60-300-120_13mm_1000x-154.jpg,3.6Si_950-60-300-120_13mm_1000x-154.jpg,13.0,950,60,300,120,1462.5,1223.8,3.8,108.3,421.0,HB_nadpisane,3.2,3.6,0.32,0.01,0.05,0.039,0.05,0.05
3.6Si_950-60-300-120_13mm_*,poprawne_adi,3.6 Si,POPRAWNE_ADI\3.6Si.300.13mm_1000x,POPRAWNE_ADI\3.6Si.300.13mm_1000x\3.6Si_950-60-300-120_13mm_1000x-155.jpg,3.6Si_950-60-300-120_13mm_1000x-155.jpg,13.0,950,60,300,120,1462.5,1223.8,3.8,108.3,421.0,HB_nadpisane,3.2,3.6,0.32,0.01,0.05,0.039,0.05,0.05
3.6Si_950-60-300-120_13mm_*,poprawne_adi,3.6 Si,POPRAWNE_ADI\3.6Si.300.13mm_1000x,POPRAWNE_ADI\3.6Si.300.13mm_1000x\3.6Si_950-60-300-120_13mm_1000x-156.jpg,3.6Si_950-60-300-120_13mm_1000x-156.jpg,13.0,950,60,300,120,1462.5,1223.8,3.8,108.3,421.0,HB_nadpisane,3.2,3.6,0.32,0.01,0.05,0.039,0.05,0.05
3.6Si_950-60-300-120_13mm_*,poprawne_adi,3.6 Si,POPRAWNE_ADI\3.6Si.300.13mm_1000x,POPRAWNE_ADI\3.6Si.300.13mm_1000x\3.6Si_950-60-300-120_13mm_1000x-157.jpg,3.6Si_950-60-300-120_13mm_1000x-157.jpg,13.0,950,60,300,120,1462.5,1223.8,3.8,108.3,421.0,HB_nadpisane,3.2,3.6,0.32,0.01,0.05,0.039,0.05,0.05
3.6Si_950-60-300-120_13mm_*,poprawne_adi,3.6 Si,POPRAWNE_ADI\3.6Si.300.13mm_1000x,POPRAWNE_ADI\3.6Si.300.13mm_1000x\3.6Si_950-60-300-120_13mm_1000x-158.jpg,3.6Si_950-60-300-120_13mm_1000x-158.jpg,13.0,950,60,300,120,1462.5,1223.8,3.8,108.3,421.0,HB_nadpisane,3.2,3.6,0.32,0.01,0.05,0.039,0.05,0.05
3.6Si_950-60-300-120_13mm_*,poprawne_adi,3.6 Si,POPRAWNE_ADI\3.6Si.300.13mm_1000x,POPRAWNE_ADI\3.6Si.300.13mm_1000x\3.6Si_950-60-300-120_13mm_1000x-159.jpg,3.6Si_950-60-300-120_13mm_1000x-159.jpg,13.0,950,60,300,120,1462.5,1223.8,3.8,108.3,421.0,HB_nadpisane,3.2,3.6,0.32,0.01,0.05,0.039,0.05,0.05
3.6Si_950-60-300-120_13mm_*,poprawne_adi,3.6 Si,POPRAWNE_ADI\3.6Si.300.13mm_1000x,POPRAWNE_ADI\3.6Si.300.13mm_1000x\3.6Si_950-60-300-120_13mm_1000x-160.jpg,3.6Si_950-60-300-120_13mm_1000x-160.jpg,13.0,950,60,300,120,1462.5,1223.8,3.8,108.3,421.0,HB_nadpisane,3.2,3.6,0.32,0.01,0.05,0.039,0.05,0.05
3.6Si_950-60-300-120_13mm_*,poprawne_adi,3.6 Si,POPRAWNE_ADI\3.6Si.300.13mm_1000x,POPRAWNE_ADI\3.6Si.300.13mm_1000x\3.6Si_950-60-300-120_13mm_1000x-161.jpg,3.6Si_950-60-300-120_13mm_1000x-161.jpg,13.0,950,60,300,120,1462.5,1223.8,3.8,108.3,421.0,HB_nadpisane,3.2,3.6,0.32,0.01,0.05,0.039,0.05,0.05
3.6Si_950-60-300-120_13mm_*,poprawne_adi,3.6 Si,POPRAWNE_ADI\3.6Si.300.13mm_1000x,POPRAWNE_ADI\3.6Si.300.13mm_1000x\3.6Si_950-60-300-120_13mm_1000x-162.jpg,3.6Si_950-60-300-120_13mm_1000x-162.jpg,13.0,950,60,300,120,1462.5,1223.8,3.8,108.3,421.0,HB_nadpisane,3.2,3.6,0.32,0.01,0.05,0.039,0.05,0.05
3.6Si_950-60-300-120_13mm_*,poprawne_adi,3.6 Si,POPRAWNE_ADI\3.6Si.300.13mm_1000x,POPRAWNE_ADI\3.6Si.300.13mm_1000x\3.6Si_950-60-300-120_13mm_1000x-163.jpg,3.6Si_950-60-300-120_13mm_1000x-163.jpg,13.0,950,60,300,120,1462.5,1223.8,3.8,108.3,421.0,HB_nadpisane,3.2,3.6,0.32,0.01,0.05,0.039,0.05,0.05
3.6Si_950-60-300-120_13mm_*,poprawne_adi,3.6 Si,POPRAWNE_ADI\3.6Si.300.13mm_1000x,POPRAWNE_ADI\3.6Si.300.13mm_1000x\3.6Si_950-60-300-120_13mm_1000x-164.jpg,3.6Si_950-60-300-120_13mm_1000x-164.jpg,13.0,950,60,300,120,1462.5,1223.8,3.8,108.3,421.0,HB_nadpisane,3.2,3.6,0.32,0.01,0.05,0.039,0.05,0.05
3.6Si_950-60-300-120_13mm_*,poprawne_adi,3.6 Si,POPRAWNE_ADI\3.6Si.300.13mm_1000x,POPRAWNE_ADI\3.6Si.300.13mm_1000x\3.6Si_950-60-300-120_13mm_1000x-165.jpg,3.6Si_950-60-300-120_13mm_1000x-165.jpg,13.0,950,60,300,120,1462.5,1223.8,3.8,108.3,421.0,HB_nadpisane,3.2,3.6,0.32,0.01,0.05,0.039,0.05,0.05
3.6Si_950-60-300-120_13mm_*,poprawne_adi,3.6 Si,POPRAWNE_ADI\3.6Si.300.13mm_1000x,POPRAWNE_ADI\3.6Si.300.13mm_1000x\3.6Si_950-60-300-120_13mm_1000x-166.jpg,3.6Si_950-60-300-120_13mm_1000x-166.jpg,13.0,950,60,300,120,1462.5,1223.8,3.8,108.3,421.0,HB_nadpisane,3.2,3.6,0.32,0.01,0.05,0.039,0.05,0.05
3.6Si_950-60-300-120_13mm_*,poprawne_adi,3.6 Si,POPRAWNE_ADI\3.6Si.300.13mm_1000x,POPRAWNE_ADI\3.6Si.300.13mm_1000x\3.6Si_950-60-300-120_13mm_1000x-167.jpg,3.6Si_950-60-300-120_13mm_1000x-167.jpg,13.0,950,60,300,120,1462.5,1223.8,3.8,108.3,421.0,HB_nadpisane,3.2,3.6,0.32,0.01,0.05,0.039,0.05,0.05
3.6Si_950-60-300-120_13mm_*,poprawne_adi,3.6 Si,POPRAWNE_ADI\3.6Si.300.13mm_1000x,POPRAWNE_ADI\3.6Si.300.13mm_1000x\3.6Si_950-60-300-120_13mm_1000x-168.jpg,3.6Si_950-60-300-120_13mm_1000x-168.jpg,13.0,950,60,300,120,1462.5,1223.8,3.8,108.3,421.0,HB_nadpisane,3.2,3.6,0.32,0.01,0.05,0.039,0.05,0.05
3.6Si_950-60-300-120_13mm_*,poprawne_adi,3.6 Si,POPRAWNE_ADI\3.6Si.300.13mm_1000x,POPRAWNE_ADI\3.6Si.300.13mm_1000x\3.6Si_950-60-300-120_13mm_1000x-169.jpg,3.6Si_950-60-300-120_13mm_1000x-169.jpg,13.0,950,60,300,120,1462.5,1223.8,3.8,108.3,421.0,HB_nadpisane,3.2,3.6,0.32,0.01,0.05,0.039,0.05,0.05
3.6Si_950-60-300-120_13mm_*,poprawne_adi,3.6 Si,POPRAWNE_ADI\3.6Si.300.13mm_1000x,POPRAWNE_ADI\3.6Si.300.13mm_1000x\3.6Si_950-60-300-120_13mm_1000x-170.jpg,3.6Si_950-60-300-120_13mm_1000x-170.jpg,13.0,950,60,300,120,1462.5,1223.8,3.8,108.3,421.0,HB_nadpisane,3.2,3.6,0.32,0.01,0.05,0.039,0.05,0.05
3.6Si_950-60-300-120_13mm_*,poprawne_adi,3.6 Si,POPRAWNE_ADI\3.6Si.300.13mm_1000x,POPRAWNE_ADI\3.6Si.300.13mm_1000x\3.6Si_950-60-300-120_13mm_1000x-171.jpg,3.6Si_950-60-300-120_13mm_1000x-171.jpg,13.0,950,60,300,120,1462.5,1223.8,3.8,108.3,421.0,HB_nadpisane,3.2,3.6,0.32,0.01,0.05,0.039,0.05,0.05
3.6Si_950-60-300-120_13mm_*,poprawne_adi,3.6 Si,POPRAWNE_ADI\3.6Si.300.13mm_1000x,POPRAWNE_ADI\3.6Si.300.13mm_1000x\3.6Si_950-60-300-120_13mm_1000x-172.jpg,3.6Si_950-60-300-120_13mm_1000x-172.jpg,13.0,950,60,300,120,1462.5,1223.8,3.8,108.3,421.0,HB_nadpisane,3.2,3.6,0.32,0.01,0.05,0.039,0.05,0.05
3.6Si_950-60-300-120_13mm_*,poprawne_adi,3.6 Si,POPRAWNE_ADI\3.6Si.300.13mm_1000x,POPRAWNE_ADI\3.6Si.300.13mm_1000x\3.6Si_950-60-300-120_13mm_1000x-173.jpg,3.6Si_950-60-300-120_13mm_1000x-173.jpg,13.0,950,60,300,120,1462.5,1223.8,3.8,108.3,421.0,HB_nadpisane,3.2,3.6,0.32,0.01,0.05,0.039,0.05,0.05
3.6Si_950-60-300-120_13mm_*,poprawne_adi,3.6 Si,POPRAWNE_ADI\3.6Si.300.13mm_1000x,POPRAWNE_ADI\3.6Si.300.13mm_1000x\3.6Si_950-60-300-120_13mm_1000x-174.jpg,3.6Si_950-60-300-120_13mm_1000x-174.jpg,13.0,950,60,300,120,1462.5,1223.8,3.8,108.3,421.0,HB_nadpisane,3.2,3.6,0.32,0.01,0.05,0.039,0.05,0.05
3.6Si_950-60-300-120_13mm_*,poprawne_adi,3.6 Si,POPRAWNE_ADI\3.6Si.300.13mm_1000x,POPRAWNE_ADI\3.6Si.300.13mm_1000x\3.6Si_950-60-300-120_13mm_1000x-175.jpg,3.6Si_950-60-300-120_13mm_1000x-175.jpg,13.0,950,60,300,120,1462.5,1223.8,3.8,108.3,421.0,HB_nadpisane,3.2,3.6,0.32,0.01,0.05,0.039,0.05,0.05
3.6Si_950-60-300-120_13mm_*,poprawne_adi,3.6 Si,POPRAWNE_ADI\3.6Si.300.13mm_1000x,POPRAWNE_ADI\3.6Si.300.13mm_1000x\3.6Si_950-60-300-120_13mm_1000x-176.jpg,3.6Si_950-60-300-120_13mm_1000x-176.jpg,13.0,950,60,300,120,1462.5,1223.8,3.8,108.3,421.0,HB_nadpisane,3.2,3.6,0.32,0.01,0.05,0.039,0.05,0.05
3.6Si_950-60-300-120_13mm_*,poprawne_adi,3.6 Si,POPRAWNE_ADI\3.6Si.300.13mm_1000x,POPRAWNE_ADI\3.6Si.300.13mm_1000x\3.6Si_950-60-300-120_13mm_1000x-177.jpg,3.6Si_950-60-300-120_13mm_1000x-177.jpg,13.0,950,60,300,120,1462.5,1223.8,3.8,108.3,421.0,HB_nadpisane,3.2,3.6,0.32,0.01,0.05,0.039,0.05,0.05
3.6Si_950-60-300-120_13mm_*,poprawne_adi,3.6 Si,POPRAWNE_ADI\3.6Si.300.13mm_1000x,POPRAWNE_ADI\3.6Si.300.13mm_1000x\3.6Si_950-60-300-120_13mm_1000x-178.jpg,3.6Si_950-60-300-120_13mm_1000x-178.jpg,13.0,950,60,300,120,1462.5,1223.8,3.8,108.3,421.0,HB_nadpisane,3.2,3.6,0.32,0.01,0.05,0.039,0.05,0.05
3.6Si_950-60-300-120_13mm_*,poprawne_adi,3.6 Si,POPRAWNE_ADI\3.6Si.300.13mm_1000x,POPRAWNE_ADI\3.6Si.300.13mm_1000x\3.6Si_950-60-300-120_13mm_1000x-179.jpg,3.6Si_950-60-300-120_13mm_1000x-179.jpg,13.0,950,60,300,120,1462.5,1223.8,3.8,108.3,421.0,HB_nadpisane,3.2,3.6,0.32,0.01,0.05,0.039,0.05,0.05
3.6Si_950-60-300-120_13mm_*,poprawne_adi,3.6 Si,POPRAWNE_ADI\3.6Si.300.13mm_1000x,POPRAWNE_ADI\3.6Si.300.13mm_1000x\3.6Si_950-60-300-120_13mm_1000x-180.jpg,3.6Si_950-60-300-120_13mm_1000x-180.jpg,13.0,950,60,300,120,1462.5,1223.8,3.8,108.3,421.0,HB_nadpisane,3.2,3.6,0.32,0.01,0.05,0.039,0.05,0.05
4Si_950-90-300-120_25mm_*,poprawne_adi,4 Si,POPRAWNE_ADI\4Si.300.25mm_1000x,POPRAWNE_ADI\4Si.300.25mm_1000x\4Si_950-90-300-120_25mm_1000x-001.jpg,4Si_950-90-300-120_25mm_1000x-001.jpg,25.0,950,90,300,120,1486.7,1193.7,4.9,91.4,421.0,HB_nadpisane,3.0,4.1,0.36,0.01,0.04,0.043,0.05,0.07
4Si_950-90-300-120_25mm_*,poprawne_adi,4 Si,POPRAWNE_ADI\4Si.300.25mm_1000x,POPRAWNE_ADI\4Si.300.25mm_1000x\4Si_950-90-300-120_25mm_1000x-002.jpg,4Si_950-90-300-120_25mm_1000x-002.jpg,25.0,950,90,300,120,1486.7,1193.7,4.9,91.4,421.0,HB_nadpisane,3.0,4.1,0.36,0.01,0.04,0.043,0.05,0.07
4Si_950-90-300-120_25mm_*,poprawne_adi,4 Si,POPRAWNE_ADI\4Si.300.25mm_1000x,POPRAWNE_ADI\4Si.300.25mm_1000x\4Si_950-90-300-120_25mm_1000x-003.jpg,4Si_950-90-300-120_25mm_1000x-003.jpg,25.0,950,90,300,120,1486.7,1193.7,4.9,91.4,421.0,HB_nadpisane,3.0,4.1,0.36,0.01,0.04,0.043,0.05,0.07
4Si_950-90-300-120_25mm_*,poprawne_adi,4 Si,POPRAWNE_ADI\4Si.300.25mm_1000x,POPRAWNE_ADI\4Si.300.25mm_1000x\4Si_950-90-300-120_25mm_1000x-004.jpg,4Si_950-90-300-120_25mm_1000x-004.jpg,25.0,950,90,300,120,1486.7,1193.7,4.9,91.4,421.0,HB_nadpisane,3.0,4.1,0.36,0.01,0.04,0.043,0.05,0.07
4Si_950-90-300-120_25mm_*,poprawne_adi,4 Si,POPRAWNE_ADI\4Si.300.25mm_1000x,POPRAWNE_ADI\4Si.300.25mm_1000x\4Si_950-90-300-120_25mm_1000x-005.jpg,4Si_950-90-300-120_25mm_1000x-005.jpg,25.0,950,90,300,120,1486.7,1193.7,4.9,91.4,421.0,HB_nadpisane,3.0,4.1,0.36,0.01,0.04,0.043,0.05,0.07
4Si_950-90-300-120_25mm_*,poprawne_adi,4 Si,POPRAWNE_ADI\4Si.300.25mm_1000x,POPRAWNE_ADI\4Si.300.25mm_1000x\4Si_950-90-300-120_25mm_1000x-006.jpg,4Si_950-90-300-120_25mm_1000x-006.jpg,25.0,950,90,300,120,1486.7,1193.7,4.9,91.4,421.0,HB_nadpisane,3.0,4.1,0.36,0.01,0.04,0.043,0.05,0.07
4Si_950-90-300-120_25mm_*,poprawne_adi,4 Si,POPRAWNE_ADI\4Si.300.25mm_1000x,POPRAWNE_ADI\4Si.300.25mm_1000x\4Si_950-90-300-120_25mm_1000x-007.jpg,4Si_950-90-300-120_25mm_1000x-007.jpg,25.0,950,90,300,120,1486.7,1193.7,4.9,91.4,421.0,HB_nadpisane,3.0,4.1,0.36,0.01,0.04,0.043,0.05,0.07
4Si_950-90-300-120_25mm_*,poprawne_adi,4 Si,POPRAWNE_ADI\4Si.300.25mm_1000x,POPRAWNE_ADI\4Si.300.25mm_1000x\4Si_950-90-300-120_25mm_1000x-008.jpg,4Si_950-90-300-120_25mm_1000x-008.jpg,25.0,950,90,300,120,1486.7,1193.7,4.9,91.4,421.0,HB_nadpisane,3.0,4.1,0.36,0.01,0.04,0.043,0.05,0.07
4Si_950-90-300-120_25mm_*,poprawne_adi,4 Si,POPRAWNE_ADI\4Si.300.25mm_1000x,POPRAWNE_ADI\4Si.300.25mm_1000x\4Si_950-90-300-120_25mm_1000x-009.jpg,4Si_950-90-300-120_25mm_1000x-009.jpg,25.0,950,90,300,120,1486.7,1193.7,4.9,91.4,421.0,HB_nadpisane,3.0,4.1,0.36,0.01,0.04,0.043,0.05,0.07
4Si_950-90-300-120_25mm_*,poprawne_adi,4 Si,POPRAWNE_ADI\4Si.300.25mm_1000x,POPRAWNE_ADI\4Si.300.25mm_1000x\4Si_950-90-300-120_25mm_1000x-010.jpg,4Si_950-90-300-120_25mm_1000x-010.jpg,25.0,950,90,300,120,1486.7,1193.7,4.9,91.4,421.0,HB_nadpisane,3.0,4.1,0.36,0.01,0.04,0.043,0.05,0.07
4Si_950-90-300-120_25mm_*,poprawne_adi,4 Si,POPRAWNE_ADI\4Si.300.25mm_1000x,POPRAWNE_ADI\4Si.300.25mm_1000x\4Si_950-90-300-120_25mm_1000x-011.jpg,4Si_950-90-300-120_25mm_1000x-011.jpg,25.0,950,90,300,120,1486.7,1193.7,4.9,91.4,421.0,HB_nadpisane,3.0,4.1,0.36,0.01,0.04,0.043,0.05,0.07
4Si_950-90-300-120_25mm_*,poprawne_adi,4 Si,POPRAWNE_ADI\4Si.300.25mm_1000x,POPRAWNE_ADI\4Si.300.25mm_1000x\4Si_950-90-300-120_25mm_1000x-012.jpg,4Si_950-90-300-120_25mm_1000x-012.jpg,25.0,950,90,300,120,1486.7,1193.7,4.9,91.4,421.0,HB_nadpisane,3.0,4.1,0.36,0.01,0.04,0.043,0.05,0.07
4Si_950-90-300-120_25mm_*,poprawne_adi,4 Si,POPRAWNE_ADI\4Si.300.25mm_1000x,POPRAWNE_ADI\4Si.300.25mm_1000x\4Si_950-90-300-120_25mm_1000x-013.jpg,4Si_950-90-300-120_25mm_1000x-013.jpg,25.0,950,90,300,120,1486.7,1193.7,4.9,91.4,421.0,HB_nadpisane,3.0,4.1,0.36,0.01,0.04,0.043,0.05,0.07
4Si_950-90-300-120_25mm_*,poprawne_adi,4 Si,POPRAWNE_ADI\4Si.300.25mm_1000x,POPRAWNE_ADI\4Si.300.25mm_1000x\4Si_950-90-300-120_25mm_1000x-014.jpg,4Si_950-90-300-120_25mm_1000x-014.jpg,25.0,950,90,300,120,1486.7,1193.7,4.9,91.4,421.0,HB_nadpisane,3.0,4.1,0.36,0.01,0.04,0.043,0.05,0.07
4Si_950-90-300-120_25mm_*,poprawne_adi,4 Si,POPRAWNE_ADI\4Si.300.25mm_1000x,POPRAWNE_ADI\4Si.300.25mm_1000x\4Si_950-90-300-120_25mm_1000x-015.jpg,4Si_950-90-300-120_25mm_1000x-015.jpg,25.0,950,90,300,120,1486.7,1193.7,4.9,91.4,421.0,HB_nadpisane,3.0,4.1,0.36,0.01,0.04,0.043,0.05,0.07
4Si_950-90-300-120_25mm_*,poprawne_adi,4 Si,POPRAWNE_ADI\4Si.300.25mm_1000x,POPRAWNE_ADI\4Si.300.25mm_1000x\4Si_950-90-300-120_25mm_1000x-016.jpg,4Si_950-90-300-120_25mm_1000x-016.jpg,25.0,950,90,300,120,1486.7,1193.7,4.9,91.4,421.0,HB_nadpisane,3.0,4.1,0.36,0.01,0.04,0.043,0.05,0.07
4Si_950-90-300-120_25mm_*,poprawne_adi,4 Si,POPRAWNE_ADI\4Si.300.25mm_1000x,POPRAWNE_ADI\4Si.300.25mm_1000x\4Si_950-90-300-120_25mm_1000x-017.jpg,4Si_950-90-300-120_25mm_1000x-017.jpg,25.0,950,90,300,120,1486.7,1193.7,4.9,91.4,421.0,HB_nadpisane,3.0,4.1,0.36,0.01,0.04,0.043,0.05,0.07
4Si_950-90-300-120_25mm_*,poprawne_adi,4 Si,POPRAWNE_ADI\4Si.300.25mm_1000x,POPRAWNE_ADI\4Si.300.25mm_1000x\4Si_950-90-300-120_25mm_1000x-018.jpg,4Si_950-90-300-120_25mm_1000x-018.jpg,25.0,950,90,300,120,1486.7,1193.7,4.9,91.4,421.0,HB_nadpisane,3.0,4.1,0.36,0.01,0.04,0.043,0.05,0.07
4Si_950-90-300-120_25mm_*,poprawne_adi,4 Si,POPRAWNE_ADI\4Si.300.25mm_1000x,POPRAWNE_ADI\4Si.300.25mm_1000x\4Si_950-90-300-120_25mm_1000x-019.jpg,4Si_950-90-300-120_25mm_1000x-019.jpg,25.0,950,90,300,120,1486.7,1193.7,4.9,91.4,421.0,HB_nadpisane,3.0,4.1,0.36,0.01,0.04,0.043,0.05,0.07
4Si_950-90-300-120_25mm_*,poprawne_adi,4 Si,POPRAWNE_ADI\4Si.300.25mm_1000x,POPRAWNE_ADI\4Si.300.25mm_1000x\4Si_950-90-300-120_25mm_1000x-020.jpg,4Si_950-90-300-120_25mm_1000x-020.jpg,25.0,950,90,300,120,1486.7,1193.7,4.9,91.4,421.0,HB_nadpisane,3.0,4.1,0.36,0.01,0.04,0.043,0.05,0.07
4Si_950-90-300-120_25mm_*,poprawne_adi,4 Si,POPRAWNE_ADI\4Si.300.25mm_1000x,POPRAWNE_ADI\4Si.300.25mm_1000x\4Si_950-90-300-120_25mm_1000x-021.jpg,4Si_950-90-300-120_25mm_1000x-021.jpg,25.0,950,90,300,120,1486.7,1193.7,4.9,91.4,421.0,HB_nadpisane,3.0,4.1,0.36,0.01,0.04,0.043,0.05,0.07
4Si_950-90-300-120_25mm_*,poprawne_adi,4 Si,POPRAWNE_ADI\4Si.300.25mm_1000x,POPRAWNE_ADI\4Si.300.25mm_1000x\4Si_950-90-300-120_25mm_1000x-022.jpg,4Si_950-90-300-120_25mm_1000x-022.jpg,25.0,950,90,300,120,1486.7,1193.7,4.9,91.4,421.0,HB_nadpisane,3.0,4.1,0.36,0.01,0.04,0.043,0.05,0.07
4Si_950-90-300-120_25mm_*,poprawne_adi,4 Si,POPRAWNE_ADI\4Si.300.25mm_1000x,POPRAWNE_ADI\4Si.300.25mm_1000x\4Si_950-90-300-120_25mm_1000x-023.jpg,4Si_950-90-300-120_25mm_1000x-023.jpg,25.0,950,90,300,120,1486.7,1193.7,4.9,91.4,421.0,HB_nadpisane,3.0,4.1,0.36,0.01,0.04,0.043,0.05,0.07
4Si_950-90-300-120_25mm_*,poprawne_adi,4 Si,POPRAWNE_ADI\4Si.300.25mm_1000x,POPRAWNE_ADI\4Si.300.25mm_1000x\4Si_950-90-300-120_25mm_1000x-024.jpg,4Si_950-90-300-120_25mm_1000x-024.jpg,25.0,950,90,300,120,1486.7,1193.7,4.9,91.4,421.0,HB_nadpisane,3.0,4.1,0.36,0.01,0.04,0.043,0.05,0.07
4Si_950-90-300-120_25mm_*,poprawne_adi,4 Si,POPRAWNE_ADI\4Si.300.25mm_1000x,POPRAWNE_ADI\4Si.300.25mm_1000x\4Si_950-90-300-120_25mm_1000x-025.jpg,4Si_950-90-300-120_25mm_1000x-025.jpg,25.0,950,90,300,120,1486.7,1193.7,4.9,91.4,421.0,HB_nadpisane,3.0,4.1,0.36,0.01,0.04,0.043,0.05,0.07
4Si_950-90-300-120_25mm_*,poprawne_adi,4 Si,POPRAWNE_ADI\4Si.300.25mm_1000x,POPRAWNE_ADI\4Si.300.25mm_1000x\4Si_950-90-300-120_25mm_1000x-026.jpg,4Si_950-90-300-120_25mm_1000x-026.jpg,25.0,950,90,300,120,1486.7,1193.7,4.9,91.4,421.0,HB_nadpisane,3.0,4.1,0.36,0.01,0.04,0.043,0.05,0.07
4Si_950-90-300-120_25mm_*,poprawne_adi,4 Si,POPRAWNE_ADI\4Si.300.25mm_1000x,POPRAWNE_ADI\4Si.300.25mm_1000x\4Si_950-90-300-120_25mm_1000x-027.jpg,4Si_950-90-300-120_25mm_1000x-027.jpg,25.0,950,90,300,120,1486.7,1193.7,4.9,91.4,421.0,HB_nadpisane,3.0,4.1,0.36,0.01,0.04,0.043,0.05,0.07
4Si_950-90-300-120_25mm_*,poprawne_adi,4 Si,POPRAWNE_ADI\4Si.300.25mm_1000x,POPRAWNE_ADI\4Si.300.25mm_1000x\4Si_950-90-300-120_25mm_1000x-028.jpg,4Si_950-90-300-120_25mm_1000x-028.jpg,25.0,950,90,300,120,1486.7,1193.7,4.9,91.4,421.0,HB_nadpisane,3.0,4.1,0.36,0.01,0.04,0.043,0.05,0.07
4Si_950-90-300-120_25mm_*,poprawne_adi,4 Si,POPRAWNE_ADI\4Si.300.25mm_1000x,POPRAWNE_ADI\4Si.300.25mm_1000x\4Si_950-90-300-120_25mm_1000x-029.jpg,4Si_950-90-300-120_25mm_1000x-029.jpg,25.0,950,90,300,120,1486.7,1193.7,4.9,91.4,421.0,HB_nadpisane,3.0,4.1,0.36,0.01,0.04,0.043,0.05,0.07
4Si_950-90-300-120_25mm_*,poprawne_adi,4 Si,POPRAWNE_ADI\4Si.300.25mm_1000x,POPRAWNE_ADI\4Si.300.25mm_1000x\4Si_950-90-300-120_25mm_1000x-030.jpg,4Si_950-90-300-120_25mm_1000x-030.jpg,25.0,950,90,300,120,1486.7,1193.7,4.9,91.4,421.0,HB_nadpisane,3.0,4.1,0.36,0.01,0.04,0.043,0.05,0.07
4Si_950-90-300-120_25mm_*,poprawne_adi,4 Si,POPRAWNE_ADI\4Si.300.25mm_1000x,POPRAWNE_ADI\4Si.300.25mm_1000x\4Si_950-90-300-120_25mm_1000x-031.jpg,4Si_950-90-300-120_25mm_1000x-031.jpg,25.0,950,90,300,120,1486.7,1193.7,4.9,91.4,421.0,HB_nadpisane,3.0,4.1,0.36,0.01,0.04,0.043,0.05,0.07
4Si_950-90-300-120_25mm_*,poprawne_adi,4 Si,POPRAWNE_ADI\4Si.300.25mm_1000x,POPRAWNE_ADI\4Si.300.25mm_1000x\4Si_950-90-300-120_25mm_1000x-032.jpg,4Si_950-90-300-120_25mm_1000x-032.jpg,25.0,950,90,300,120,1486.7,1193.7,4.9,91.4,421.0,HB_nadpisane,3.0,4.1,0.36,0.01,0.04,0.043,0.05,0.07
4Si_950-90-300-120_25mm_*,poprawne_adi,4 Si,POPRAWNE_ADI\4Si.300.25mm_1000x,POPRAWNE_ADI\4Si.300.25mm_1000x\4Si_950-90-300-120_25mm_1000x-033.jpg,4Si_950-90-300-120_25mm_1000x-033.jpg,25.0,950,90,300,120,1486.7,1193.7,4.9,91.4,421.0,HB_nadpisane,3.0,4.1,0.36,0.01,0.04,0.043,0.05,0.07
4Si_950-90-300-120_25mm_*,poprawne_adi,4 Si,POPRAWNE_ADI\4Si.300.25mm_1000x,POPRAWNE_ADI\4Si.300.25mm_1000x\4Si_950-90-300-120_25mm_1000x-034.jpg,4Si_950-90-300-120_25mm_1000x-034.jpg,25.0,950,90,300,120,1486.7,1193.7,4.9,91.4,421.0,HB_nadpisane,3.0,4.1,0.36,0.01,0.04,0.043,0.05,0.07
4Si_950-90-300-120_25mm_*,poprawne_adi,4 Si,POPRAWNE_ADI\4Si.300.25mm_1000x,POPRAWNE_ADI\4Si.300.25mm_1000x\4Si_950-90-300-120_25mm_1000x-035.jpg,4Si_950-90-300-120_25mm_1000x-035.jpg,25.0,950,90,300,120,1486.7,1193.7,4.9,91.4,421.0,HB_nadpisane,3.0,4.1,0.36,0.01,0.04,0.043,0.05,0.07
4Si_950-90-300-120_25mm_*,poprawne_adi,4 Si,POPRAWNE_ADI\4Si.300.25mm_1000x,POPRAWNE_ADI\4Si.300.25mm_1000x\4Si_950-90-300-120_25mm_1000x-036.jpg,4Si_950-90-300-120_25mm_1000x-036.jpg,25.0,950,90,300,120,1486.7,1193.7,4.9,91.4,421.0,HB_nadpisane,3.0,4.1,0.36,0.01,0.04,0.043,0.05,0.07
4Si_950-90-300-120_25mm_*,poprawne_adi,4 Si,POPRAWNE_ADI\4Si.300.25mm_1000x,POPRAWNE_ADI\4Si.300.25mm_1000x\4Si_950-90-300-120_25mm_1000x-037.jpg,4Si_950-90-300-120_25mm_1000x-037.jpg,25.0,950,90,300,120,1486.7,1193.7,4.9,91.4,421.0,HB_nadpisane,3.0,4.1,0.36,0.01,0.04,0.043,0.05,0.07
4Si_950-90-300-120_25mm_*,poprawne_adi,4 Si,POPRAWNE_ADI\4Si.300.25mm_1000x,POPRAWNE_ADI\4Si.300.25mm_1000x\4Si_950-90-300-120_25mm_1000x-038.jpg,4Si_950-90-300-120_25mm_1000x-038.jpg,25.0,950,90,300,120,1486.7,1193.7,4.9,91.4,421.0,HB_nadpisane,3.0,4.1,0.36,0.01,0.04,0.043,0.05,0.07
4Si_950-90-300-120_25mm_*,poprawne_adi,4 Si,POPRAWNE_ADI\4Si.300.25mm_1000x,POPRAWNE_ADI\4Si.300.25mm_1000x\4Si_950-90-300-120_25mm_1000x-039.jpg,4Si_950-90-300-120_25mm_1000x-039.jpg,25.0,950,90,300,120,1486.7,1193.7,4.9,91.4,421.0,HB_nadpisane,3.0,4.1,0.36,0.01,0.04,0.043,0.05,0.07
4Si_950-90-300-120_25mm_*,poprawne_adi,4 Si,POPRAWNE_ADI\4Si.300.25mm_1000x,POPRAWNE_ADI\4Si.300.25mm_1000x\4Si_950-90-300-120_25mm_1000x-040.jpg,4Si_950-90-300-120_25mm_1000x-040.jpg,25.0,950,90,300,120,1486.7,1193.7,4.9,91.4,421.0,HB_nadpisane,3.0,4.1,0.36,0.01,0.04,0.043,0.05,0.07
4Si_950-90-300-120_25mm_*,poprawne_adi,4 Si,POPRAWNE_ADI\4Si.300.25mm_1000x,POPRAWNE_ADI\4Si.300.25mm_1000x\4Si_950-90-300-120_25mm_1000x-041.jpg,4Si_950-90-300-120_25mm_1000x-041.jpg,25.0,950,90,300,120,1486.7,1193.7,4.9,91.4,421.0,HB_nadpisane,3.0,4.1,0.36,0.01,0.04,0.043,0.05,0.07
4Si_950-90-300-120_25mm_*,poprawne_adi,4 Si,POPRAWNE_ADI\4Si.300.25mm_1000x,POPRAWNE_ADI\4Si.300.25mm_1000x\4Si_950-90-300-120_25mm_1000x-042.jpg,4Si_950-90-300-120_25mm_1000x-042.jpg,25.0,950,90,300,120,1486.7,1193.7,4.9,91.4,421.0,HB_nadpisane,3.0,4.1,0.36,0.01,0.04,0.043,0.05,0.07
4Si_950-90-300-120_25mm_*,poprawne_adi,4 Si,POPRAWNE_ADI\4Si.300.25mm_1000x,POPRAWNE_ADI\4Si.300.25mm_1000x\4Si_950-90-300-120_25mm_1000x-043.jpg,4Si_950-90-300-120_25mm_1000x-043.jpg,25.0,950,90,300,120,1486.7,1193.7,4.9,91.4,421.0,HB_nadpisane,3.0,4.1,0.36,0.01,0.04,0.043,0.05,0.07
4Si_950-90-300-120_25mm_*,poprawne_adi,4 Si,POPRAWNE_ADI\4Si.300.25mm_1000x,POPRAWNE_ADI\4Si.300.25mm_1000x\4Si_950-90-300-120_25mm_1000x-044.jpg,4Si_950-90-300-120_25mm_1000x-044.jpg,25.0,950,90,300,120,1486.7,1193.7,4.9,91.4,421.0,HB_nadpisane,3.0,4.1,0.36,0.01,0.04,0.043,0.05,0.07
4Si_950-90-300-120_25mm_*,poprawne_adi,4 Si,POPRAWNE_ADI\4Si.300.25mm_1000x,POPRAWNE_ADI\4Si.300.25mm_1000x\4Si_950-90-300-120_25mm_1000x-045.jpg,4Si_950-90-300-120_25mm_1000x-045.jpg,25.0,950,90,300,120,1486.7,1193.7,4.9,91.4,421.0,HB_nadpisane,3.0,4.1,0.36,0.01,0.04,0.043,0.05,0.07
4Si_950-90-300-120_25mm_*,poprawne_adi,4 Si,POPRAWNE_ADI\4Si.300.25mm_1000x,POPRAWNE_ADI\4Si.300.25mm_1000x\4Si_950-90-300-120_25mm_1000x-046.jpg,4Si_950-90-300-120_25mm_1000x-046.jpg,25.0,950,90,300,120,1486.7,1193.7,4.9,91.4,421.0,HB_nadpisane,3.0,4.1,0.36,0.01,0.04,0.043,0.05,0.07
4Si_950-90-300-120_25mm_*,poprawne_adi,4 Si,POPRAWNE_ADI\4Si.300.25mm_1000x,POPRAWNE_ADI\4Si.300.25mm_1000x\4Si_950-90-300-120_25mm_1000x-047.jpg,4Si_950-90-300-120_25mm_1000x-047.jpg,25.0,950,90,300,120,1486.7,1193.7,4.9,91.4,421.0,HB_nadpisane,3.0,4.1,0.36,0.01,0.04,0.043,0.05,0.07
4Si_950-90-300-120_25mm_*,poprawne_adi,4 Si,POPRAWNE_ADI\4Si.300.25mm_1000x,POPRAWNE_ADI\4Si.300.25mm_1000x\4Si_950-90-300-120_25mm_1000x-048.jpg,4Si_950-90-300-120_25mm_1000x-048.jpg,25.0,950,90,300,120,1486.7,1193.7,4.9,91.4,421.0,HB_nadpisane,3.0,4.1,0.36,0.01,0.04,0.043,0.05,0.07
4Si_950-90-300-120_25mm_*,poprawne_adi,4 Si,POPRAWNE_ADI\4Si.300.25mm_1000x,POPRAWNE_ADI\4Si.300.25mm_1000x\4Si_950-90-300-120_25mm_1000x-049.jpg,4Si_950-90-300-120_25mm_1000x-049.jpg,25.0,950,90,300,120,1486.7,1193.7,4.9,91.4,421.0,HB_nadpisane,3.0,4.1,0.36,0.01,0.04,0.043,0.05,0.07
4Si_950-90-300-120_25mm_*,poprawne_adi,4 Si,POPRAWNE_ADI\4Si.300.25mm_1000x,POPRAWNE_ADI\4Si.300.25mm_1000x\4Si_950-90-300-120_25mm_1000x-050.jpg,4Si_950-90-300-120_25mm_1000x-050.jpg,25.0,950,90,300,120,1486.7,1193.7,4.9,91.4,421.0,HB_nadpisane,3.0,4.1,0.36,0.01,0.04,0.043,0.05,0.07
4Si_950-90-300-120_25mm_*,poprawne_adi,4 Si,POPRAWNE_ADI\4Si.300.25mm_1000x,POPRAWNE_ADI\4Si.300.25mm_1000x\4Si_950-90-300-120_25mm_1000x-051.jpg,4Si_950-90-300-120_25mm_1000x-051.jpg,25.0,950,90,300,120,1486.7,1193.7,4.9,91.4,421.0,HB_nadpisane,3.0,4.1,0.36,0.01,0.04,0.043,0.05,0.07
4Si_950-90-300-120_25mm_*,poprawne_adi,4 Si,POPRAWNE_ADI\4Si.300.25mm_1000x,POPRAWNE_ADI\4Si.300.25mm_1000x\4Si_950-90-300-120_25mm_1000x-052.jpg,4Si_950-90-300-120_25mm_1000x-052.jpg,25.0,950,90,300,120,1486.7,1193.7,4.9,91.4,421.0,HB_nadpisane,3.0,4.1,0.36,0.01,0.04,0.043,0.05,0.07
4Si_950-90-300-120_25mm_*,poprawne_adi,4 Si,POPRAWNE_ADI\4Si.300.25mm_1000x,POPRAWNE_ADI\4Si.300.25mm_1000x\4Si_950-90-300-120_25mm_1000x-053.jpg,4Si_950-90-300-120_25mm_1000x-053.jpg,25.0,950,90,300,120,1486.7,1193.7,4.9,91.4,421.0,HB_nadpisane,3.0,4.1,0.36,0.01,0.04,0.043,0.05,0.07
4Si_950-90-300-120_25mm_*,poprawne_adi,4 Si,POPRAWNE_ADI\4Si.300.25mm_1000x,POPRAWNE_ADI\4Si.300.25mm_1000x\4Si_950-90-300-120_25mm_1000x-054.jpg,4Si_950-90-300-120_25mm_1000x-054.jpg,25.0,950,90,300,120,1486.7,1193.7,4.9,91.4,421.0,HB_nadpisane,3.0,4.1,0.36,0.01,0.04,0.043,0.05,0.07
4Si_950-90-300-120_25mm_*,poprawne_adi,4 Si,POPRAWNE_ADI\4Si.300.25mm_1000x,POPRAWNE_ADI\4Si.300.25mm_1000x\4Si_950-90-300-120_25mm_1000x-055.jpg,4Si_950-90-300-120_25mm_1000x-055.jpg,25.0,950,90,300,120,1486.7,1193.7,4.9,91.4,421.0,HB_nadpisane,3.0,4.1,0.36,0.01,0.04,0.043,0.05,0.07
4Si_950-90-300-120_25mm_*,poprawne_adi,4 Si,POPRAWNE_ADI\4Si.300.25mm_1000x,POPRAWNE_ADI\4Si.300.25mm_1000x\4Si_950-90-300-120_25mm_1000x-056.jpg,4Si_950-90-300-120_25mm_1000x-056.jpg,25.0,950,90,300,120,1486.7,1193.7,4.9,91.4,421.0,HB_nadpisane,3.0,4.1,0.36,0.01,0.04,0.043,0.05,0.07
4Si_950-90-300-120_25mm_*,poprawne_adi,4 Si,POPRAWNE_ADI\4Si.300.25mm_1000x,POPRAWNE_ADI\4Si.300.25mm_1000x\4Si_950-90-300-120_25mm_1000x-057.jpg,4Si_950-90-300-120_25mm_1000x-057.jpg,25.0,950,90,300,120,1486.7,1193.7,4.9,91.4,421.0,HB_nadpisane,3.0,4.1,0.36,0.01,0.04,0.043,0.05,0.07
4Si_950-90-300-120_25mm_*,poprawne_adi,4 Si,POPRAWNE_ADI\4Si.300.25mm_1000x,POPRAWNE_ADI\4Si.300.25mm_1000x\4Si_950-90-300-120_25mm_1000x-058.jpg,4Si_950-90-300-120_25mm_1000x-058.jpg,25.0,950,90,300,120,1486.7,1193.7,4.9,91.4,421.0,HB_nadpisane,3.0,4.1,0.36,0.01,0.04,0.043,0.05,0.07
4Si_950-90-300-120_25mm_*,poprawne_adi,4 Si,POPRAWNE_ADI\4Si.300.25mm_1000x,POPRAWNE_ADI\4Si.300.25mm_1000x\4Si_950-90-300-120_25mm_1000x-059.jpg,4Si_950-90-300-120_25mm_1000x-059.jpg,25.0,950,90,300,120,1486.7,1193.7,4.9,91.4,421.0,HB_nadpisane,3.0,4.1,0.36,0.01,0.04,0.043,0.05,0.07
4Si_950-90-300-120_25mm_*,poprawne_adi,4 Si,POPRAWNE_ADI\4Si.300.25mm_1000x,POPRAWNE_ADI\4Si.300.25mm_1000x\4Si_950-90-300-120_25mm_1000x-060.jpg,4Si_950-90-300-120_25mm_1000x-060.jpg,25.0,950,90,300,120,1486.7,1193.7,4.9,91.4,421.0,HB_nadpisane,3.0,4.1,0.36,0.01,0.04,0.043,0.05,0.07
4Si_950-90-300-120_25mm_*,poprawne_adi,4 Si,POPRAWNE_ADI\4Si.300.25mm_1000x,POPRAWNE_ADI\4Si.300.25mm_1000x\4Si_950-90-300-120_25mm_1000x-061.jpg,4Si_950-90-300-120_25mm_1000x-061.jpg,25.0,950,90,300,120,1486.7,1193.7,4.9,91.4,421.0,HB_nadpisane,3.0,4.1,0.36,0.01,0.04,0.043,0.05,0.07
4Si_950-90-300-120_25mm_*,poprawne_adi,4 Si,POPRAWNE_ADI\4Si.300.25mm_1000x,POPRAWNE_ADI\4Si.300.25mm_1000x\4Si_950-90-300-120_25mm_1000x-062.jpg,4Si_950-90-300-120_25mm_1000x-062.jpg,25.0,950,90,300,120,1486.7,1193.7,4.9,91.4,421.0,HB_nadpisane,3.0,4.1,0.36,0.01,0.04,0.043,0.05,0.07
4Si_950-90-300-120_25mm_*,poprawne_adi,4 Si,POPRAWNE_ADI\4Si.300.25mm_1000x,POPRAWNE_ADI\4Si.300.25mm_1000x\4Si_950-90-300-120_25mm_1000x-063.jpg,4Si_950-90-300-120_25mm_1000x-063.jpg,25.0,950,90,300,120,1486.7,1193.7,4.9,91.4,421.0,HB_nadpisane,3.0,4.1,0.36,0.01,0.04,0.043,0.05,0.07
4Si_950-90-300-120_25mm_*,poprawne_adi,4 Si,POPRAWNE_ADI\4Si.300.25mm_1000x,POPRAWNE_ADI\4Si.300.25mm_1000x\4Si_950-90-300-120_25mm_1000x-064.jpg,4Si_950-90-300-120_25mm_1000x-064.jpg,25.0,950,90,300,120,1486.7,1193.7,4.9,91.4,421.0,HB_nadpisane,3.0,4.1,0.36,0.01,0.04,0.043,0.05,0.07
4Si_950-90-300-120_25mm_*,poprawne_adi,4 Si,POPRAWNE_ADI\4Si.300.25mm_1000x,POPRAWNE_ADI\4Si.300.25mm_1000x\4Si_950-90-300-120_25mm_1000x-065.jpg,4Si_950-90-300-120_25mm_1000x-065.jpg,25.0,950,90,300,120,1486.7,1193.7,4.9,91.4,421.0,HB_nadpisane,3.0,4.1,0.36,0.01,0.04,0.043,0.05,0.07
4Si_950-90-300-120_25mm_*,poprawne_adi,4 Si,POPRAWNE_ADI\4Si.300.25mm_1000x,POPRAWNE_ADI\4Si.300.25mm_1000x\4Si_950-90-300-120_25mm_1000x-066.jpg,4Si_950-90-300-120_25mm_1000x-066.jpg,25.0,950,90,300,120,1486.7,1193.7,4.9,91.4,421.0,HB_nadpisane,3.0,4.1,0.36,0.01,0.04,0.043,0.05,0.07
4Si_950-90-300-120_25mm_*,poprawne_adi,4 Si,POPRAWNE_ADI\4Si.300.25mm_1000x,POPRAWNE_ADI\4Si.300.25mm_1000x\4Si_950-90-300-120_25mm_1000x-067.jpg,4Si_950-90-300-120_25mm_1000x-067.jpg,25.0,950,90,300,120,1486.7,1193.7,4.9,91.4,421.0,HB_nadpisane,3.0,4.1,0.36,0.01,0.04,0.043,0.05,0.07
4Si_950-90-300-120_25mm_*,poprawne_adi,4 Si,POPRAWNE_ADI\4Si.300.25mm_1000x,POPRAWNE_ADI\4Si.300.25mm_1000x\4Si_950-90-300-120_25mm_1000x-068.jpg,4Si_950-90-300-120_25mm_1000x-068.jpg,25.0,950,90,300,120,1486.7,1193.7,4.9,91.4,421.0,HB_nadpisane,3.0,4.1,0.36,0.01,0.04,0.043,0.05,0.07
4Si_950-90-300-120_25mm_*,poprawne_adi,4 Si,POPRAWNE_ADI\4Si.300.25mm_1000x,POPRAWNE_ADI\4Si.300.25mm_1000x\4Si_950-90-300-120_25mm_1000x-069.jpg,4Si_950-90-300-120_25mm_1000x-069.jpg,25.0,950,90,300,120,1486.7,1193.7,4.9,91.4,421.0,HB_nadpisane,3.0,4.1,0.36,0.01,0.04,0.043,0.05,0.07
4Si_950-90-300-120_25mm_*,poprawne_adi,4 Si,POPRAWNE_ADI\4Si.300.25mm_1000x,POPRAWNE_ADI\4Si.300.25mm_1000x\4Si_950-90-300-120_25mm_1000x-070.jpg,4Si_950-90-300-120_25mm_1000x-070.jpg,25.0,950,90,300,120,1486.7,1193.7,4.9,91.4,421.0,HB_nadpisane,3.0,4.1,0.36,0.01,0.04,0.043,0.05,0.07
4Si_950-90-300-120_25mm_*,poprawne_adi,4 Si,POPRAWNE_ADI\4Si.300.25mm_1000x,POPRAWNE_ADI\4Si.300.25mm_1000x\4Si_950-90-300-120_25mm_1000x-071.jpg,4Si_950-90-300-120_25mm_1000x-071.jpg,25.0,950,90,300,120,1486.7,1193.7,4.9,91.4,421.0,HB_nadpisane,3.0,4.1,0.36,0.01,0.04,0.043,0.05,0.07
4Si_950-90-300-120_25mm_*,poprawne_adi,4 Si,POPRAWNE_ADI\4Si.300.25mm_1000x,POPRAWNE_ADI\4Si.300.25mm_1000x\4Si_950-90-300-120_25mm_1000x-072.jpg,4Si_950-90-300-120_25mm_1000x-072.jpg,25.0,950,90,300,120,1486.7,1193.7,4.9,91.4,421.0,HB_nadpisane,3.0,4.1,0.36,0.01,0.04,0.043,0.05,0.07
4Si_950-90-300-120_25mm_*,poprawne_adi,4 Si,POPRAWNE_ADI\4Si.300.25mm_1000x,POPRAWNE_ADI\4Si.300.25mm_1000x\4Si_950-90-300-120_25mm_1000x-073.jpg,4Si_950-90-300-120_25mm_1000x-073.jpg,25.0,950,90,300,120,1486.7,1193.7,4.9,91.4,421.0,HB_nadpisane,3.0,4.1,0.36,0.01,0.04,0.043,0.05,0.07
4Si_950-90-300-120_25mm_*,poprawne_adi,4 Si,POPRAWNE_ADI\4Si.300.25mm_1000x,POPRAWNE_ADI\4Si.300.25mm_1000x\4Si_950-90-300-120_25mm_1000x-074.jpg,4Si_950-90-300-120_25mm_1000x-074.jpg,25.0,950,90,300,120,1486.7,1193.7,4.9,91.4,421.0,HB_nadpisane,3.0,4.1,0.36,0.01,0.04,0.043,0.05,0.07
4Si_950-90-300-120_25mm_*,poprawne_adi,4 Si,POPRAWNE_ADI\4Si.300.25mm_1000x,POPRAWNE_ADI\4Si.300.25mm_1000x\4Si_950-90-300-120_25mm_1000x-075.jpg,4Si_950-90-300-120_25mm_1000x-075.jpg,25.0,950,90,300,120,1486.7,1193.7,4.9,91.4,421.0,HB_nadpisane,3.0,4.1,0.36,0.01,0.04,0.043,0.05,0.07
4Si_950-90-300-120_25mm_*,poprawne_adi,4 Si,POPRAWNE_ADI\4Si.300.25mm_1000x,POPRAWNE_ADI\4Si.300.25mm_1000x\4Si_950-90-300-120_25mm_1000x-076.jpg,4Si_950-90-300-120_25mm_1000x-076.jpg,25.0,950,90,300,120,1486.7,1193.7,4.9,91.4,421.0,HB_nadpisane,3.0,4.1,0.36,0.01,0.04,0.043,0.05,0.07
4Si_950-90-300-120_25mm_*,poprawne_adi,4 Si,POPRAWNE_ADI\4Si.300.25mm_1000x,POPRAWNE_ADI\4Si.300.25mm_1000x\4Si_950-90-300-120_25mm_1000x-077.jpg,4Si_950-90-300-120_25mm_1000x-077.jpg,25.0,950,90,300,120,1486.7,1193.7,4.9,91.4,421.0,HB_nadpisane,3.0,4.1,0.36,0.01,0.04,0.043,0.05,0.07
4Si_950-90-300-120_25mm_*,poprawne_adi,4 Si,POPRAWNE_ADI\4Si.300.25mm_1000x,POPRAWNE_ADI\4Si.300.25mm_1000x\4Si_950-90-300-120_25mm_1000x-078.jpg,4Si_950-90-300-120_25mm_1000x-078.jpg,25.0,950,90,300,120,1486.7,1193.7,4.9,91.4,421.0,HB_nadpisane,3.0,4.1,0.36,0.01,0.04,0.043,0.05,0.07
4Si_950-90-300-120_25mm_*,poprawne_adi,4 Si,POPRAWNE_ADI\4Si.300.25mm_1000x,POPRAWNE_ADI\4Si.300.25mm_1000x\4Si_950-90-300-120_25mm_1000x-079.jpg,4Si_950-90-300-120_25mm_1000x-079.jpg,25.0,950,90,300,120,1486.7,1193.7,4.9,91.4,421.0,HB_nadpisane,3.0,4.1,0.36,0.01,0.04,0.043,0.05,0.07
4Si_950-90-300-120_25mm_*,poprawne_adi,4 Si,POPRAWNE_ADI\4Si.300.25mm_1000x,POPRAWNE_ADI\4Si.300.25mm_1000x\4Si_950-90-300-120_25mm_1000x-080.jpg,4Si_950-90-300-120_25mm_1000x-080.jpg,25.0,950,90,300,120,1486.7,1193.7,4.9,91.4,421.0,HB_nadpisane,3.0,4.1,0.36,0.01,0.04,0.043,0.05,0.07
4Si_950-90-300-120_25mm_*,poprawne_adi,4 Si,POPRAWNE_ADI\4Si.300.25mm_1000x,POPRAWNE_ADI\4Si.300.25mm_1000x\4Si_950-90-300-120_25mm_1000x-081.jpg,4Si_950-90-300-120_25mm_1000x-081.jpg,25.0,950,90,300,120,1486.7,1193.7,4.9,91.4,421.0,HB_nadpisane,3.0,4.1,0.36,0.01,0.04,0.043,0.05,0.07
4Si_950-90-300-120_25mm_*,poprawne_adi,4 Si,POPRAWNE_ADI\4Si.300.25mm_1000x,POPRAWNE_ADI\4Si.300.25mm_1000x\4Si_950-90-300-120_25mm_1000x-082.jpg,4Si_950-90-300-120_25mm_1000x-082.jpg,25.0,950,90,300,120,1486.7,1193.7,4.9,91.4,421.0,HB_nadpisane,3.0,4.1,0.36,0.01,0.04,0.043,0.05,0.07
4Si_950-90-300-120_25mm_*,poprawne_adi,4 Si,POPRAWNE_ADI\4Si.300.25mm_1000x,POPRAWNE_ADI\4Si.300.25mm_1000x\4Si_950-90-300-120_25mm_1000x-083.jpg,4Si_950-90-300-120_25mm_1000x-083.jpg,25.0,950,90,300,120,1486.7,1193.7,4.9,91.4,421.0,HB_nadpisane,3.0,4.1,0.36,0.01,0.04,0.043,0.05,0.07
4Si_950-90-300-120_25mm_*,poprawne_adi,4 Si,POPRAWNE_ADI\4Si.300.25mm_1000x,POPRAWNE_ADI\4Si.300.25mm_1000x\4Si_950-90-300-120_25mm_1000x-084.jpg,4Si_950-90-300-120_25mm_1000x-084.jpg,25.0,950,90,300,120,1486.7,1193.7,4.9,91.4,421.0,HB_nadpisane,3.0,4.1,0.36,0.01,0.04,0.043,0.05,0.07
4Si_950-90-300-120_25mm_*,poprawne_adi,4 Si,POPRAWNE_ADI\4Si.300.25mm_1000x,POPRAWNE_ADI\4Si.300.25mm_1000x\4Si_950-90-300-120_25mm_1000x-085.jpg,4Si_950-90-300-120_25mm_1000x-085.jpg,25.0,950,90,300,120,1486.7,1193.7,4.9,91.4,421.0,HB_nadpisane,3.0,4.1,0.36,0.01,0.04,0.043,0.05,0.07
4Si_950-90-300-120_25mm_*,poprawne_adi,4 Si,POPRAWNE_ADI\4Si.300.25mm_1000x,POPRAWNE_ADI\4Si.300.25mm_1000x\4Si_950-90-300-120_25mm_1000x-086.jpg,4Si_950-90-300-120_25mm_1000x-086.jpg,25.0,950,90,300,120,1486.7,1193.7,4.9,91.4,421.0,HB_nadpisane,3.0,4.1,0.36,0.01,0.04,0.043,0.05,0.07
4Si_950-90-300-120_25mm_*,poprawne_adi,4 Si,POPRAWNE_ADI\4Si.300.25mm_1000x,POPRAWNE_ADI\4Si.300.25mm_1000x\4Si_950-90-300-120_25mm_1000x-087.jpg,4Si_950-90-300-120_25mm_1000x-087.jpg,25.0,950,90,300,120,1486.7,1193.7,4.9,91.4,421.0,HB_nadpisane,3.0,4.1,0.36,0.01,0.04,0.043,0.05,0.07
4Si_950-90-300-120_25mm_*,poprawne_adi,4 Si,POPRAWNE_ADI\4Si.300.25mm_1000x,POPRAWNE_ADI\4Si.300.25mm_1000x\4Si_950-90-300-120_25mm_1000x-088.jpg,4Si_950-90-300-120_25mm_1000x-088.jpg,25.0,950,90,300,120,1486.7,1193.7,4.9,91.4,421.0,HB_nadpisane,3.0,4.1,0.36,0.01,0.04,0.043,0.05,0.07
4Si_950-90-300-120_25mm_*,poprawne_adi,4 Si,POPRAWNE_ADI\4Si.300.25mm_1000x,POPRAWNE_ADI\4Si.300.25mm_1000x\4Si_950-90-300-120_25mm_1000x-089.jpg,4Si_950-90-300-120_25mm_1000x-089.jpg,25.0,950,90,300,120,1486.7,1193.7,4.9,91.4,421.0,HB_nadpisane,3.0,4.1,0.36,0.01,0.04,0.043,0.05,0.07
4Si_950-90-300-120_25mm_*,poprawne_adi,4 Si,POPRAWNE_ADI\4Si.300.25mm_1000x,POPRAWNE_ADI\4Si.300.25mm_1000x\4Si_950-90-300-120_25mm_1000x-090.jpg,4Si_950-90-300-120_25mm_1000x-090.jpg,25.0,950,90,300,120,1486.7,1193.7,4.9,91.4,421.0,HB_nadpisane,3.0,4.1,0.36,0.01,0.04,0.043,0.05,0.07
4Si_950-90-300-120_25mm_*,poprawne_adi,4 Si,POPRAWNE_ADI\4Si.300.25mm_1000x,POPRAWNE_ADI\4Si.300.25mm_1000x\4Si_950-90-300-120_25mm_1000x-091.jpg,4Si_950-90-300-120_25mm_1000x-091.jpg,25.0,950,90,300,120,1486.7,1193.7,4.9,91.4,421.0,HB_nadpisane,3.0,4.1,0.36,0.01,0.04,0.043,0.05,0.07
4Si_950-90-300-120_25mm_*,poprawne_adi,4 Si,POPRAWNE_ADI\4Si.300.25mm_1000x,POPRAWNE_ADI\4Si.300.25mm_1000x\4Si_950-90-300-120_25mm_1000x-092.jpg,4Si_950-90-300-120_25mm_1000x-092.jpg,25.0,950,90,300,120,1486.7,1193.7,4.9,91.4,421.0,HB_nadpisane,3.0,4.1,0.36,0.01,0.04,0.043,0.05,0.07
4Si_950-90-300-120_25mm_*,poprawne_adi,4 Si,POPRAWNE_ADI\4Si.300.25mm_1000x,POPRAWNE_ADI\4Si.300.25mm_1000x\4Si_950-90-300-120_25mm_1000x-093.jpg,4Si_950-90-300-120_25mm_1000x-093.jpg,25.0,950,90,300,120,1486.7,1193.7,4.9,91.4,421.0,HB_nadpisane,3.0,4.1,0.36,0.01,0.04,0.043,0.05,0.07
4Si_950-90-300-120_25mm_*,poprawne_adi,4 Si,POPRAWNE_ADI\4Si.300.25mm_1000x,POPRAWNE_ADI\4Si.300.25mm_1000x\4Si_950-90-300-120_25mm_1000x-094.jpg,4Si_950-90-300-120_25mm_1000x-094.jpg,25.0,950,90,300,120,1486.7,1193.7,4.9,91.4,421.0,HB_nadpisane,3.0,4.1,0.36,0.01,0.04,0.043,0.05,0.07
4Si_950-90-300-120_25mm_*,poprawne_adi,4 Si,POPRAWNE_ADI\4Si.300.25mm_1000x,POPRAWNE_ADI\4Si.300.25mm_1000x\4Si_950-90-300-120_25mm_1000x-095.jpg,4Si_950-90-300-120_25mm_1000x-095.jpg,25.0,950,90,300,120,1486.7,1193.7,4.9,91.4,421.0,HB_nadpisane,3.0,4.1,0.36,0.01,0.04,0.043,0.05,0.07
4Si_950-90-300-120_25mm_*,poprawne_adi,4 Si,POPRAWNE_ADI\4Si.300.25mm_1000x,POPRAWNE_ADI\4Si.300.25mm_1000x\4Si_950-90-300-120_25mm_1000x-096.jpg,4Si_950-90-300-120_25mm_1000x-096.jpg,25.0,950,90,300,120,1486.7,1193.7,4.9,91.4,421.0,HB_nadpisane,3.0,4.1,0.36,0.01,0.04,0.043,0.05,0.07
4Si_950-90-300-120_25mm_*,poprawne_adi,4 Si,POPRAWNE_ADI\4Si.300.25mm_1000x,POPRAWNE_ADI\4Si.300.25mm_1000x\4Si_950-90-300-120_25mm_1000x-097.jpg,4Si_950-90-300-120_25mm_1000x-097.jpg,25.0,950,90,300,120,1486.7,1193.7,4.9,91.4,421.0,HB_nadpisane,3.0,4.1,0.36,0.01,0.04,0.043,0.05,0.07
4Si_950-90-300-120_25mm_*,poprawne_adi,4 Si,POPRAWNE_ADI\4Si.300.25mm_1000x,POPRAWNE_ADI\4Si.300.25mm_1000x\4Si_950-90-300-120_25mm_1000x-098.jpg,4Si_950-90-300-120_25mm_1000x-098.jpg,25.0,950,90,300,120,1486.7,1193.7,4.9,91.4,421.0,HB_nadpisane,3.0,4.1,0.36,0.01,0.04,0.043,0.05,0.07
4Si_950-90-300-120_25mm_*,poprawne_adi,4 Si,POPRAWNE_ADI\4Si.300.25mm_1000x,POPRAWNE_ADI\4Si.300.25mm_1000x\4Si_950-90-300-120_25mm_1000x-099.jpg,4Si_950-90-300-120_25mm_1000x-099.jpg,25.0,950,90,300,120,1486.7,1193.7,4.9,91.4,421.0,HB_nadpisane,3.0,4.1,0.36,0.01,0.04,0.043,0.05,0.07
4Si_950-90-300-120_25mm_*,poprawne_adi,4 Si,POPRAWNE_ADI\4Si.300.25mm_1000x,POPRAWNE_ADI\4Si.300.25mm_1000x\4Si_950-90-300-120_25mm_1000x-100.jpg,4Si_950-90-300-120_25mm_1000x-100.jpg,25.0,950,90,300,120,1486.7,1193.7,4.9,91.4,421.0,HB_nadpisane,3.0,4.1,0.36,0.01,0.04,0.043,0.05,0.07
4Si_950-90-300-120_25mm_*,poprawne_adi,4 Si,POPRAWNE_ADI\4Si.300.25mm_1000x,POPRAWNE_ADI\4Si.300.25mm_1000x\4Si_950-90-300-120_25mm_1000x-101.jpg,4Si_950-90-300-120_25mm_1000x-101.jpg,25.0,950,90,300,120,1486.7,1193.7,4.9,91.4,421.0,HB_nadpisane,3.0,4.1,0.36,0.01,0.04,0.043,0.05,0.07
4Si_950-90-300-120_25mm_*,poprawne_adi,4 Si,POPRAWNE_ADI\4Si.300.25mm_1000x,POPRAWNE_ADI\4Si.300.25mm_1000x\4Si_950-90-300-120_25mm_1000x-102.jpg,4Si_950-90-300-120_25mm_1000x-102.jpg,25.0,950,90,300,120,1486.7,1193.7,4.9,91.4,421.0,HB_nadpisane,3.0,4.1,0.36,0.01,0.04,0.043,0.05,0.07
4Si_950-90-300-120_25mm_*,poprawne_adi,4 Si,POPRAWNE_ADI\4Si.300.25mm_1000x,POPRAWNE_ADI\4Si.300.25mm_1000x\4Si_950-90-300-120_25mm_1000x-103.jpg,4Si_950-90-300-120_25mm_1000x-103.jpg,25.0,950,90,300,120,1486.7,1193.7,4.9,91.4,421.0,HB_nadpisane,3.0,4.1,0.36,0.01,0.04,0.043,0.05,0.07
4Si_950-90-300-120_25mm_*,poprawne_adi,4 Si,POPRAWNE_ADI\4Si.300.25mm_1000x,POPRAWNE_ADI\4Si.300.25mm_1000x\4Si_950-90-300-120_25mm_1000x-104.jpg,4Si_950-90-300-120_25mm_1000x-104.jpg,25.0,950,90,300,120,1486.7,1193.7,4.9,91.4,421.0,HB_nadpisane,3.0,4.1,0.36,0.01,0.04,0.043,0.05,0.07
4Si_950-90-300-120_25mm_*,poprawne_adi,4 Si,POPRAWNE_ADI\4Si.300.25mm_1000x,POPRAWNE_ADI\4Si.300.25mm_1000x\4Si_950-90-300-120_25mm_1000x-105.jpg,4Si_950-90-300-120_25mm_1000x-105.jpg,25.0,950,90,300,120,1486.7,1193.7,4.9,91.4,421.0,HB_nadpisane,3.0,4.1,0.36,0.01,0.04,0.043,0.05,0.07
4Si_950-90-300-120_25mm_*,poprawne_adi,4 Si,POPRAWNE_ADI\4Si.300.25mm_1000x,POPRAWNE_ADI\4Si.300.25mm_1000x\4Si_950-90-300-120_25mm_1000x-106.jpg,4Si_950-90-300-120_25mm_1000x-106.jpg,25.0,950,90,300,120,1486.7,1193.7,4.9,91.4,421.0,HB_nadpisane,3.0,4.1,0.36,0.01,0.04,0.043,0.05,0.07
4Si_950-90-300-120_25mm_*,poprawne_adi,4 Si,POPRAWNE_ADI\4Si.300.25mm_1000x,POPRAWNE_ADI\4Si.300.25mm_1000x\4Si_950-90-300-120_25mm_1000x-107.jpg,4Si_950-90-300-120_25mm_1000x-107.jpg,25.0,950,90,300,120,1486.7,1193.7,4.9,91.4,421.0,HB_nadpisane,3.0,4.1,0.36,0.01,0.04,0.043,0.05,0.07
4Si_950-90-300-120_25mm_*,poprawne_adi,4 Si,POPRAWNE_ADI\4Si.300.25mm_1000x,POPRAWNE_ADI\4Si.300.25mm_1000x\4Si_950-90-300-120_25mm_1000x-108.jpg,4Si_950-90-300-120_25mm_1000x-108.jpg,25.0,950,90,300,120,1486.7,1193.7,4.9,91.4,421.0,HB_nadpisane,3.0,4.1,0.36,0.01,0.04,0.043,0.05,0.07
4Si_950-90-300-120_25mm_*,poprawne_adi,4 Si,POPRAWNE_ADI\4Si.300.25mm_1000x,POPRAWNE_ADI\4Si.300.25mm_1000x\4Si_950-90-300-120_25mm_1000x-109.jpg,4Si_950-90-300-120_25mm_1000x-109.jpg,25.0,950,90,300,120,1486.7,1193.7,4.9,91.4,421.0,HB_nadpisane,3.0,4.1,0.36,0.01,0.04,0.043,0.05,0.07
4Si_950-90-300-120_25mm_*,poprawne_adi,4 Si,POPRAWNE_ADI\4Si.300.25mm_1000x,POPRAWNE_ADI\4Si.300.25mm_1000x\4Si_950-90-300-120_25mm_1000x-110.jpg,4Si_950-90-300-120_25mm_1000x-110.jpg,25.0,950,90,300,120,1486.7,1193.7,4.9,91.4,421.0,HB_nadpisane,3.0,4.1,0.36,0.01,0.04,0.043,0.05,0.07
4Si_950-90-300-120_25mm_*,poprawne_adi,4 Si,POPRAWNE_ADI\4Si.300.25mm_1000x,POPRAWNE_ADI\4Si.300.25mm_1000x\4Si_950-90-300-120_25mm_1000x-111.jpg,4Si_950-90-300-120_25mm_1000x-111.jpg,25.0,950,90,300,120,1486.7,1193.7,4.9,91.4,421.0,HB_nadpisane,3.0,4.1,0.36,0.01,0.04,0.043,0.05,0.07
4Si_950-90-300-120_25mm_*,poprawne_adi,4 Si,POPRAWNE_ADI\4Si.300.25mm_1000x,POPRAWNE_ADI\4Si.300.25mm_1000x\4Si_950-90-300-120_25mm_1000x-112.jpg,4Si_950-90-300-120_25mm_1000x-112.jpg,25.0,950,90,300,120,1486.7,1193.7,4.9,91.4,421.0,HB_nadpisane,3.0,4.1,0.36,0.01,0.04,0.043,0.05,0.07
4Si_950-90-300-120_25mm_*,poprawne_adi,4 Si,POPRAWNE_ADI\4Si.300.25mm_1000x,POPRAWNE_ADI\4Si.300.25mm_1000x\4Si_950-90-300-120_25mm_1000x-113.jpg,4Si_950-90-300-120_25mm_1000x-113.jpg,25.0,950,90,300,120,1486.7,1193.7,4.9,91.4,421.0,HB_nadpisane,3.0,4.1,0.36,0.01,0.04,0.043,0.05,0.07
4Si_950-90-300-120_25mm_*,poprawne_adi,4 Si,POPRAWNE_ADI\4Si.300.25mm_1000x,POPRAWNE_ADI\4Si.300.25mm_1000x\4Si_950-90-300-120_25mm_1000x-114.jpg,4Si_950-90-300-120_25mm_1000x-114.jpg,25.0,950,90,300,120,1486.7,1193.7,4.9,91.4,421.0,HB_nadpisane,3.0,4.1,0.36,0.01,0.04,0.043,0.05,0.07
4Si_950-90-300-120_25mm_*,poprawne_adi,4 Si,POPRAWNE_ADI\4Si.300.25mm_1000x,POPRAWNE_ADI\4Si.300.25mm_1000x\4Si_950-90-300-120_25mm_1000x-115.jpg,4Si_950-90-300-120_25mm_1000x-115.jpg,25.0,950,90,300,120,1486.7,1193.7,4.9,91.4,421.0,HB_nadpisane,3.0,4.1,0.36,0.01,0.04,0.043,0.05,0.07
4Si_950-90-300-120_25mm_*,poprawne_adi,4 Si,POPRAWNE_ADI\4Si.300.25mm_1000x,POPRAWNE_ADI\4Si.300.25mm_1000x\4Si_950-90-300-120_25mm_1000x-116.jpg,4Si_950-90-300-120_25mm_1000x-116.jpg,25.0,950,90,300,120,1486.7,1193.7,4.9,91.4,421.0,HB_nadpisane,3.0,4.1,0.36,0.01,0.04,0.043,0.05,0.07
4Si_950-90-300-120_25mm_*,poprawne_adi,4 Si,POPRAWNE_ADI\4Si.300.25mm_1000x,POPRAWNE_ADI\4Si.300.25mm_1000x\4Si_950-90-300-120_25mm_1000x-117.jpg,4Si_950-90-300-120_25mm_1000x-117.jpg,25.0,950,90,300,120,1486.7,1193.7,4.9,91.4,421.0,HB_nadpisane,3.0,4.1,0.36,0.01,0.04,0.043,0.05,0.07
4Si_950-90-300-120_25mm_*,poprawne_adi,4 Si,POPRAWNE_ADI\4Si.300.25mm_1000x,POPRAWNE_ADI\4Si.300.25mm_1000x\4Si_950-90-300-120_25mm_1000x-118.jpg,4Si_950-90-300-120_25mm_1000x-118.jpg,25.0,950,90,300,120,1486.7,1193.7,4.9,91.4,421.0,HB_nadpisane,3.0,4.1,0.36,0.01,0.04,0.043,0.05,0.07
4Si_950-90-300-120_25mm_*,poprawne_adi,4 Si,POPRAWNE_ADI\4Si.300.25mm_1000x,POPRAWNE_ADI\4Si.300.25mm_1000x\4Si_950-90-300-120_25mm_1000x-119.jpg,4Si_950-90-300-120_25mm_1000x-119.jpg,25.0,950,90,300,120,1486.7,1193.7,4.9,91.4,421.0,HB_nadpisane,3.0,4.1,0.36,0.01,0.04,0.043,0.05,0.07
4Si_950-90-300-120_25mm_*,poprawne_adi,4 Si,POPRAWNE_ADI\4Si.300.25mm_1000x,POPRAWNE_ADI\4Si.300.25mm_1000x\4Si_950-90-300-120_25mm_1000x-120.jpg,4Si_950-90-300-120_25mm_1000x-120.jpg,25.0,950,90,300,120,1486.7,1193.7,4.9,91.4,421.0,HB_nadpisane,3.0,4.1,0.36,0.01,0.04,0.043,0.05,0.07
4Si_950-90-300-120_25mm_*,poprawne_adi,4 Si,POPRAWNE_ADI\4Si.300.25mm_1000x,POPRAWNE_ADI\4Si.300.25mm_1000x\4Si_950-90-300-120_25mm_1000x-121.jpg,4Si_950-90-300-120_25mm_1000x-121.jpg,25.0,950,90,300,120,1486.7,1193.7,4.9,91.4,421.0,HB_nadpisane,3.0,4.1,0.36,0.01,0.04,0.043,0.05,0.07
4Si_950-90-300-120_25mm_*,poprawne_adi,4 Si,POPRAWNE_ADI\4Si.300.25mm_1000x,POPRAWNE_ADI\4Si.300.25mm_1000x\4Si_950-90-300-120_25mm_1000x-122.jpg,4Si_950-90-300-120_25mm_1000x-122.jpg,25.0,950,90,300,120,1486.7,1193.7,4.9,91.4,421.0,HB_nadpisane,3.0,4.1,0.36,0.01,0.04,0.043,0.05,0.07
4Si_950-90-300-120_25mm_*,poprawne_adi,4 Si,POPRAWNE_ADI\4Si.300.25mm_1000x,POPRAWNE_ADI\4Si.300.25mm_1000x\4Si_950-90-300-120_25mm_1000x-123.jpg,4Si_950-90-300-120_25mm_1000x-123.jpg,25.0,950,90,300,120,1486.7,1193.7,4.9,91.4,421.0,HB_nadpisane,3.0,4.1,0.36,0.01,0.04,0.043,0.05,0.07
4Si_950-90-300-120_25mm_*,poprawne_adi,4 Si,POPRAWNE_ADI\4Si.300.25mm_1000x,POPRAWNE_ADI\4Si.300.25mm_1000x\4Si_950-90-300-120_25mm_1000x-124.jpg,4Si_950-90-300-120_25mm_1000x-124.jpg,25.0,950,90,300,120,1486.7,1193.7,4.9,91.4,421.0,HB_nadpisane,3.0,4.1,0.36,0.01,0.04,0.043,0.05,0.07
4Si_950-90-300-120_25mm_*,poprawne_adi,4 Si,POPRAWNE_ADI\4Si.300.25mm_1000x,POPRAWNE_ADI\4Si.300.25mm_1000x\4Si_950-90-300-120_25mm_1000x-125.jpg,4Si_950-90-300-120_25mm_1000x-125.jpg,25.0,950,90,300,120,1486.7,1193.7,4.9,91.4,421.0,HB_nadpisane,3.0,4.1,0.36,0.01,0.04,0.043,0.05,0.07
4Si_950-90-300-120_25mm_*,poprawne_adi,4 Si,POPRAWNE_ADI\4Si.300.25mm_1000x,POPRAWNE_ADI\4Si.300.25mm_1000x\4Si_950-90-300-120_25mm_1000x-126.jpg,4Si_950-90-300-120_25mm_1000x-126.jpg,25.0,950,90,300,120,1486.7,1193.7,4.9,91.4,421.0,HB_nadpisane,3.0,4.1,0.36,0.01,0.04,0.043,0.05,0.07
4Si_950-90-300-120_25mm_*,poprawne_adi,4 Si,POPRAWNE_ADI\4Si.300.25mm_1000x,POPRAWNE_ADI\4Si.300.25mm_1000x\4Si_950-90-300-120_25mm_1000x-127.jpg,4Si_950-90-300-120_25mm_1000x-127.jpg,25.0,950,90,300,120,1486.7,1193.7,4.9,91.4,421.0,HB_nadpisane,3.0,4.1,0.36,0.01,0.04,0.043,0.05,0.07
4Si_950-90-300-120_25mm_*,poprawne_adi,4 Si,POPRAWNE_ADI\4Si.300.25mm_1000x,POPRAWNE_ADI\4Si.300.25mm_1000x\4Si_950-90-300-120_25mm_1000x-128.jpg,4Si_950-90-300-120_25mm_1000x-128.jpg,25.0,950,90,300,120,1486.7,1193.7,4.9,91.4,421.0,HB_nadpisane,3.0,4.1,0.36,0.01,0.04,0.043,0.05,0.07
4Si_950-90-300-120_25mm_*,poprawne_adi,4 Si,POPRAWNE_ADI\4Si.300.25mm_1000x,POPRAWNE_ADI\4Si.300.25mm_1000x\4Si_950-90-300-120_25mm_1000x-129.jpg,4Si_950-90-300-120_25mm_1000x-129.jpg,25.0,950,90,300,120,1486.7,1193.7,4.9,91.4,421.0,HB_nadpisane,3.0,4.1,0.36,0.01,0.04,0.043,0.05,0.07
4Si_950-90-300-120_25mm_*,poprawne_adi,4 Si,POPRAWNE_ADI\4Si.300.25mm_1000x,POPRAWNE_ADI\4Si.300.25mm_1000x\4Si_950-90-300-120_25mm_1000x-130.jpg,4Si_950-90-300-120_25mm_1000x-130.jpg,25.0,950,90,300,120,1486.7,1193.7,4.9,91.4,421.0,HB_nadpisane,3.0,4.1,0.36,0.01,0.04,0.043,0.05,0.07
4Si_950-90-300-120_25mm_*,poprawne_adi,4 Si,POPRAWNE_ADI\4Si.300.25mm_1000x,POPRAWNE_ADI\4Si.300.25mm_1000x\4Si_950-90-300-120_25mm_1000x-131.jpg,4Si_950-90-300-120_25mm_1000x-131.jpg,25.0,950,90,300,120,1486.7,1193.7,4.9,91.4,421.0,HB_nadpisane,3.0,4.1,0.36,0.01,0.04,0.043,0.05,0.07
4Si_950-90-300-120_25mm_*,poprawne_adi,4 Si,POPRAWNE_ADI\4Si.300.25mm_1000x,POPRAWNE_ADI\4Si.300.25mm_1000x\4Si_950-90-300-120_25mm_1000x-132.jpg,4Si_950-90-300-120_25mm_1000x-132.jpg,25.0,950,90,300,120,1486.7,1193.7,4.9,91.4,421.0,HB_nadpisane,3.0,4.1,0.36,0.01,0.04,0.043,0.05,0.07
4Si_950-90-300-120_25mm_*,poprawne_adi,4 Si,POPRAWNE_ADI\4Si.300.25mm_1000x,POPRAWNE_ADI\4Si.300.25mm_1000x\4Si_950-90-300-120_25mm_1000x-133.jpg,4Si_950-90-300-120_25mm_1000x-133.jpg,25.0,950,90,300,120,1486.7,1193.7,4.9,91.4,421.0,HB_nadpisane,3.0,4.1,0.36,0.01,0.04,0.043,0.05,0.07
4Si_950-90-300-120_25mm_*,poprawne_adi,4 Si,POPRAWNE_ADI\4Si.300.25mm_1000x,POPRAWNE_ADI\4Si.300.25mm_1000x\4Si_950-90-300-120_25mm_1000x-134.jpg,4Si_950-90-300-120_25mm_1000x-134.jpg,25.0,950,90,300,120,1486.7,1193.7,4.9,91.4,421.0,HB_nadpisane,3.0,4.1,0.36,0.01,0.04,0.043,0.05,0.07
4Si_950-90-300-120_25mm_*,poprawne_adi,4 Si,POPRAWNE_ADI\4Si.300.25mm_1000x,POPRAWNE_ADI\4Si.300.25mm_1000x\4Si_950-90-300-120_25mm_1000x-135.jpg,4Si_950-90-300-120_25mm_1000x-135.jpg,25.0,950,90,300,120,1486.7,1193.7,4.9,91.4,421.0,HB_nadpisane,3.0,4.1,0.36,0.01,0.04,0.043,0.05,0.07
4Si_950-90-300-120_25mm_*,poprawne_adi,4 Si,POPRAWNE_ADI\4Si.300.25mm_1000x,POPRAWNE_ADI\4Si.300.25mm_1000x\4Si_950-90-300-120_25mm_1000x-136.jpg,4Si_950-90-300-120_25mm_1000x-136.jpg,25.0,950,90,300,120,1486.7,1193.7,4.9,91.4,421.0,HB_nadpisane,3.0,4.1,0.36,0.01,0.04,0.043,0.05,0.07
4Si_950-90-300-120_25mm_*,poprawne_adi,4 Si,POPRAWNE_ADI\4Si.300.25mm_1000x,POPRAWNE_ADI\4Si.300.25mm_1000x\4Si_950-90-300-120_25mm_1000x-137.jpg,4Si_950-90-300-120_25mm_1000x-137.jpg,25.0,950,90,300,120,1486.7,1193.7,4.9,91.4,421.0,HB_nadpisane,3.0,4.1,0.36,0.01,0.04,0.043,0.05,0.07
4Si_950-90-300-120_25mm_*,poprawne_adi,4 Si,POPRAWNE_ADI\4Si.300.25mm_1000x,POPRAWNE_ADI\4Si.300.25mm_1000x\4Si_950-90-300-120_25mm_1000x-138.jpg,4Si_950-90-300-120_25mm_1000x-138.jpg,25.0,950,90,300,120,1486.7,1193.7,4.9,91.4,421.0,HB_nadpisane,3.0,4.1,0.36,0.01,0.04,0.043,0.05,0.07
4Si_950-90-300-120_25mm_*,poprawne_adi,4 Si,POPRAWNE_ADI\4Si.300.25mm_1000x,POPRAWNE_ADI\4Si.300.25mm_1000x\4Si_950-90-300-120_25mm_1000x-139.jpg,4Si_950-90-300-120_25mm_1000x-139.jpg,25.0,950,90,300,120,1486.7,1193.7,4.9,91.4,421.0,HB_nadpisane,3.0,4.1,0.36,0.01,0.04,0.043,0.05,0.07
4Si_950-90-300-120_25mm_*,poprawne_adi,4 Si,POPRAWNE_ADI\4Si.300.25mm_1000x,POPRAWNE_ADI\4Si.300.25mm_1000x\4Si_950-90-300-120_25mm_1000x-140.jpg,4Si_950-90-300-120_25mm_1000x-140.jpg,25.0,950,90,300,120,1486.7,1193.7,4.9,91.4,421.0,HB_nadpisane,3.0,4.1,0.36,0.01,0.04,0.043,0.05,0.07
4Si_950-90-300-120_25mm_*,poprawne_adi,4 Si,POPRAWNE_ADI\4Si.300.25mm_1000x,POPRAWNE_ADI\4Si.300.25mm_1000x\4Si_950-90-300-120_25mm_1000x-141.jpg,4Si_950-90-300-120_25mm_1000x-141.jpg,25.0,950,90,300,120,1486.7,1193.7,4.9,91.4,421.0,HB_nadpisane,3.0,4.1,0.36,0.01,0.04,0.043,0.05,0.07
4Si_950-90-300-120_25mm_*,poprawne_adi,4 Si,POPRAWNE_ADI\4Si.300.25mm_1000x,POPRAWNE_ADI\4Si.300.25mm_1000x\4Si_950-90-300-120_25mm_1000x-142.jpg,4Si_950-90-300-120_25mm_1000x-142.jpg,25.0,950,90,300,120,1486.7,1193.7,4.9,91.4,421.0,HB_nadpisane,3.0,4.1,0.36,0.01,0.04,0.043,0.05,0.07
4Si_950-90-300-120_25mm_*,poprawne_adi,4 Si,POPRAWNE_ADI\4Si.300.25mm_1000x,POPRAWNE_ADI\4Si.300.25mm_1000x\4Si_950-90-300-120_25mm_1000x-143.jpg,4Si_950-90-300-120_25mm_1000x-143.jpg,25.0,950,90,300,120,1486.7,1193.7,4.9,91.4,421.0,HB_nadpisane,3.0,4.1,0.36,0.01,0.04,0.043,0.05,0.07
4Si_950-90-300-120_25mm_*,poprawne_adi,4 Si,POPRAWNE_ADI\4Si.300.25mm_1000x,POPRAWNE_ADI\4Si.300.25mm_1000x\4Si_950-90-300-120_25mm_1000x-144.jpg,4Si_950-90-300-120_25mm_1000x-144.jpg,25.0,950,90,300,120,1486.7,1193.7,4.9,91.4,421.0,HB_nadpisane,3.0,4.1,0.36,0.01,0.04,0.043,0.05,0.07
4Si_950-90-300-120_25mm_*,poprawne_adi,4 Si,POPRAWNE_ADI\4Si.300.25mm_1000x,POPRAWNE_ADI\4Si.300.25mm_1000x\4Si_950-90-300-120_25mm_1000x-145.jpg,4Si_950-90-300-120_25mm_1000x-145.jpg,25.0,950,90,300,120,1486.7,1193.7,4.9,91.4,421.0,HB_nadpisane,3.0,4.1,0.36,0.01,0.04,0.043,0.05,0.07
4Si_950-90-300-120_25mm_*,poprawne_adi,4 Si,POPRAWNE_ADI\4Si.300.25mm_1000x,POPRAWNE_ADI\4Si.300.25mm_1000x\4Si_950-90-300-120_25mm_1000x-146.jpg,4Si_950-90-300-120_25mm_1000x-146.jpg,25.0,950,90,300,120,1486.7,1193.7,4.9,91.4,421.0,HB_nadpisane,3.0,4.1,0.36,0.01,0.04,0.043,0.05,0.07
4Si_950-90-300-120_25mm_*,poprawne_adi,4 Si,POPRAWNE_ADI\4Si.300.25mm_1000x,POPRAWNE_ADI\4Si.300.25mm_1000x\4Si_950-90-300-120_25mm_1000x-147.jpg,4Si_950-90-300-120_25mm_1000x-147.jpg,25.0,950,90,300,120,1486.7,1193.7,4.9,91.4,421.0,HB_nadpisane,3.0,4.1,0.36,0.01,0.04,0.043,0.05,0.07
4Si_950-90-300-120_25mm_*,poprawne_adi,4 Si,POPRAWNE_ADI\4Si.300.25mm_1000x,POPRAWNE_ADI\4Si.300.25mm_1000x\4Si_950-90-300-120_25mm_1000x-148.jpg,4Si_950-90-300-120_25mm_1000x-148.jpg,25.0,950,90,300,120,1486.7,1193.7,4.9,91.4,421.0,HB_nadpisane,3.0,4.1,0.36,0.01,0.04,0.043,0.05,0.07
4Si_950-90-300-120_25mm_*,poprawne_adi,4 Si,POPRAWNE_ADI\4Si.300.25mm_1000x,POPRAWNE_ADI\4Si.300.25mm_1000x\4Si_950-90-300-120_25mm_1000x-149.jpg,4Si_950-90-300-120_25mm_1000x-149.jpg,25.0,950,90,300,120,1486.7,1193.7,4.9,91.4,421.0,HB_nadpisane,3.0,4.1,0.36,0.01,0.04,0.043,0.05,0.07
4Si_950-90-300-120_25mm_*,poprawne_adi,4 Si,POPRAWNE_ADI\4Si.300.25mm_1000x,POPRAWNE_ADI\4Si.300.25mm_1000x\4Si_950-90-300-120_25mm_1000x-150.jpg,4Si_950-90-300-120_25mm_1000x-150.jpg,25.0,950,90,300,120,1486.7,1193.7,4.9,91.4,421.0,HB_nadpisane,3.0,4.1,0.36,0.01,0.04,0.043,0.05,0.07
4Si_950-90-300-120_25mm_*,poprawne_adi,4 Si,POPRAWNE_ADI\4Si.300.25mm_1000x,POPRAWNE_ADI\4Si.300.25mm_1000x\4Si_950-90-300-120_25mm_1000x-151.jpg,4Si_950-90-300-120_25mm_1000x-151.jpg,25.0,950,90,300,120,1486.7,1193.7,4.9,91.4,421.0,HB_nadpisane,3.0,4.1,0.36,0.01,0.04,0.043,0.05,0.07
4Si_950-90-300-120_25mm_*,poprawne_adi,4 Si,POPRAWNE_ADI\4Si.300.25mm_1000x,POPRAWNE_ADI\4Si.300.25mm_1000x\4Si_950-90-300-120_25mm_1000x-152.jpg,4Si_950-90-300-120_25mm_1000x-152.jpg,25.0,950,90,300,120,1486.7,1193.7,4.9,91.4,421.0,HB_nadpisane,3.0,4.1,0.36,0.01,0.04,0.043,0.05,0.07
4Si_950-90-300-120_25mm_*,poprawne_adi,4 Si,POPRAWNE_ADI\4Si.300.25mm_1000x,POPRAWNE_ADI\4Si.300.25mm_1000x\4Si_950-90-300-120_25mm_1000x-153.jpg,4Si_950-90-300-120_25mm_1000x-153.jpg,25.0,950,90,300,120,1486.7,1193.7,4.9,91.4,421.0,HB_nadpisane,3.0,4.1,0.36,0.01,0.04,0.043,0.05,0.07
4Si_950-90-300-120_25mm_*,poprawne_adi,4 Si,POPRAWNE_ADI\4Si.300.25mm_1000x,POPRAWNE_ADI\4Si.300.25mm_1000x\4Si_950-90-300-120_25mm_1000x-154.jpg,4Si_950-90-300-120_25mm_1000x-154.jpg,25.0,950,90,300,120,1486.7,1193.7,4.9,91.4,421.0,HB_nadpisane,3.0,4.1,0.36,0.01,0.04,0.043,0.05,0.07
4Si_950-90-300-120_25mm_*,poprawne_adi,4 Si,POPRAWNE_ADI\4Si.300.25mm_1000x,POPRAWNE_ADI\4Si.300.25mm_1000x\4Si_950-90-300-120_25mm_1000x-155.jpg,4Si_950-90-300-120_25mm_1000x-155.jpg,25.0,950,90,300,120,1486.7,1193.7,4.9,91.4,421.0,HB_nadpisane,3.0,4.1,0.36,0.01,0.04,0.043,0.05,0.07
4Si_950-90-300-120_25mm_*,poprawne_adi,4 Si,POPRAWNE_ADI\4Si.300.25mm_1000x,POPRAWNE_ADI\4Si.300.25mm_1000x\4Si_950-90-300-120_25mm_1000x-156.jpg,4Si_950-90-300-120_25mm_1000x-156.jpg,25.0,950,90,300,120,1486.7,1193.7,4.9,91.4,421.0,HB_nadpisane,3.0,4.1,0.36,0.01,0.04,0.043,0.05,0.07
4Si_950-90-300-120_25mm_*,poprawne_adi,4 Si,POPRAWNE_ADI\4Si.300.25mm_1000x,POPRAWNE_ADI\4Si.300.25mm_1000x\4Si_950-90-300-120_25mm_1000x-157.jpg,4Si_950-90-300-120_25mm_1000x-157.jpg,25.0,950,90,300,120,1486.7,1193.7,4.9,91.4,421.0,HB_nadpisane,3.0,4.1,0.36,0.01,0.04,0.043,0.05,0.07
4Si_950-90-300-120_25mm_*,poprawne_adi,4 Si,POPRAWNE_ADI\4Si.300.25mm_1000x,POPRAWNE_ADI\4Si.300.25mm_1000x\4Si_950-90-300-120_25mm_1000x-158.jpg,4Si_950-90-300-120_25mm_1000x-158.jpg,25.0,950,90,300,120,1486.7,1193.7,4.9,91.4,421.0,HB_nadpisane,3.0,4.1,0.36,0.01,0.04,0.043,0.05,0.07
4Si_950-90-300-120_25mm_*,poprawne_adi,4 Si,POPRAWNE_ADI\4Si.300.25mm_1000x,POPRAWNE_ADI\4Si.300.25mm_1000x\4Si_950-90-300-120_25mm_1000x-159.jpg,4Si_950-90-300-120_25mm_1000x-159.jpg,25.0,950,90,300,120,1486.7,1193.7,4.9,91.4,421.0,HB_nadpisane,3.0,4.1,0.36,0.01,0.04,0.043,0.05,0.07
4Si_950-90-300-120_25mm_*,poprawne_adi,4 Si,POPRAWNE_ADI\4Si.300.25mm_1000x,POPRAWNE_ADI\4Si.300.25mm_1000x\4Si_950-90-300-120_25mm_1000x-160.jpg,4Si_950-90-300-120_25mm_1000x-160.jpg,25.0,950,90,300,120,1486.7,1193.7,4.9,91.4,421.0,HB_nadpisane,3.0,4.1,0.36,0.01,0.04,0.043,0.05,0.07
4Si_950-90-300-120_25mm_*,poprawne_adi,4 Si,POPRAWNE_ADI\4Si.300.25mm_1000x,POPRAWNE_ADI\4Si.300.25mm_1000x\4Si_950-90-300-120_25mm_1000x-161.jpg,4Si_950-90-300-120_25mm_1000x-161.jpg,25.0,950,90,300,120,1486.7,1193.7,4.9,91.4,421.0,HB_nadpisane,3.0,4.1,0.36,0.01,0.04,0.043,0.05,0.07
4Si_950-90-300-120_25mm_*,poprawne_adi,4 Si,POPRAWNE_ADI\4Si.300.25mm_1000x,POPRAWNE_ADI\4Si.300.25mm_1000x\4Si_950-90-300-120_25mm_1000x-162.jpg,4Si_950-90-300-120_25mm_1000x-162.jpg,25.0,950,90,300,120,1486.7,1193.7,4.9,91.4,421.0,HB_nadpisane,3.0,4.1,0.36,0.01,0.04,0.043,0.05,0.07
4Si_950-90-300-120_25mm_*,poprawne_adi,4 Si,POPRAWNE_ADI\4Si.300.25mm_1000x,POPRAWNE_ADI\4Si.300.25mm_1000x\4Si_950-90-300-120_25mm_1000x-163.jpg,4Si_950-90-300-120_25mm_1000x-163.jpg,25.0,950,90,300,120,1486.7,1193.7,4.9,91.4,421.0,HB_nadpisane,3.0,4.1,0.36,0.01,0.04,0.043,0.05,0.07
4Si_950-90-300-120_25mm_*,poprawne_adi,4 Si,POPRAWNE_ADI\4Si.300.25mm_1000x,POPRAWNE_ADI\4Si.300.25mm_1000x\4Si_950-90-300-120_25mm_1000x-164.jpg,4Si_950-90-300-120_25mm_1000x-164.jpg,25.0,950,90,300,120,1486.7,1193.7,4.9,91.4,421.0,HB_nadpisane,3.0,4.1,0.36,0.01,0.04,0.043,0.05,0.07
4Si_950-90-300-120_25mm_*,poprawne_adi,4 Si,POPRAWNE_ADI\4Si.300.25mm_1000x,POPRAWNE_ADI\4Si.300.25mm_1000x\4Si_950-90-300-120_25mm_1000x-165.jpg,4Si_950-90-300-120_25mm_1000x-165.jpg,25.0,950,90,300,120,1486.7,1193.7,4.9,91.4,421.0,HB_nadpisane,3.0,4.1,0.36,0.01,0.04,0.043,0.05,0.07
4Si_950-90-300-120_25mm_*,poprawne_adi,4 Si,POPRAWNE_ADI\4Si.300.25mm_1000x,POPRAWNE_ADI\4Si.300.25mm_1000x\4Si_950-90-300-120_25mm_1000x-166.jpg,4Si_950-90-300-120_25mm_1000x-166.jpg,25.0,950,90,300,120,1486.7,1193.7,4.9,91.4,421.0,HB_nadpisane,3.0,4.1,0.36,0.01,0.04,0.043,0.05,0.07
4Si_950-90-300-120_25mm_*,poprawne_adi,4 Si,POPRAWNE_ADI\4Si.300.25mm_1000x,POPRAWNE_ADI\4Si.300.25mm_1000x\4Si_950-90-300-120_25mm_1000x-167.jpg,4Si_950-90-300-120_25mm_1000x-167.jpg,25.0,950,90,300,120,1486.7,1193.7,4.9,91.4,421.0,HB_nadpisane,3.0,4.1,0.36,0.01,0.04,0.043,0.05,0.07
4Si_950-90-300-120_25mm_*,poprawne_adi,4 Si,POPRAWNE_ADI\4Si.300.25mm_1000x,POPRAWNE_ADI\4Si.300.25mm_1000x\4Si_950-90-300-120_25mm_1000x-168.jpg,4Si_950-90-300-120_25mm_1000x-168.jpg,25.0,950,90,300,120,1486.7,1193.7,4.9,91.4,421.0,HB_nadpisane,3.0,4.1,0.36,0.01,0.04,0.043,0.05,0.07
4Si_950-90-300-120_25mm_*,poprawne_adi,4 Si,POPRAWNE_ADI\4Si.300.25mm_1000x,POPRAWNE_ADI\4Si.300.25mm_1000x\4Si_950-90-300-120_25mm_1000x-169.jpg,4Si_950-90-300-120_25mm_1000x-169.jpg,25.0,950,90,300,120,1486.7,1193.7,4.9,91.4,421.0,HB_nadpisane,3.0,4.1,0.36,0.01,0.04,0.043,0.05,0.07
4Si_950-90-300-120_25mm_*,poprawne_adi,4 Si,POPRAWNE_ADI\4Si.300.25mm_1000x,POPRAWNE_ADI\4Si.300.25mm_1000x\4Si_950-90-300-120_25mm_1000x-170.jpg,4Si_950-90-300-120_25mm_1000x-170.jpg,25.0,950,90,300,120,1486.7,1193.7,4.9,91.4,421.0,HB_nadpisane,3.0,4.1,0.36,0.01,0.04,0.043,0.05,0.07
4Si_950-90-300-120_25mm_*,poprawne_adi,4 Si,POPRAWNE_ADI\4Si.300.25mm_1000x,POPRAWNE_ADI\4Si.300.25mm_1000x\4Si_950-90-300-120_25mm_1000x-171.jpg,4Si_950-90-300-120_25mm_1000x-171.jpg,25.0,950,90,300,120,1486.7,1193.7,4.9,91.4,421.0,HB_nadpisane,3.0,4.1,0.36,0.01,0.04,0.043,0.05,0.07
4Si_950-90-300-120_25mm_*,poprawne_adi,4 Si,POPRAWNE_ADI\4Si.300.25mm_1000x,POPRAWNE_ADI\4Si.300.25mm_1000x\4Si_950-90-300-120_25mm_1000x-172.jpg,4Si_950-90-300-120_25mm_1000x-172.jpg,25.0,950,90,300,120,1486.7,1193.7,4.9,91.4,421.0,HB_nadpisane,3.0,4.1,0.36,0.01,0.04,0.043,0.05,0.07
4Si_950-90-300-120_25mm_*,poprawne_adi,4 Si,POPRAWNE_ADI\4Si.300.25mm_1000x,POPRAWNE_ADI\4Si.300.25mm_1000x\4Si_950-90-300-120_25mm_1000x-173.jpg,4Si_950-90-300-120_25mm_1000x-173.jpg,25.0,950,90,300,120,1486.7,1193.7,4.9,91.4,421.0,HB_nadpisane,3.0,4.1,0.36,0.01,0.04,0.043,0.05,0.07
4Si_950-90-300-120_25mm_*,poprawne_adi,4 Si,POPRAWNE_ADI\4Si.300.25mm_1000x,POPRAWNE_ADI\4Si.300.25mm_1000x\4Si_950-90-300-120_25mm_1000x-174.jpg,4Si_950-90-300-120_25mm_1000x-174.jpg,25.0,950,90,300,120,1486.7,1193.7,4.9,91.4,421.0,HB_nadpisane,3.0,4.1,0.36,0.01,0.04,0.043,0.05,0.07
4Si_950-90-300-120_25mm_*,poprawne_adi,4 Si,POPRAWNE_ADI\4Si.300.25mm_1000x,POPRAWNE_ADI\4Si.300.25mm_1000x\4Si_950-90-300-120_25mm_1000x-175.jpg,4Si_950-90-300-120_25mm_1000x-175.jpg,25.0,950,90,300,120,1486.7,1193.7,4.9,91.4,421.0,HB_nadpisane,3.0,4.1,0.36,0.01,0.04,0.043,0.05,0.07
4Si_950-90-300-120_25mm_*,poprawne_adi,4 Si,POPRAWNE_ADI\4Si.300.25mm_1000x,POPRAWNE_ADI\4Si.300.25mm_1000x\4Si_950-90-300-120_25mm_1000x-176.jpg,4Si_950-90-300-120_25mm_1000x-176.jpg,25.0,950,90,300,120,1486.7,1193.7,4.9,91.4,421.0,HB_nadpisane,3.0,4.1,0.36,0.01,0.04,0.043,0.05,0.07
4Si_950-90-300-120_25mm_*,poprawne_adi,4 Si,POPRAWNE_ADI\4Si.300.25mm_1000x,POPRAWNE_ADI\4Si.300.25mm_1000x\4Si_950-90-300-120_25mm_1000x-177.jpg,4Si_950-90-300-120_25mm_1000x-177.jpg,25.0,950,90,300,120,1486.7,1193.7,4.9,91.4,421.0,HB_nadpisane,3.0,4.1,0.36,0.01,0.04,0.043,0.05,0.07
4Si_950-90-300-120_25mm_*,poprawne_adi,4 Si,POPRAWNE_ADI\4Si.300.25mm_1000x,POPRAWNE_ADI\4Si.300.25mm_1000x\4Si_950-90-300-120_25mm_1000x-178.jpg,4Si_950-90-300-120_25mm_1000x-178.jpg,25.0,950,90,300,120,1486.7,1193.7,4.9,91.4,421.0,HB_nadpisane,3.0,4.1,0.36,0.01,0.04,0.043,0.05,0.07
4Si_950-90-300-120_25mm_*,poprawne_adi,4 Si,POPRAWNE_ADI\4Si.300.25mm_1000x,POPRAWNE_ADI\4Si.300.25mm_1000x\4Si_950-90-300-120_25mm_1000x-179.jpg,4Si_950-90-300-120_25mm_1000x-179.jpg,25.0,950,90,300,120,1486.7,1193.7,4.9,91.4,421.0,HB_nadpisane,3.0,4.1,0.36,0.01,0.04,0.043,0.05,0.07
4Si_950-90-300-120_25mm_*,poprawne_adi,4 Si,POPRAWNE_ADI\4Si.300.25mm_1000x,POPRAWNE_ADI\4Si.300.25mm_1000x\4Si_950-90-300-120_25mm_1000x-180.jpg,4Si_950-90-300-120_25mm_1000x-180.jpg,25.0,950,90,300,120,1486.7,1193.7,4.9,91.4,421.0,HB_nadpisane,3.0,4.1,0.36,0.01,0.04,0.043,0.05,0.07
4Si_950-90-300-120_25mm_*,poprawne_adi,4 Si,POPRAWNE_ADI\4Si.300.25mm_1000x,POPRAWNE_ADI\4Si.300.25mm_1000x\4Si_950-90-300-120_25mm_1000x-181.jpg,4Si_950-90-300-120_25mm_1000x-181.jpg,25.0,950,90,300,120,1486.7,1193.7,4.9,91.4,421.0,HB_nadpisane,3.0,4.1,0.36,0.01,0.04,0.043,0.05,0.07
4Si_950-90-300-120_25mm_*,poprawne_adi,4 Si,POPRAWNE_ADI\4Si.300.25mm_1000x,POPRAWNE_ADI\4Si.300.25mm_1000x\4Si_950-90-300-120_25mm_1000x-182.jpg,4Si_950-90-300-120_25mm_1000x-182.jpg,25.0,950,90,300,120,1486.7,1193.7,4.9,91.4,421.0,HB_nadpisane,3.0,4.1,0.36,0.01,0.04,0.043,0.05,0.07
4Si_950-90-300-120_25mm_*,poprawne_adi,4 Si,POPRAWNE_ADI\4Si.300.25mm_1000x,POPRAWNE_ADI\4Si.300.25mm_1000x\4Si_950-90-300-120_25mm_1000x-183.jpg,4Si_950-90-300-120_25mm_1000x-183.jpg,25.0,950,90,300,120,1486.7,1193.7,4.9,91.4,421.0,HB_nadpisane,3.0,4.1,0.36,0.01,0.04,0.043,0.05,0.07
4Si_950-90-300-120_25mm_*,poprawne_adi,4 Si,POPRAWNE_ADI\4Si.300.25mm_1000x,POPRAWNE_ADI\4Si.300.25mm_1000x\4Si_950-90-300-120_25mm_1000x-184.jpg,4Si_950-90-300-120_25mm_1000x-184.jpg,25.0,950,90,300,120,1486.7,1193.7,4.9,91.4,421.0,HB_nadpisane,3.0,4.1,0.36,0.01,0.04,0.043,0.05,0.07
4Si_950-90-300-120_25mm_*,poprawne_adi,4 Si,POPRAWNE_ADI\4Si.300.25mm_1000x,POPRAWNE_ADI\4Si.300.25mm_1000x\4Si_950-90-300-120_25mm_1000x-185.jpg,4Si_950-90-300-120_25mm_1000x-185.jpg,25.0,950,90,300,120,1486.7,1193.7,4.9,91.4,421.0,HB_nadpisane,3.0,4.1,0.36,0.01,0.04,0.043,0.05,0.07
4Si_950-90-300-120_25mm_*,poprawne_adi,4 Si,POPRAWNE_ADI\4Si.300.25mm_1000x,POPRAWNE_ADI\4Si.300.25mm_1000x\4Si_950-90-300-120_25mm_1000x-186.jpg,4Si_950-90-300-120_25mm_1000x-186.jpg,25.0,950,90,300,120,1486.7,1193.7,4.9,91.4,421.0,HB_nadpisane,3.0,4.1,0.36,0.01,0.04,0.043,0.05,0.07
4Si_950-90-300-120_25mm_*,poprawne_adi,4 Si,POPRAWNE_ADI\4Si.300.25mm_1000x,POPRAWNE_ADI\4Si.300.25mm_1000x\4Si_950-90-300-120_25mm_1000x-187.jpg,4Si_950-90-300-120_25mm_1000x-187.jpg,25.0,950,90,300,120,1486.7,1193.7,4.9,91.4,421.0,HB_nadpisane,3.0,4.1,0.36,0.01,0.04,0.043,0.05,0.07
4Si_950-90-300-120_25mm_*,poprawne_adi,4 Si,POPRAWNE_ADI\4Si.300.25mm_1000x,POPRAWNE_ADI\4Si.300.25mm_1000x\4Si_950-90-300-120_25mm_1000x-188.jpg,4Si_950-90-300-120_25mm_1000x-188.jpg,25.0,950,90,300,120,1486.7,1193.7,4.9,91.4,421.0,HB_nadpisane,3.0,4.1,0.36,0.01,0.04,0.043,0.05,0.07
4Si_950-90-300-120_25mm_*,poprawne_adi,4 Si,POPRAWNE_ADI\4Si.300.25mm_1000x,POPRAWNE_ADI\4Si.300.25mm_1000x\4Si_950-90-300-120_25mm_1000x-189.jpg,4Si_950-90-300-120_25mm_1000x-189.jpg,25.0,950,90,300,120,1486.7,1193.7,4.9,91.4,421.0,HB_nadpisane,3.0,4.1,0.36,0.01,0.04,0.043,0.05,0.07
4Si_950-90-300-120_25mm_*,poprawne_adi,4 Si,POPRAWNE_ADI\4Si.300.25mm_1000x,POPRAWNE_ADI\4Si.300.25mm_1000x\4Si_950-90-300-120_25mm_1000x-190.jpg,4Si_950-90-300-120_25mm_1000x-190.jpg,25.0,950,90,300,120,1486.7,1193.7,4.9,91.4,421.0,HB_nadpisane,3.0,4.1,0.36,0.01,0.04,0.043,0.05,0.07
4Si_950-90-300-120_25mm_*,poprawne_adi,4 Si,POPRAWNE_ADI\4Si.300.25mm_1000x,POPRAWNE_ADI\4Si.300.25mm_1000x\4Si_950-90-300-120_25mm_1000x-191.jpg,4Si_950-90-300-120_25mm_1000x-191.jpg,25.0,950,90,300,120,1486.7,1193.7,4.9,91.4,421.0,HB_nadpisane,3.0,4.1,0.36,0.01,0.04,0.043,0.05,0.07
4Si_950-90-300-120_25mm_*,poprawne_adi,4 Si,POPRAWNE_ADI\4Si.300.25mm_1000x,POPRAWNE_ADI\4Si.300.25mm_1000x\4Si_950-90-300-120_25mm_1000x-192.jpg,4Si_950-90-300-120_25mm_1000x-192.jpg,25.0,950,90,300,120,1486.7,1193.7,4.9,91.4,421.0,HB_nadpisane,3.0,4.1,0.36,0.01,0.04,0.043,0.05,0.07
4Si_950-90-300-120_25mm_*,poprawne_adi,4 Si,POPRAWNE_ADI\4Si.300.25mm_1000x,POPRAWNE_ADI\4Si.300.25mm_1000x\4Si_950-90-300-120_25mm_1000x-193.jpg,4Si_950-90-300-120_25mm_1000x-193.jpg,25.0,950,90,300,120,1486.7,1193.7,4.9,91.4,421.0,HB_nadpisane,3.0,4.1,0.36,0.01,0.04,0.043,0.05,0.07
4Si_950-90-300-120_25mm_*,poprawne_adi,4 Si,POPRAWNE_ADI\4Si.300.25mm_1000x,POPRAWNE_ADI\4Si.300.25mm_1000x\4Si_950-90-300-120_25mm_1000x-194.jpg,4Si_950-90-300-120_25mm_1000x-194.jpg,25.0,950,90,300,120,1486.7,1193.7,4.9,91.4,421.0,HB_nadpisane,3.0,4.1,0.36,0.01,0.04,0.043,0.05,0.07
4Si_950-90-300-120_25mm_*,poprawne_adi,4 Si,POPRAWNE_ADI\4Si.300.25mm_1000x,POPRAWNE_ADI\4Si.300.25mm_1000x\4Si_950-90-300-120_25mm_1000x-195.jpg,4Si_950-90-300-120_25mm_1000x-195.jpg,25.0,950,90,300,120,1486.7,1193.7,4.9,91.4,421.0,HB_nadpisane,3.0,4.1,0.36,0.01,0.04,0.043,0.05,0.07
4Si_950-90-300-120_25mm_*,poprawne_adi,4 Si,POPRAWNE_ADI\4Si.300.25mm_1000x,POPRAWNE_ADI\4Si.300.25mm_1000x\4Si_950-90-300-120_25mm_1000x-196.jpg,4Si_950-90-300-120_25mm_1000x-196.jpg,25.0,950,90,300,120,1486.7,1193.7,4.9,91.4,421.0,HB_nadpisane,3.0,4.1,0.36,0.01,0.04,0.043,0.05,0.07
4Si_950-90-300-120_25mm_*,poprawne_adi,4 Si,POPRAWNE_ADI\4Si.300.25mm_1000x,POPRAWNE_ADI\4Si.300.25mm_1000x\4Si_950-90-300-120_25mm_1000x-197.jpg,4Si_950-90-300-120_25mm_1000x-197.jpg,25.0,950,90,300,120,1486.7,1193.7,4.9,91.4,421.0,HB_nadpisane,3.0,4.1,0.36,0.01,0.04,0.043,0.05,0.07
4Si_950-90-300-120_25mm_*,poprawne_adi,4 Si,POPRAWNE_ADI\4Si.300.25mm_1000x,POPRAWNE_ADI\4Si.300.25mm_1000x\4Si_950-90-300-120_25mm_1000x-198.jpg,4Si_950-90-300-120_25mm_1000x-198.jpg,25.0,950,90,300,120,1486.7,1193.7,4.9,91.4,421.0,HB_nadpisane,3.0,4.1,0.36,0.01,0.04,0.043,0.05,0.07
4Si_950-90-300-120_25mm_*,poprawne_adi,4 Si,POPRAWNE_ADI\4Si.300.25mm_1000x,POPRAWNE_ADI\4Si.300.25mm_1000x\4Si_950-90-300-120_25mm_1000x-199.jpg,4Si_950-90-300-120_25mm_1000x-199.jpg,25.0,950,90,300,120,1486.7,1193.7,4.9,91.4,421.0,HB_nadpisane,3.0,4.1,0.36,0.01,0.04,0.043,0.05,0.07
4Si_950-90-300-120_25mm_*,poprawne_adi,4 Si,POPRAWNE_ADI\4Si.300.25mm_1000x,POPRAWNE_ADI\4Si.300.25mm_1000x\4Si_950-90-300-120_25mm_1000x-200.jpg,4Si_950-90-300-120_25mm_1000x-200.jpg,25.0,950,90,300,120,1486.7,1193.7,4.9,91.4,421.0,HB_nadpisane,3.0,4.1,0.36,0.01,0.04,0.043,0.05,0.07
3.6Si_950-90-340-120_25mm_*,poprawne_adi,3.6 Si,POPRAWNE_ADI\3.6Si.340.25mm_1000x,POPRAWNE_ADI\3.6Si.340.25mm_1000x\3.6Si_950-90-340-120_25mm_1000x-001.jpg,3.6Si_950-90-340-120_25mm_1000x-001.jpg,25.0,950,90,340,120,1292.7,1068.3,7.4,145.5,353.0,HB_nadpisane,3.2,3.6,0.32,0.01,0.05,0.039,0.05,0.05
3.6Si_950-90-340-120_25mm_*,poprawne_adi,3.6 Si,POPRAWNE_ADI\3.6Si.340.25mm_1000x,POPRAWNE_ADI\3.6Si.340.25mm_1000x\3.6Si_950-90-340-120_25mm_1000x-002.jpg,3.6Si_950-90-340-120_25mm_1000x-002.jpg,25.0,950,90,340,120,1292.7,1068.3,7.4,145.5,353.0,HB_nadpisane,3.2,3.6,0.32,0.01,0.05,0.039,0.05,0.05
3.6Si_950-90-340-120_25mm_*,poprawne_adi,3.6 Si,POPRAWNE_ADI\3.6Si.340.25mm_1000x,POPRAWNE_ADI\3.6Si.340.25mm_1000x\3.6Si_950-90-340-120_25mm_1000x-003.jpg,3.6Si_950-90-340-120_25mm_1000x-003.jpg,25.0,950,90,340,120,1292.7,1068.3,7.4,145.5,353.0,HB_nadpisane,3.2,3.6,0.32,0.01,0.05,0.039,0.05,0.05
3.6Si_950-90-340-120_25mm_*,poprawne_adi,3.6 Si,POPRAWNE_ADI\3.6Si.340.25mm_1000x,POPRAWNE_ADI\3.6Si.340.25mm_1000x\3.6Si_950-90-340-120_25mm_1000x-004.jpg,3.6Si_950-90-340-120_25mm_1000x-004.jpg,25.0,950,90,340,120,1292.7,1068.3,7.4,145.5,353.0,HB_nadpisane,3.2,3.6,0.32,0.01,0.05,0.039,0.05,0.05
3.6Si_950-90-340-120_25mm_*,poprawne_adi,3.6 Si,POPRAWNE_ADI\3.6Si.340.25mm_1000x,POPRAWNE_ADI\3.6Si.340.25mm_1000x\3.6Si_950-90-340-120_25mm_1000x-005.jpg,3.6Si_950-90-340-120_25mm_1000x-005.jpg,25.0,950,90,340,120,1292.7,1068.3,7.4,145.5,353.0,HB_nadpisane,3.2,3.6,0.32,0.01,0.05,0.039,0.05,0.05
3.6Si_950-90-340-120_25mm_*,poprawne_adi,3.6 Si,POPRAWNE_ADI\3.6Si.340.25mm_1000x,POPRAWNE_ADI\3.6Si.340.25mm_1000x\3.6Si_950-90-340-120_25mm_1000x-006.jpg,3.6Si_950-90-340-120_25mm_1000x-006.jpg,25.0,950,90,340,120,1292.7,1068.3,7.4,145.5,353.0,HB_nadpisane,3.2,3.6,0.32,0.01,0.05,0.039,0.05,0.05
3.6Si_950-90-340-120_25mm_*,poprawne_adi,3.6 Si,POPRAWNE_ADI\3.6Si.340.25mm_1000x,POPRAWNE_ADI\3.6Si.340.25mm_1000x\3.6Si_950-90-340-120_25mm_1000x-007.jpg,3.6Si_950-90-340-120_25mm_1000x-007.jpg,25.0,950,90,340,120,1292.7,1068.3,7.4,145.5,353.0,HB_nadpisane,3.2,3.6,0.32,0.01,0.05,0.039,0.05,0.05
3.6Si_950-90-340-120_25mm_*,poprawne_adi,3.6 Si,POPRAWNE_ADI\3.6Si.340.25mm_1000x,POPRAWNE_ADI\3.6Si.340.25mm_1000x\3.6Si_950-90-340-120_25mm_1000x-008.jpg,3.6Si_950-90-340-120_25mm_1000x-008.jpg,25.0,950,90,340,120,1292.7,1068.3,7.4,145.5,353.0,HB_nadpisane,3.2,3.6,0.32,0.01,0.05,0.039,0.05,0.05
3.6Si_950-90-340-120_25mm_*,poprawne_adi,3.6 Si,POPRAWNE_ADI\3.6Si.340.25mm_1000x,POPRAWNE_ADI\3.6Si.340.25mm_1000x\3.6Si_950-90-340-120_25mm_1000x-009.jpg,3.6Si_950-90-340-120_25mm_1000x-009.jpg,25.0,950,90,340,120,1292.7,1068.3,7.4,145.5,353.0,HB_nadpisane,3.2,3.6,0.32,0.01,0.05,0.039,0.05,0.05
3.6Si_950-90-340-120_25mm_*,poprawne_adi,3.6 Si,POPRAWNE_ADI\3.6Si.340.25mm_1000x,POPRAWNE_ADI\3.6Si.340.25mm_1000x\3.6Si_950-90-340-120_25mm_1000x-010.jpg,3.6Si_950-90-340-120_25mm_1000x-010.jpg,25.0,950,90,340,120,1292.7,1068.3,7.4,145.5,353.0,HB_nadpisane,3.2,3.6,0.32,0.01,0.05,0.039,0.05,0.05
3.6Si_950-90-340-120_25mm_*,poprawne_adi,3.6 Si,POPRAWNE_ADI\3.6Si.340.25mm_1000x,POPRAWNE_ADI\3.6Si.340.25mm_1000x\3.6Si_950-90-340-120_25mm_1000x-011.jpg,3.6Si_950-90-340-120_25mm_1000x-011.jpg,25.0,950,90,340,120,1292.7,1068.3,7.4,145.5,353.0,HB_nadpisane,3.2,3.6,0.32,0.01,0.05,0.039,0.05,0.05
3.6Si_950-90-340-120_25mm_*,poprawne_adi,3.6 Si,POPRAWNE_ADI\3.6Si.340.25mm_1000x,POPRAWNE_ADI\3.6Si.340.25mm_1000x\3.6Si_950-90-340-120_25mm_1000x-012.jpg,3.6Si_950-90-340-120_25mm_1000x-012.jpg,25.0,950,90,340,120,1292.7,1068.3,7.4,145.5,353.0,HB_nadpisane,3.2,3.6,0.32,0.01,0.05,0.039,0.05,0.05
3.6Si_950-90-340-120_25mm_*,poprawne_adi,3.6 Si,POPRAWNE_ADI\3.6Si.340.25mm_1000x,POPRAWNE_ADI\3.6Si.340.25mm_1000x\3.6Si_950-90-340-120_25mm_1000x-013.jpg,3.6Si_950-90-340-120_25mm_1000x-013.jpg,25.0,950,90,340,120,1292.7,1068.3,7.4,145.5,353.0,HB_nadpisane,3.2,3.6,0.32,0.01,0.05,0.039,0.05,0.05
3.6Si_950-90-340-120_25mm_*,poprawne_adi,3.6 Si,POPRAWNE_ADI\3.6Si.340.25mm_1000x,POPRAWNE_ADI\3.6Si.340.25mm_1000x\3.6Si_950-90-340-120_25mm_1000x-014.jpg,3.6Si_950-90-340-120_25mm_1000x-014.jpg,25.0,950,90,340,120,1292.7,1068.3,7.4,145.5,353.0,HB_nadpisane,3.2,3.6,0.32,0.01,0.05,0.039,0.05,0.05
3.6Si_950-90-340-120_25mm_*,poprawne_adi,3.6 Si,POPRAWNE_ADI\3.6Si.340.25mm_1000x,POPRAWNE_ADI\3.6Si.340.25mm_1000x\3.6Si_950-90-340-120_25mm_1000x-015.jpg,3.6Si_950-90-340-120_25mm_1000x-015.jpg,25.0,950,90,340,120,1292.7,1068.3,7.4,145.5,353.0,HB_nadpisane,3.2,3.6,0.32,0.01,0.05,0.039,0.05,0.05
3.6Si_950-90-340-120_25mm_*,poprawne_adi,3.6 Si,POPRAWNE_ADI\3.6Si.340.25mm_1000x,POPRAWNE_ADI\3.6Si.340.25mm_1000x\3.6Si_950-90-340-120_25mm_1000x-016.jpg,3.6Si_950-90-340-120_25mm_1000x-016.jpg,25.0,950,90,340,120,1292.7,1068.3,7.4,145.5,353.0,HB_nadpisane,3.2,3.6,0.32,0.01,0.05,0.039,0.05,0.05
3.6Si_950-90-340-120_25mm_*,poprawne_adi,3.6 Si,POPRAWNE_ADI\3.6Si.340.25mm_1000x,POPRAWNE_ADI\3.6Si.340.25mm_1000x\3.6Si_950-90-340-120_25mm_1000x-017.jpg,3.6Si_950-90-340-120_25mm_1000x-017.jpg,25.0,950,90,340,120,1292.7,1068.3,7.4,145.5,353.0,HB_nadpisane,3.2,3.6,0.32,0.01,0.05,0.039,0.05,0.05
3.6Si_950-90-340-120_25mm_*,poprawne_adi,3.6 Si,POPRAWNE_ADI\3.6Si.340.25mm_1000x,POPRAWNE_ADI\3.6Si.340.25mm_1000x\3.6Si_950-90-340-120_25mm_1000x-018.jpg,3.6Si_950-90-340-120_25mm_1000x-018.jpg,25.0,950,90,340,120,1292.7,1068.3,7.4,145.5,353.0,HB_nadpisane,3.2,3.6,0.32,0.01,0.05,0.039,0.05,0.05
3.6Si_950-90-340-120_25mm_*,poprawne_adi,3.6 Si,POPRAWNE_ADI\3.6Si.340.25mm_1000x,POPRAWNE_ADI\3.6Si.340.25mm_1000x\3.6Si_950-90-340-120_25mm_1000x-019.jpg,3.6Si_950-90-340-120_25mm_1000x-019.jpg,25.0,950,90,340,120,1292.7,1068.3,7.4,145.5,353.0,HB_nadpisane,3.2,3.6,0.32,0.01,0.05,0.039,0.05,0.05
3.6Si_950-90-340-120_25mm_*,poprawne_adi,3.6 Si,POPRAWNE_ADI\3.6Si.340.25mm_1000x,POPRAWNE_ADI\3.6Si.340.25mm_1000x\3.6Si_950-90-340-120_25mm_1000x-020.jpg,3.6Si_950-90-340-120_25mm_1000x-020.jpg,25.0,950,90,340,120,1292.7,1068.3,7.4,145.5,353.0,HB_nadpisane,3.2,3.6,0.32,0.01,0.05,0.039,0.05,0.05
3.6Si_950-90-340-120_25mm_*,poprawne_adi,3.6 Si,POPRAWNE_ADI\3.6Si.340.25mm_1000x,POPRAWNE_ADI\3.6Si.340.25mm_1000x\3.6Si_950-90-340-120_25mm_1000x-021.jpg,3.6Si_950-90-340-120_25mm_1000x-021.jpg,25.0,950,90,340,120,1292.7,1068.3,7.4,145.5,353.0,HB_nadpisane,3.2,3.6,0.32,0.01,0.05,0.039,0.05,0.05
3.6Si_950-90-340-120_25mm_*,poprawne_adi,3.6 Si,POPRAWNE_ADI\3.6Si.340.25mm_1000x,POPRAWNE_ADI\3.6Si.340.25mm_1000x\3.6Si_950-90-340-120_25mm_1000x-022.jpg,3.6Si_950-90-340-120_25mm_1000x-022.jpg,25.0,950,90,340,120,1292.7,1068.3,7.4,145.5,353.0,HB_nadpisane,3.2,3.6,0.32,0.01,0.05,0.039,0.05,0.05
3.6Si_950-90-340-120_25mm_*,poprawne_adi,3.6 Si,POPRAWNE_ADI\3.6Si.340.25mm_1000x,POPRAWNE_ADI\3.6Si.340.25mm_1000x\3.6Si_950-90-340-120_25mm_1000x-023.jpg,3.6Si_950-90-340-120_25mm_1000x-023.jpg,25.0,950,90,340,120,1292.7,1068.3,7.4,145.5,353.0,HB_nadpisane,3.2,3.6,0.32,0.01,0.05,0.039,0.05,0.05
3.6Si_950-90-340-120_25mm_*,poprawne_adi,3.6 Si,POPRAWNE_ADI\3.6Si.340.25mm_1000x,POPRAWNE_ADI\3.6Si.340.25mm_1000x\3.6Si_950-90-340-120_25mm_1000x-024.jpg,3.6Si_950-90-340-120_25mm_1000x-024.jpg,25.0,950,90,340,120,1292.7,1068.3,7.4,145.5,353.0,HB_nadpisane,3.2,3.6,0.32,0.01,0.05,0.039,0.05,0.05
3.6Si_950-90-340-120_25mm_*,poprawne_adi,3.6 Si,POPRAWNE_ADI\3.6Si.340.25mm_1000x,POPRAWNE_ADI\3.6Si.340.25mm_1000x\3.6Si_950-90-340-120_25mm_1000x-025.jpg,3.6Si_950-90-340-120_25mm_1000x-025.jpg,25.0,950,90,340,120,1292.7,1068.3,7.4,145.5,353.0,HB_nadpisane,3.2,3.6,0.32,0.01,0.05,0.039,0.05,0.05
3.6Si_950-90-340-120_25mm_*,poprawne_adi,3.6 Si,POPRAWNE_ADI\3.6Si.340.25mm_1000x,POPRAWNE_ADI\3.6Si.340.25mm_1000x\3.6Si_950-90-340-120_25mm_1000x-026.jpg,3.6Si_950-90-340-120_25mm_1000x-026.jpg,25.0,950,90,340,120,1292.7,1068.3,7.4,145.5,353.0,HB_nadpisane,3.2,3.6,0.32,0.01,0.05,0.039,0.05,0.05
3.6Si_950-90-340-120_25mm_*,poprawne_adi,3.6 Si,POPRAWNE_ADI\3.6Si.340.25mm_1000x,POPRAWNE_ADI\3.6Si.340.25mm_1000x\3.6Si_950-90-340-120_25mm_1000x-027.jpg,3.6Si_950-90-340-120_25mm_1000x-027.jpg,25.0,950,90,340,120,1292.7,1068.3,7.4,145.5,353.0,HB_nadpisane,3.2,3.6,0.32,0.01,0.05,0.039,0.05,0.05
3.6Si_950-90-340-120_25mm_*,poprawne_adi,3.6 Si,POPRAWNE_ADI\3.6Si.340.25mm_1000x,POPRAWNE_ADI\3.6Si.340.25mm_1000x\3.6Si_950-90-340-120_25mm_1000x-028.jpg,3.6Si_950-90-340-120_25mm_1000x-028.jpg,25.0,950,90,340,120,1292.7,1068.3,7.4,145.5,353.0,HB_nadpisane,3.2,3.6,0.32,0.01,0.05,0.039,0.05,0.05
3.6Si_950-90-340-120_25mm_*,poprawne_adi,3.6 Si,POPRAWNE_ADI\3.6Si.340.25mm_1000x,POPRAWNE_ADI\3.6Si.340.25mm_1000x\3.6Si_950-90-340-120_25mm_1000x-029.jpg,3.6Si_950-90-340-120_25mm_1000x-029.jpg,25.0,950,90,340,120,1292.7,1068.3,7.4,145.5,353.0,HB_nadpisane,3.2,3.6,0.32,0.01,0.05,0.039,0.05,0.05
3.6Si_950-90-340-120_25mm_*,poprawne_adi,3.6 Si,POPRAWNE_ADI\3.6Si.340.25mm_1000x,POPRAWNE_ADI\3.6Si.340.25mm_1000x\3.6Si_950-90-340-120_25mm_1000x-030.jpg,3.6Si_950-90-340-120_25mm_1000x-030.jpg,25.0,950,90,340,120,1292.7,1068.3,7.4,145.5,353.0,HB_nadpisane,3.2,3.6,0.32,0.01,0.05,0.039,0.05,0.05
3.6Si_950-90-340-120_25mm_*,poprawne_adi,3.6 Si,POPRAWNE_ADI\3.6Si.340.25mm_1000x,POPRAWNE_ADI\3.6Si.340.25mm_1000x\3.6Si_950-90-340-120_25mm_1000x-031.jpg,3.6Si_950-90-340-120_25mm_1000x-031.jpg,25.0,950,90,340,120,1292.7,1068.3,7.4,145.5,353.0,HB_nadpisane,3.2,3.6,0.32,0.01,0.05,0.039,0.05,0.05
3.6Si_950-90-340-120_25mm_*,poprawne_adi,3.6 Si,POPRAWNE_ADI\3.6Si.340.25mm_1000x,POPRAWNE_ADI\3.6Si.340.25mm_1000x\3.6Si_950-90-340-120_25mm_1000x-032.jpg,3.6Si_950-90-340-120_25mm_1000x-032.jpg,25.0,950,90,340,120,1292.7,1068.3,7.4,145.5,353.0,HB_nadpisane,3.2,3.6,0.32,0.01,0.05,0.039,0.05,0.05
3.6Si_950-90-340-120_25mm_*,poprawne_adi,3.6 Si,POPRAWNE_ADI\3.6Si.340.25mm_1000x,POPRAWNE_ADI\3.6Si.340.25mm_1000x\3.6Si_950-90-340-120_25mm_1000x-033.jpg,3.6Si_950-90-340-120_25mm_1000x-033.jpg,25.0,950,90,340,120,1292.7,1068.3,7.4,145.5,353.0,HB_nadpisane,3.2,3.6,0.32,0.01,0.05,0.039,0.05,0.05
3.6Si_950-90-340-120_25mm_*,poprawne_adi,3.6 Si,POPRAWNE_ADI\3.6Si.340.25mm_1000x,POPRAWNE_ADI\3.6Si.340.25mm_1000x\3.6Si_950-90-340-120_25mm_1000x-034.jpg,3.6Si_950-90-340-120_25mm_1000x-034.jpg,25.0,950,90,340,120,1292.7,1068.3,7.4,145.5,353.0,HB_nadpisane,3.2,3.6,0.32,0.01,0.05,0.039,0.05,0.05
3.6Si_950-90-340-120_25mm_*,poprawne_adi,3.6 Si,POPRAWNE_ADI\3.6Si.340.25mm_1000x,POPRAWNE_ADI\3.6Si.340.25mm_1000x\3.6Si_950-90-340-120_25mm_1000x-035.jpg,3.6Si_950-90-340-120_25mm_1000x-035.jpg,25.0,950,90,340,120,1292.7,1068.3,7.4,145.5,353.0,HB_nadpisane,3.2,3.6,0.32,0.01,0.05,0.039,0.05,0.05
3.6Si_950-90-340-120_25mm_*,poprawne_adi,3.6 Si,POPRAWNE_ADI\3.6Si.340.25mm_1000x,POPRAWNE_ADI\3.6Si.340.25mm_1000x\3.6Si_950-90-340-120_25mm_1000x-036.jpg,3.6Si_950-90-340-120_25mm_1000x-036.jpg,25.0,950,90,340,120,1292.7,1068.3,7.4,145.5,353.0,HB_nadpisane,3.2,3.6,0.32,0.01,0.05,0.039,0.05,0.05
3.6Si_950-90-340-120_25mm_*,poprawne_adi,3.6 Si,POPRAWNE_ADI\3.6Si.340.25mm_1000x,POPRAWNE_ADI\3.6Si.340.25mm_1000x\3.6Si_950-90-340-120_25mm_1000x-037.jpg,3.6Si_950-90-340-120_25mm_1000x-037.jpg,25.0,950,90,340,120,1292.7,1068.3,7.4,145.5,353.0,HB_nadpisane,3.2,3.6,0.32,0.01,0.05,0.039,0.05,0.05
3.6Si_950-90-340-120_25mm_*,poprawne_adi,3.6 Si,POPRAWNE_ADI\3.6Si.340.25mm_1000x,POPRAWNE_ADI\3.6Si.340.25mm_1000x\3.6Si_950-90-340-120_25mm_1000x-038.jpg,3.6Si_950-90-340-120_25mm_1000x-038.jpg,25.0,950,90,340,120,1292.7,1068.3,7.4,145.5,353.0,HB_nadpisane,3.2,3.6,0.32,0.01,0.05,0.039,0.05,0.05
3.6Si_950-90-340-120_25mm_*,poprawne_adi,3.6 Si,POPRAWNE_ADI\3.6Si.340.25mm_1000x,POPRAWNE_ADI\3.6Si.340.25mm_1000x\3.6Si_950-90-340-120_25mm_1000x-039.jpg,3.6Si_950-90-340-120_25mm_1000x-039.jpg,25.0,950,90,340,120,1292.7,1068.3,7.4,145.5,353.0,HB_nadpisane,3.2,3.6,0.32,0.01,0.05,0.039,0.05,0.05
3.6Si_950-90-340-120_25mm_*,poprawne_adi,3.6 Si,POPRAWNE_ADI\3.6Si.340.25mm_1000x,POPRAWNE_ADI\3.6Si.340.25mm_1000x\3.6Si_950-90-340-120_25mm_1000x-040.jpg,3.6Si_950-90-340-120_25mm_1000x-040.jpg,25.0,950,90,340,120,1292.7,1068.3,7.4,145.5,353.0,HB_nadpisane,3.2,3.6,0.32,0.01,0.05,0.039,0.05,0.05
3.6Si_950-90-340-120_25mm_*,poprawne_adi,3.6 Si,POPRAWNE_ADI\3.6Si.340.25mm_1000x,POPRAWNE_ADI\3.6Si.340.25mm_1000x\3.6Si_950-90-340-120_25mm_1000x-041.jpg,3.6Si_950-90-340-120_25mm_1000x-041.jpg,25.0,950,90,340,120,1292.7,1068.3,7.4,145.5,353.0,HB_nadpisane,3.2,3.6,0.32,0.01,0.05,0.039,0.05,0.05
3.6Si_950-90-340-120_25mm_*,poprawne_adi,3.6 Si,POPRAWNE_ADI\3.6Si.340.25mm_1000x,POPRAWNE_ADI\3.6Si.340.25mm_1000x\3.6Si_950-90-340-120_25mm_1000x-042.jpg,3.6Si_950-90-340-120_25mm_1000x-042.jpg,25.0,950,90,340,120,1292.7,1068.3,7.4,145.5,353.0,HB_nadpisane,3.2,3.6,0.32,0.01,0.05,0.039,0.05,0.05
3.6Si_950-90-340-120_25mm_*,poprawne_adi,3.6 Si,POPRAWNE_ADI\3.6Si.340.25mm_1000x,POPRAWNE_ADI\3.6Si.340.25mm_1000x\3.6Si_950-90-340-120_25mm_1000x-043.jpg,3.6Si_950-90-340-120_25mm_1000x-043.jpg,25.0,950,90,340,120,1292.7,1068.3,7.4,145.5,353.0,HB_nadpisane,3.2,3.6,0.32,0.01,0.05,0.039,0.05,0.05
3.6Si_950-90-340-120_25mm_*,poprawne_adi,3.6 Si,POPRAWNE_ADI\3.6Si.340.25mm_1000x,POPRAWNE_ADI\3.6Si.340.25mm_1000x\3.6Si_950-90-340-120_25mm_1000x-044.jpg,3.6Si_950-90-340-120_25mm_1000x-044.jpg,25.0,950,90,340,120,1292.7,1068.3,7.4,145.5,353.0,HB_nadpisane,3.2,3.6,0.32,0.01,0.05,0.039,0.05,0.05
3.6Si_950-90-340-120_25mm_*,poprawne_adi,3.6 Si,POPRAWNE_ADI\3.6Si.340.25mm_1000x,POPRAWNE_ADI\3.6Si.340.25mm_1000x\3.6Si_950-90-340-120_25mm_1000x-045.jpg,3.6Si_950-90-340-120_25mm_1000x-045.jpg,25.0,950,90,340,120,1292.7,1068.3,7.4,145.5,353.0,HB_nadpisane,3.2,3.6,0.32,0.01,0.05,0.039,0.05,0.05
3.6Si_950-90-340-120_25mm_*,poprawne_adi,3.6 Si,POPRAWNE_ADI\3.6Si.340.25mm_1000x,POPRAWNE_ADI\3.6Si.340.25mm_1000x\3.6Si_950-90-340-120_25mm_1000x-046.jpg,3.6Si_950-90-340-120_25mm_1000x-046.jpg,25.0,950,90,340,120,1292.7,1068.3,7.4,145.5,353.0,HB_nadpisane,3.2,3.6,0.32,0.01,0.05,0.039,0.05,0.05
3.6Si_950-90-340-120_25mm_*,poprawne_adi,3.6 Si,POPRAWNE_ADI\3.6Si.340.25mm_1000x,POPRAWNE_ADI\3.6Si.340.25mm_1000x\3.6Si_950-90-340-120_25mm_1000x-047.jpg,3.6Si_950-90-340-120_25mm_1000x-047.jpg,25.0,950,90,340,120,1292.7,1068.3,7.4,145.5,353.0,HB_nadpisane,3.2,3.6,0.32,0.01,0.05,0.039,0.05,0.05
3.6Si_950-90-340-120_25mm_*,poprawne_adi,3.6 Si,POPRAWNE_ADI\3.6Si.340.25mm_1000x,POPRAWNE_ADI\3.6Si.340.25mm_1000x\3.6Si_950-90-340-120_25mm_1000x-048.jpg,3.6Si_950-90-340-120_25mm_1000x-048.jpg,25.0,950,90,340,120,1292.7,1068.3,7.4,145.5,353.0,HB_nadpisane,3.2,3.6,0.32,0.01,0.05,0.039,0.05,0.05
3.6Si_950-90-340-120_25mm_*,poprawne_adi,3.6 Si,POPRAWNE_ADI\3.6Si.340.25mm_1000x,POPRAWNE_ADI\3.6Si.340.25mm_1000x\3.6Si_950-90-340-120_25mm_1000x-049.jpg,3.6Si_950-90-340-120_25mm_1000x-049.jpg,25.0,950,90,340,120,1292.7,1068.3,7.4,145.5,353.0,HB_nadpisane,3.2,3.6,0.32,0.01,0.05,0.039,0.05,0.05
3.6Si_950-90-340-120_25mm_*,poprawne_adi,3.6 Si,POPRAWNE_ADI\3.6Si.340.25mm_1000x,POPRAWNE_ADI\3.6Si.340.25mm_1000x\3.6Si_950-90-340-120_25mm_1000x-050.jpg,3.6Si_950-90-340-120_25mm_1000x-050.jpg,25.0,950,90,340,120,1292.7,1068.3,7.4,145.5,353.0,HB_nadpisane,3.2,3.6,0.32,0.01,0.05,0.039,0.05,0.05
3.6Si_950-90-340-120_25mm_*,poprawne_adi,3.6 Si,POPRAWNE_ADI\3.6Si.340.25mm_1000x,POPRAWNE_ADI\3.6Si.340.25mm_1000x\3.6Si_950-90-340-120_25mm_1000x-051.jpg,3.6Si_950-90-340-120_25mm_1000x-051.jpg,25.0,950,90,340,120,1292.7,1068.3,7.4,145.5,353.0,HB_nadpisane,3.2,3.6,0.32,0.01,0.05,0.039,0.05,0.05
3.6Si_950-90-340-120_25mm_*,poprawne_adi,3.6 Si,POPRAWNE_ADI\3.6Si.340.25mm_1000x,POPRAWNE_ADI\3.6Si.340.25mm_1000x\3.6Si_950-90-340-120_25mm_1000x-052.jpg,3.6Si_950-90-340-120_25mm_1000x-052.jpg,25.0,950,90,340,120,1292.7,1068.3,7.4,145.5,353.0,HB_nadpisane,3.2,3.6,0.32,0.01,0.05,0.039,0.05,0.05
3.6Si_950-90-340-120_25mm_*,poprawne_adi,3.6 Si,POPRAWNE_ADI\3.6Si.340.25mm_1000x,POPRAWNE_ADI\3.6Si.340.25mm_1000x\3.6Si_950-90-340-120_25mm_1000x-053.jpg,3.6Si_950-90-340-120_25mm_1000x-053.jpg,25.0,950,90,340,120,1292.7,1068.3,7.4,145.5,353.0,HB_nadpisane,3.2,3.6,0.32,0.01,0.05,0.039,0.05,0.05
3.6Si_950-90-340-120_25mm_*,poprawne_adi,3.6 Si,POPRAWNE_ADI\3.6Si.340.25mm_1000x,POPRAWNE_ADI\3.6Si.340.25mm_1000x\3.6Si_950-90-340-120_25mm_1000x-054.jpg,3.6Si_950-90-340-120_25mm_1000x-054.jpg,25.0,950,90,340,120,1292.7,1068.3,7.4,145.5,353.0,HB_nadpisane,3.2,3.6,0.32,0.01,0.05,0.039,0.05,0.05
3.6Si_950-90-340-120_25mm_*,poprawne_adi,3.6 Si,POPRAWNE_ADI\3.6Si.340.25mm_1000x,POPRAWNE_ADI\3.6Si.340.25mm_1000x\3.6Si_950-90-340-120_25mm_1000x-055.jpg,3.6Si_950-90-340-120_25mm_1000x-055.jpg,25.0,950,90,340,120,1292.7,1068.3,7.4,145.5,353.0,HB_nadpisane,3.2,3.6,0.32,0.01,0.05,0.039,0.05,0.05
3.6Si_950-90-340-120_25mm_*,poprawne_adi,3.6 Si,POPRAWNE_ADI\3.6Si.340.25mm_1000x,POPRAWNE_ADI\3.6Si.340.25mm_1000x\3.6Si_950-90-340-120_25mm_1000x-056.jpg,3.6Si_950-90-340-120_25mm_1000x-056.jpg,25.0,950,90,340,120,1292.7,1068.3,7.4,145.5,353.0,HB_nadpisane,3.2,3.6,0.32,0.01,0.05,0.039,0.05,0.05
3.6Si_950-90-340-120_25mm_*,poprawne_adi,3.6 Si,POPRAWNE_ADI\3.6Si.340.25mm_1000x,POPRAWNE_ADI\3.6Si.340.25mm_1000x\3.6Si_950-90-340-120_25mm_1000x-057.jpg,3.6Si_950-90-340-120_25mm_1000x-057.jpg,25.0,950,90,340,120,1292.7,1068.3,7.4,145.5,353.0,HB_nadpisane,3.2,3.6,0.32,0.01,0.05,0.039,0.05,0.05
3.6Si_950-90-340-120_25mm_*,poprawne_adi,3.6 Si,POPRAWNE_ADI\3.6Si.340.25mm_1000x,POPRAWNE_ADI\3.6Si.340.25mm_1000x\3.6Si_950-90-340-120_25mm_1000x-058.jpg,3.6Si_950-90-340-120_25mm_1000x-058.jpg,25.0,950,90,340,120,1292.7,1068.3,7.4,145.5,353.0,HB_nadpisane,3.2,3.6,0.32,0.01,0.05,0.039,0.05,0.05
3.6Si_950-90-340-120_25mm_*,poprawne_adi,3.6 Si,POPRAWNE_ADI\3.6Si.340.25mm_1000x,POPRAWNE_ADI\3.6Si.340.25mm_1000x\3.6Si_950-90-340-120_25mm_1000x-059.jpg,3.6Si_950-90-340-120_25mm_1000x-059.jpg,25.0,950,90,340,120,1292.7,1068.3,7.4,145.5,353.0,HB_nadpisane,3.2,3.6,0.32,0.01,0.05,0.039,0.05,0.05
3.6Si_950-90-340-120_25mm_*,poprawne_adi,3.6 Si,POPRAWNE_ADI\3.6Si.340.25mm_1000x,POPRAWNE_ADI\3.6Si.340.25mm_1000x\3.6Si_950-90-340-120_25mm_1000x-060.jpg,3.6Si_950-90-340-120_25mm_1000x-060.jpg,25.0,950,90,340,120,1292.7,1068.3,7.4,145.5,353.0,HB_nadpisane,3.2,3.6,0.32,0.01,0.05,0.039,0.05,0.05
3.6Si_950-90-340-120_25mm_*,poprawne_adi,3.6 Si,POPRAWNE_ADI\3.6Si.340.25mm_1000x,POPRAWNE_ADI\3.6Si.340.25mm_1000x\3.6Si_950-90-340-120_25mm_1000x-061.jpg,3.6Si_950-90-340-120_25mm_1000x-061.jpg,25.0,950,90,340,120,1292.7,1068.3,7.4,145.5,353.0,HB_nadpisane,3.2,3.6,0.32,0.01,0.05,0.039,0.05,0.05
3.6Si_950-90-340-120_25mm_*,poprawne_adi,3.6 Si,POPRAWNE_ADI\3.6Si.340.25mm_1000x,POPRAWNE_ADI\3.6Si.340.25mm_1000x\3.6Si_950-90-340-120_25mm_1000x-062.jpg,3.6Si_950-90-340-120_25mm_1000x-062.jpg,25.0,950,90,340,120,1292.7,1068.3,7.4,145.5,353.0,HB_nadpisane,3.2,3.6,0.32,0.01,0.05,0.039,0.05,0.05
3.6Si_950-90-340-120_25mm_*,poprawne_adi,3.6 Si,POPRAWNE_ADI\3.6Si.340.25mm_1000x,POPRAWNE_ADI\3.6Si.340.25mm_1000x\3.6Si_950-90-340-120_25mm_1000x-063.jpg,3.6Si_950-90-340-120_25mm_1000x-063.jpg,25.0,950,90,340,120,1292.7,1068.3,7.4,145.5,353.0,HB_nadpisane,3.2,3.6,0.32,0.01,0.05,0.039,0.05,0.05
3.6Si_950-90-340-120_25mm_*,poprawne_adi,3.6 Si,POPRAWNE_ADI\3.6Si.340.25mm_1000x,POPRAWNE_ADI\3.6Si.340.25mm_1000x\3.6Si_950-90-340-120_25mm_1000x-064.jpg,3.6Si_950-90-340-120_25mm_1000x-064.jpg,25.0,950,90,340,120,1292.7,1068.3,7.4,145.5,353.0,HB_nadpisane,3.2,3.6,0.32,0.01,0.05,0.039,0.05,0.05
3.6Si_950-90-340-120_25mm_*,poprawne_adi,3.6 Si,POPRAWNE_ADI\3.6Si.340.25mm_1000x,POPRAWNE_ADI\3.6Si.340.25mm_1000x\3.6Si_950-90-340-120_25mm_1000x-065.jpg,3.6Si_950-90-340-120_25mm_1000x-065.jpg,25.0,950,90,340,120,1292.7,1068.3,7.4,145.5,353.0,HB_nadpisane,3.2,3.6,0.32,0.01,0.05,0.039,0.05,0.05
3.6Si_950-90-340-120_25mm_*,poprawne_adi,3.6 Si,POPRAWNE_ADI\3.6Si.340.25mm_1000x,POPRAWNE_ADI\3.6Si.340.25mm_1000x\3.6Si_950-90-340-120_25mm_1000x-066.jpg,3.6Si_950-90-340-120_25mm_1000x-066.jpg,25.0,950,90,340,120,1292.7,1068.3,7.4,145.5,353.0,HB_nadpisane,3.2,3.6,0.32,0.01,0.05,0.039,0.05,0.05
3.6Si_950-90-340-120_25mm_*,poprawne_adi,3.6 Si,POPRAWNE_ADI\3.6Si.340.25mm_1000x,POPRAWNE_ADI\3.6Si.340.25mm_1000x\3.6Si_950-90-340-120_25mm_1000x-067.jpg,3.6Si_950-90-340-120_25mm_1000x-067.jpg,25.0,950,90,340,120,1292.7,1068.3,7.4,145.5,353.0,HB_nadpisane,3.2,3.6,0.32,0.01,0.05,0.039,0.05,0.05
3.6Si_950-90-340-120_25mm_*,poprawne_adi,3.6 Si,POPRAWNE_ADI\3.6Si.340.25mm_1000x,POPRAWNE_ADI\3.6Si.340.25mm_1000x\3.6Si_950-90-340-120_25mm_1000x-068.jpg,3.6Si_950-90-340-120_25mm_1000x-068.jpg,25.0,950,90,340,120,1292.7,1068.3,7.4,145.5,353.0,HB_nadpisane,3.2,3.6,0.32,0.01,0.05,0.039,0.05,0.05
3.6Si_950-90-340-120_25mm_*,poprawne_adi,3.6 Si,POPRAWNE_ADI\3.6Si.340.25mm_1000x,POPRAWNE_ADI\3.6Si.340.25mm_1000x\3.6Si_950-90-340-120_25mm_1000x-069.jpg,3.6Si_950-90-340-120_25mm_1000x-069.jpg,25.0,950,90,340,120,1292.7,1068.3,7.4,145.5,353.0,HB_nadpisane,3.2,3.6,0.32,0.01,0.05,0.039,0.05,0.05
3.6Si_950-90-340-120_25mm_*,poprawne_adi,3.6 Si,POPRAWNE_ADI\3.6Si.340.25mm_1000x,POPRAWNE_ADI\3.6Si.340.25mm_1000x\3.6Si_950-90-340-120_25mm_1000x-070.jpg,3.6Si_950-90-340-120_25mm_1000x-070.jpg,25.0,950,90,340,120,1292.7,1068.3,7.4,145.5,353.0,HB_nadpisane,3.2,3.6,0.32,0.01,0.05,0.039,0.05,0.05
3.6Si_950-90-340-120_25mm_*,poprawne_adi,3.6 Si,POPRAWNE_ADI\3.6Si.340.25mm_1000x,POPRAWNE_ADI\3.6Si.340.25mm_1000x\3.6Si_950-90-340-120_25mm_1000x-071.jpg,3.6Si_950-90-340-120_25mm_1000x-071.jpg,25.0,950,90,340,120,1292.7,1068.3,7.4,145.5,353.0,HB_nadpisane,3.2,3.6,0.32,0.01,0.05,0.039,0.05,0.05
3.6Si_950-90-340-120_25mm_*,poprawne_adi,3.6 Si,POPRAWNE_ADI\3.6Si.340.25mm_1000x,POPRAWNE_ADI\3.6Si.340.25mm_1000x\3.6Si_950-90-340-120_25mm_1000x-072.jpg,3.6Si_950-90-340-120_25mm_1000x-072.jpg,25.0,950,90,340,120,1292.7,1068.3,7.4,145.5,353.0,HB_nadpisane,3.2,3.6,0.32,0.01,0.05,0.039,0.05,0.05
3.6Si_950-90-340-120_25mm_*,poprawne_adi,3.6 Si,POPRAWNE_ADI\3.6Si.340.25mm_1000x,POPRAWNE_ADI\3.6Si.340.25mm_1000x\3.6Si_950-90-340-120_25mm_1000x-073.jpg,3.6Si_950-90-340-120_25mm_1000x-073.jpg,25.0,950,90,340,120,1292.7,1068.3,7.4,145.5,353.0,HB_nadpisane,3.2,3.6,0.32,0.01,0.05,0.039,0.05,0.05
3.6Si_950-90-340-120_25mm_*,poprawne_adi,3.6 Si,POPRAWNE_ADI\3.6Si.340.25mm_1000x,POPRAWNE_ADI\3.6Si.340.25mm_1000x\3.6Si_950-90-340-120_25mm_1000x-074.jpg,3.6Si_950-90-340-120_25mm_1000x-074.jpg,25.0,950,90,340,120,1292.7,1068.3,7.4,145.5,353.0,HB_nadpisane,3.2,3.6,0.32,0.01,0.05,0.039,0.05,0.05
3.6Si_950-90-340-120_25mm_*,poprawne_adi,3.6 Si,POPRAWNE_ADI\3.6Si.340.25mm_1000x,POPRAWNE_ADI\3.6Si.340.25mm_1000x\3.6Si_950-90-340-120_25mm_1000x-075.jpg,3.6Si_950-90-340-120_25mm_1000x-075.jpg,25.0,950,90,340,120,1292.7,1068.3,7.4,145.5,353.0,HB_nadpisane,3.2,3.6,0.32,0.01,0.05,0.039,0.05,0.05
3.6Si_950-90-340-120_25mm_*,poprawne_adi,3.6 Si,POPRAWNE_ADI\3.6Si.340.25mm_1000x,POPRAWNE_ADI\3.6Si.340.25mm_1000x\3.6Si_950-90-340-120_25mm_1000x-076.jpg,3.6Si_950-90-340-120_25mm_1000x-076.jpg,25.0,950,90,340,120,1292.7,1068.3,7.4,145.5,353.0,HB_nadpisane,3.2,3.6,0.32,0.01,0.05,0.039,0.05,0.05
3.6Si_950-90-340-120_25mm_*,poprawne_adi,3.6 Si,POPRAWNE_ADI\3.6Si.340.25mm_1000x,POPRAWNE_ADI\3.6Si.340.25mm_1000x\3.6Si_950-90-340-120_25mm_1000x-077.jpg,3.6Si_950-90-340-120_25mm_1000x-077.jpg,25.0,950,90,340,120,1292.7,1068.3,7.4,145.5,353.0,HB_nadpisane,3.2,3.6,0.32,0.01,0.05,0.039,0.05,0.05
3.6Si_950-90-340-120_25mm_*,poprawne_adi,3.6 Si,POPRAWNE_ADI\3.6Si.340.25mm_1000x,POPRAWNE_ADI\3.6Si.340.25mm_1000x\3.6Si_950-90-340-120_25mm_1000x-078.jpg,3.6Si_950-90-340-120_25mm_1000x-078.jpg,25.0,950,90,340,120,1292.7,1068.3,7.4,145.5,353.0,HB_nadpisane,3.2,3.6,0.32,0.01,0.05,0.039,0.05,0.05
3.6Si_950-90-340-120_25mm_*,poprawne_adi,3.6 Si,POPRAWNE_ADI\3.6Si.340.25mm_1000x,POPRAWNE_ADI\3.6Si.340.25mm_1000x\3.6Si_950-90-340-120_25mm_1000x-079.jpg,3.6Si_950-90-340-120_25mm_1000x-079.jpg,25.0,950,90,340,120,1292.7,1068.3,7.4,145.5,353.0,HB_nadpisane,3.2,3.6,0.32,0.01,0.05,0.039,0.05,0.05
3.6Si_950-90-340-120_25mm_*,poprawne_adi,3.6 Si,POPRAWNE_ADI\3.6Si.340.25mm_1000x,POPRAWNE_ADI\3.6Si.340.25mm_1000x\3.6Si_950-90-340-120_25mm_1000x-080.jpg,3.6Si_950-90-340-120_25mm_1000x-080.jpg,25.0,950,90,340,120,1292.7,1068.3,7.4,145.5,353.0,HB_nadpisane,3.2,3.6,0.32,0.01,0.05,0.039,0.05,0.05
3.6Si_950-90-340-120_25mm_*,poprawne_adi,3.6 Si,POPRAWNE_ADI\3.6Si.340.25mm_1000x,POPRAWNE_ADI\3.6Si.340.25mm_1000x\3.6Si_950-90-340-120_25mm_1000x-081.jpg,3.6Si_950-90-340-120_25mm_1000x-081.jpg,25.0,950,90,340,120,1292.7,1068.3,7.4,145.5,353.0,HB_nadpisane,3.2,3.6,0.32,0.01,0.05,0.039,0.05,0.05
3.6Si_950-90-340-120_25mm_*,poprawne_adi,3.6 Si,POPRAWNE_ADI\3.6Si.340.25mm_1000x,POPRAWNE_ADI\3.6Si.340.25mm_1000x\3.6Si_950-90-340-120_25mm_1000x-082.jpg,3.6Si_950-90-340-120_25mm_1000x-082.jpg,25.0,950,90,340,120,1292.7,1068.3,7.4,145.5,353.0,HB_nadpisane,3.2,3.6,0.32,0.01,0.05,0.039,0.05,0.05
3.6Si_950-90-340-120_25mm_*,poprawne_adi,3.6 Si,POPRAWNE_ADI\3.6Si.340.25mm_1000x,POPRAWNE_ADI\3.6Si.340.25mm_1000x\3.6Si_950-90-340-120_25mm_1000x-083.jpg,3.6Si_950-90-340-120_25mm_1000x-083.jpg,25.0,950,90,340,120,1292.7,1068.3,7.4,145.5,353.0,HB_nadpisane,3.2,3.6,0.32,0.01,0.05,0.039,0.05,0.05
3.6Si_950-90-340-120_25mm_*,poprawne_adi,3.6 Si,POPRAWNE_ADI\3.6Si.340.25mm_1000x,POPRAWNE_ADI\3.6Si.340.25mm_1000x\3.6Si_950-90-340-120_25mm_1000x-084.jpg,3.6Si_950-90-340-120_25mm_1000x-084.jpg,25.0,950,90,340,120,1292.7,1068.3,7.4,145.5,353.0,HB_nadpisane,3.2,3.6,0.32,0.01,0.05,0.039,0.05,0.05
3.6Si_950-90-340-120_25mm_*,poprawne_adi,3.6 Si,POPRAWNE_ADI\3.6Si.340.25mm_1000x,POPRAWNE_ADI\3.6Si.340.25mm_1000x\3.6Si_950-90-340-120_25mm_1000x-085.jpg,3.6Si_950-90-340-120_25mm_1000x-085.jpg,25.0,950,90,340,120,1292.7,1068.3,7.4,145.5,353.0,HB_nadpisane,3.2,3.6,0.32,0.01,0.05,0.039,0.05,0.05
3.6Si_950-90-340-120_25mm_*,poprawne_adi,3.6 Si,POPRAWNE_ADI\3.6Si.340.25mm_1000x,POPRAWNE_ADI\3.6Si.340.25mm_1000x\3.6Si_950-90-340-120_25mm_1000x-086.jpg,3.6Si_950-90-340-120_25mm_1000x-086.jpg,25.0,950,90,340,120,1292.7,1068.3,7.4,145.5,353.0,HB_nadpisane,3.2,3.6,0.32,0.01,0.05,0.039,0.05,0.05
3.6Si_950-90-340-120_25mm_*,poprawne_adi,3.6 Si,POPRAWNE_ADI\3.6Si.340.25mm_1000x,POPRAWNE_ADI\3.6Si.340.25mm_1000x\3.6Si_950-90-340-120_25mm_1000x-087.jpg,3.6Si_950-90-340-120_25mm_1000x-087.jpg,25.0,950,90,340,120,1292.7,1068.3,7.4,145.5,353.0,HB_nadpisane,3.2,3.6,0.32,0.01,0.05,0.039,0.05,0.05
3.6Si_950-90-340-120_25mm_*,poprawne_adi,3.6 Si,POPRAWNE_ADI\3.6Si.340.25mm_1000x,POPRAWNE_ADI\3.6Si.340.25mm_1000x\3.6Si_950-90-340-120_25mm_1000x-088.jpg,3.6Si_950-90-340-120_25mm_1000x-088.jpg,25.0,950,90,340,120,1292.7,1068.3,7.4,145.5,353.0,HB_nadpisane,3.2,3.6,0.32,0.01,0.05,0.039,0.05,0.05
3.6Si_950-90-340-120_25mm_*,poprawne_adi,3.6 Si,POPRAWNE_ADI\3.6Si.340.25mm_1000x,POPRAWNE_ADI\3.6Si.340.25mm_1000x\3.6Si_950-90-340-120_25mm_1000x-089.jpg,3.6Si_950-90-340-120_25mm_1000x-089.jpg,25.0,950,90,340,120,1292.7,1068.3,7.4,145.5,353.0,HB_nadpisane,3.2,3.6,0.32,0.01,0.05,0.039,0.05,0.05
3.6Si_950-90-340-120_25mm_*,poprawne_adi,3.6 Si,POPRAWNE_ADI\3.6Si.340.25mm_1000x,POPRAWNE_ADI\3.6Si.340.25mm_1000x\3.6Si_950-90-340-120_25mm_1000x-090.jpg,3.6Si_950-90-340-120_25mm_1000x-090.jpg,25.0,950,90,340,120,1292.7,1068.3,7.4,145.5,353.0,HB_nadpisane,3.2,3.6,0.32,0.01,0.05,0.039,0.05,0.05
3.6Si_950-90-340-120_25mm_*,poprawne_adi,3.6 Si,POPRAWNE_ADI\3.6Si.340.25mm_1000x,POPRAWNE_ADI\3.6Si.340.25mm_1000x\3.6Si_950-90-340-120_25mm_1000x-091.jpg,3.6Si_950-90-340-120_25mm_1000x-091.jpg,25.0,950,90,340,120,1292.7,1068.3,7.4,145.5,353.0,HB_nadpisane,3.2,3.6,0.32,0.01,0.05,0.039,0.05,0.05
3.6Si_950-90-340-120_25mm_*,poprawne_adi,3.6 Si,POPRAWNE_ADI\3.6Si.340.25mm_1000x,POPRAWNE_ADI\3.6Si.340.25mm_1000x\3.6Si_950-90-340-120_25mm_1000x-092.jpg,3.6Si_950-90-340-120_25mm_1000x-092.jpg,25.0,950,90,340,120,1292.7,1068.3,7.4,145.5,353.0,HB_nadpisane,3.2,3.6,0.32,0.01,0.05,0.039,0.05,0.05
3.6Si_950-90-340-120_25mm_*,poprawne_adi,3.6 Si,POPRAWNE_ADI\3.6Si.340.25mm_1000x,POPRAWNE_ADI\3.6Si.340.25mm_1000x\3.6Si_950-90-340-120_25mm_1000x-093.jpg,3.6Si_950-90-340-120_25mm_1000x-093.jpg,25.0,950,90,340,120,1292.7,1068.3,7.4,145.5,353.0,HB_nadpisane,3.2,3.6,0.32,0.01,0.05,0.039,0.05,0.05
3.6Si_950-90-340-120_25mm_*,poprawne_adi,3.6 Si,POPRAWNE_ADI\3.6Si.340.25mm_1000x,POPRAWNE_ADI\3.6Si.340.25mm_1000x\3.6Si_950-90-340-120_25mm_1000x-094.jpg,3.6Si_950-90-340-120_25mm_1000x-094.jpg,25.0,950,90,340,120,1292.7,1068.3,7.4,145.5,353.0,HB_nadpisane,3.2,3.6,0.32,0.01,0.05,0.039,0.05,0.05
3.6Si_950-90-340-120_25mm_*,poprawne_adi,3.6 Si,POPRAWNE_ADI\3.6Si.340.25mm_1000x,POPRAWNE_ADI\3.6Si.340.25mm_1000x\3.6Si_950-90-340-120_25mm_1000x-095.jpg,3.6Si_950-90-340-120_25mm_1000x-095.jpg,25.0,950,90,340,120,1292.7,1068.3,7.4,145.5,353.0,HB_nadpisane,3.2,3.6,0.32,0.01,0.05,0.039,0.05,0.05
3.6Si_950-90-340-120_25mm_*,poprawne_adi,3.6 Si,POPRAWNE_ADI\3.6Si.340.25mm_1000x,POPRAWNE_ADI\3.6Si.340.25mm_1000x\3.6Si_950-90-340-120_25mm_1000x-096.jpg,3.6Si_950-90-340-120_25mm_1000x-096.jpg,25.0,950,90,340,120,1292.7,1068.3,7.4,145.5,353.0,HB_nadpisane,3.2,3.6,0.32,0.01,0.05,0.039,0.05,0.05
3.6Si_950-90-340-120_25mm_*,poprawne_adi,3.6 Si,POPRAWNE_ADI\3.6Si.340.25mm_1000x,POPRAWNE_ADI\3.6Si.340.25mm_1000x\3.6Si_950-90-340-120_25mm_1000x-097.jpg,3.6Si_950-90-340-120_25mm_1000x-097.jpg,25.0,950,90,340,120,1292.7,1068.3,7.4,145.5,353.0,HB_nadpisane,3.2,3.6,0.32,0.01,0.05,0.039,0.05,0.05
3.6Si_950-90-340-120_25mm_*,poprawne_adi,3.6 Si,POPRAWNE_ADI\3.6Si.340.25mm_1000x,POPRAWNE_ADI\3.6Si.340.25mm_1000x\3.6Si_950-90-340-120_25mm_1000x-098.jpg,3.6Si_950-90-340-120_25mm_1000x-098.jpg,25.0,950,90,340,120,1292.7,1068.3,7.4,145.5,353.0,HB_nadpisane,3.2,3.6,0.32,0.01,0.05,0.039,0.05,0.05
3.6Si_950-90-340-120_25mm_*,poprawne_adi,3.6 Si,POPRAWNE_ADI\3.6Si.340.25mm_1000x,POPRAWNE_ADI\3.6Si.340.25mm_1000x\3.6Si_950-90-340-120_25mm_1000x-099.jpg,3.6Si_950-90-340-120_25mm_1000x-099.jpg,25.0,950,90,340,120,1292.7,1068.3,7.4,145.5,353.0,HB_nadpisane,3.2,3.6,0.32,0.01,0.05,0.039,0.05,0.05
3.6Si_950-90-340-120_25mm_*,poprawne_adi,3.6 Si,POPRAWNE_ADI\3.6Si.340.25mm_1000x,POPRAWNE_ADI\3.6Si.340.25mm_1000x\3.6Si_950-90-340-120_25mm_1000x-100.jpg,3.6Si_950-90-340-120_25mm_1000x-100.jpg,25.0,950,90,340,120,1292.7,1068.3,7.4,145.5,353.0,HB_nadpisane,3.2,3.6,0.32,0.01,0.05,0.039,0.05,0.05
3.6Si_950-90-340-120_25mm_*,poprawne_adi,3.6 Si,POPRAWNE_ADI\3.6Si.340.25mm_1000x,POPRAWNE_ADI\3.6Si.340.25mm_1000x\3.6Si_950-90-340-120_25mm_1000x-101.jpg,3.6Si_950-90-340-120_25mm_1000x-101.jpg,25.0,950,90,340,120,1292.7,1068.3,7.4,145.5,353.0,HB_nadpisane,3.2,3.6,0.32,0.01,0.05,0.039,0.05,0.05
3.6Si_950-90-340-120_25mm_*,poprawne_adi,3.6 Si,POPRAWNE_ADI\3.6Si.340.25mm_1000x,POPRAWNE_ADI\3.6Si.340.25mm_1000x\3.6Si_950-90-340-120_25mm_1000x-102.jpg,3.6Si_950-90-340-120_25mm_1000x-102.jpg,25.0,950,90,340,120,1292.7,1068.3,7.4,145.5,353.0,HB_nadpisane,3.2,3.6,0.32,0.01,0.05,0.039,0.05,0.05
3.6Si_950-90-340-120_25mm_*,poprawne_adi,3.6 Si,POPRAWNE_ADI\3.6Si.340.25mm_1000x,POPRAWNE_ADI\3.6Si.340.25mm_1000x\3.6Si_950-90-340-120_25mm_1000x-103.jpg,3.6Si_950-90-340-120_25mm_1000x-103.jpg,25.0,950,90,340,120,1292.7,1068.3,7.4,145.5,353.0,HB_nadpisane,3.2,3.6,0.32,0.01,0.05,0.039,0.05,0.05
3.6Si_950-90-340-120_25mm_*,poprawne_adi,3.6 Si,POPRAWNE_ADI\3.6Si.340.25mm_1000x,POPRAWNE_ADI\3.6Si.340.25mm_1000x\3.6Si_950-90-340-120_25mm_1000x-104.jpg,3.6Si_950-90-340-120_25mm_1000x-104.jpg,25.0,950,90,340,120,1292.7,1068.3,7.4,145.5,353.0,HB_nadpisane,3.2,3.6,0.32,0.01,0.05,0.039,0.05,0.05
3.6Si_950-90-340-120_25mm_*,poprawne_adi,3.6 Si,POPRAWNE_ADI\3.6Si.340.25mm_1000x,POPRAWNE_ADI\3.6Si.340.25mm_1000x\3.6Si_950-90-340-120_25mm_1000x-105.jpg,3.6Si_950-90-340-120_25mm_1000x-105.jpg,25.0,950,90,340,120,1292.7,1068.3,7.4,145.5,353.0,HB_nadpisane,3.2,3.6,0.32,0.01,0.05,0.039,0.05,0.05
3.6Si_950-90-340-120_25mm_*,poprawne_adi,3.6 Si,POPRAWNE_ADI\3.6Si.340.25mm_1000x,POPRAWNE_ADI\3.6Si.340.25mm_1000x\3.6Si_950-90-340-120_25mm_1000x-106.jpg,3.6Si_950-90-340-120_25mm_1000x-106.jpg,25.0,950,90,340,120,1292.7,1068.3,7.4,145.5,353.0,HB_nadpisane,3.2,3.6,0.32,0.01,0.05,0.039,0.05,0.05
3.6Si_950-90-340-120_25mm_*,poprawne_adi,3.6 Si,POPRAWNE_ADI\3.6Si.340.25mm_1000x,POPRAWNE_ADI\3.6Si.340.25mm_1000x\3.6Si_950-90-340-120_25mm_1000x-107.jpg,3.6Si_950-90-340-120_25mm_1000x-107.jpg,25.0,950,90,340,120,1292.7,1068.3,7.4,145.5,353.0,HB_nadpisane,3.2,3.6,0.32,0.01,0.05,0.039,0.05,0.05
3.6Si_950-90-340-120_25mm_*,poprawne_adi,3.6 Si,POPRAWNE_ADI\3.6Si.340.25mm_1000x,POPRAWNE_ADI\3.6Si.340.25mm_1000x\3.6Si_950-90-340-120_25mm_1000x-108.jpg,3.6Si_950-90-340-120_25mm_1000x-108.jpg,25.0,950,90,340,120,1292.7,1068.3,7.4,145.5,353.0,HB_nadpisane,3.2,3.6,0.32,0.01,0.05,0.039,0.05,0.05
3.6Si_950-90-340-120_25mm_*,poprawne_adi,3.6 Si,POPRAWNE_ADI\3.6Si.340.25mm_1000x,POPRAWNE_ADI\3.6Si.340.25mm_1000x\3.6Si_950-90-340-120_25mm_1000x-109.jpg,3.6Si_950-90-340-120_25mm_1000x-109.jpg,25.0,950,90,340,120,1292.7,1068.3,7.4,145.5,353.0,HB_nadpisane,3.2,3.6,0.32,0.01,0.05,0.039,0.05,0.05
3.6Si_950-90-340-120_25mm_*,poprawne_adi,3.6 Si,POPRAWNE_ADI\3.6Si.340.25mm_1000x,POPRAWNE_ADI\3.6Si.340.25mm_1000x\3.6Si_950-90-340-120_25mm_1000x-110.jpg,3.6Si_950-90-340-120_25mm_1000x-110.jpg,25.0,950,90,340,120,1292.7,1068.3,7.4,145.5,353.0,HB_nadpisane,3.2,3.6,0.32,0.01,0.05,0.039,0.05,0.05
3.6Si_950-90-340-120_25mm_*,poprawne_adi,3.6 Si,POPRAWNE_ADI\3.6Si.340.25mm_1000x,POPRAWNE_ADI\3.6Si.340.25mm_1000x\3.6Si_950-90-340-120_25mm_1000x-111.jpg,3.6Si_950-90-340-120_25mm_1000x-111.jpg,25.0,950,90,340,120,1292.7,1068.3,7.4,145.5,353.0,HB_nadpisane,3.2,3.6,0.32,0.01,0.05,0.039,0.05,0.05
3.6Si_950-90-340-120_25mm_*,poprawne_adi,3.6 Si,POPRAWNE_ADI\3.6Si.340.25mm_1000x,POPRAWNE_ADI\3.6Si.340.25mm_1000x\3.6Si_950-90-340-120_25mm_1000x-112.jpg,3.6Si_950-90-340-120_25mm_1000x-112.jpg,25.0,950,90,340,120,1292.7,1068.3,7.4,145.5,353.0,HB_nadpisane,3.2,3.6,0.32,0.01,0.05,0.039,0.05,0.05
3.6Si_950-90-340-120_25mm_*,poprawne_adi,3.6 Si,POPRAWNE_ADI\3.6Si.340.25mm_1000x,POPRAWNE_ADI\3.6Si.340.25mm_1000x\3.6Si_950-90-340-120_25mm_1000x-113.jpg,3.6Si_950-90-340-120_25mm_1000x-113.jpg,25.0,950,90,340,120,1292.7,1068.3,7.4,145.5,353.0,HB_nadpisane,3.2,3.6,0.32,0.01,0.05,0.039,0.05,0.05
3.6Si_950-90-340-120_25mm_*,poprawne_adi,3.6 Si,POPRAWNE_ADI\3.6Si.340.25mm_1000x,POPRAWNE_ADI\3.6Si.340.25mm_1000x\3.6Si_950-90-340-120_25mm_1000x-114.jpg,3.6Si_950-90-340-120_25mm_1000x-114.jpg,25.0,950,90,340,120,1292.7,1068.3,7.4,145.5,353.0,HB_nadpisane,3.2,3.6,0.32,0.01,0.05,0.039,0.05,0.05
3.6Si_950-90-340-120_25mm_*,poprawne_adi,3.6 Si,POPRAWNE_ADI\3.6Si.340.25mm_1000x,POPRAWNE_ADI\3.6Si.340.25mm_1000x\3.6Si_950-90-340-120_25mm_1000x-115.jpg,3.6Si_950-90-340-120_25mm_1000x-115.jpg,25.0,950,90,340,120,1292.7,1068.3,7.4,145.5,353.0,HB_nadpisane,3.2,3.6,0.32,0.01,0.05,0.039,0.05,0.05
3.6Si_950-90-340-120_25mm_*,poprawne_adi,3.6 Si,POPRAWNE_ADI\3.6Si.340.25mm_1000x,POPRAWNE_ADI\3.6Si.340.25mm_1000x\3.6Si_950-90-340-120_25mm_1000x-116.jpg,3.6Si_950-90-340-120_25mm_1000x-116.jpg,25.0,950,90,340,120,1292.7,1068.3,7.4,145.5,353.0,HB_nadpisane,3.2,3.6,0.32,0.01,0.05,0.039,0.05,0.05
3.6Si_950-90-340-120_25mm_*,poprawne_adi,3.6 Si,POPRAWNE_ADI\3.6Si.340.25mm_1000x,POPRAWNE_ADI\3.6Si.340.25mm_1000x\3.6Si_950-90-340-120_25mm_1000x-117.jpg,3.6Si_950-90-340-120_25mm_1000x-117.jpg,25.0,950,90,340,120,1292.7,1068.3,7.4,145.5,353.0,HB_nadpisane,3.2,3.6,0.32,0.01,0.05,0.039,0.05,0.05
3.6Si_950-90-340-120_25mm_*,poprawne_adi,3.6 Si,POPRAWNE_ADI\3.6Si.340.25mm_1000x,POPRAWNE_ADI\3.6Si.340.25mm_1000x\3.6Si_950-90-340-120_25mm_1000x-118.jpg,3.6Si_950-90-340-120_25mm_1000x-118.jpg,25.0,950,90,340,120,1292.7,1068.3,7.4,145.5,353.0,HB_nadpisane,3.2,3.6,0.32,0.01,0.05,0.039,0.05,0.05
3.6Si_950-90-340-120_25mm_*,poprawne_adi,3.6 Si,POPRAWNE_ADI\3.6Si.340.25mm_1000x,POPRAWNE_ADI\3.6Si.340.25mm_1000x\3.6Si_950-90-340-120_25mm_1000x-119.jpg,3.6Si_950-90-340-120_25mm_1000x-119.jpg,25.0,950,90,340,120,1292.7,1068.3,7.4,145.5,353.0,HB_nadpisane,3.2,3.6,0.32,0.01,0.05,0.039,0.05,0.05
3.6Si_950-90-340-120_25mm_*,poprawne_adi,3.6 Si,POPRAWNE_ADI\3.6Si.340.25mm_1000x,POPRAWNE_ADI\3.6Si.340.25mm_1000x\3.6Si_950-90-340-120_25mm_1000x-120.jpg,3.6Si_950-90-340-120_25mm_1000x-120.jpg,25.0,950,90,340,120,1292.7,1068.3,7.4,145.5,353.0,HB_nadpisane,3.2,3.6,0.32,0.01,0.05,0.039,0.05,0.05
3.6Si_950-90-340-120_25mm_*,poprawne_adi,3.6 Si,POPRAWNE_ADI\3.6Si.340.25mm_1000x,POPRAWNE_ADI\3.6Si.340.25mm_1000x\3.6Si_950-90-340-120_25mm_1000x-121.jpg,3.6Si_950-90-340-120_25mm_1000x-121.jpg,25.0,950,90,340,120,1292.7,1068.3,7.4,145.5,353.0,HB_nadpisane,3.2,3.6,0.32,0.01,0.05,0.039,0.05,0.05
3.6Si_950-90-340-120_25mm_*,poprawne_adi,3.6 Si,POPRAWNE_ADI\3.6Si.340.25mm_1000x,POPRAWNE_ADI\3.6Si.340.25mm_1000x\3.6Si_950-90-340-120_25mm_1000x-122.jpg,3.6Si_950-90-340-120_25mm_1000x-122.jpg,25.0,950,90,340,120,1292.7,1068.3,7.4,145.5,353.0,HB_nadpisane,3.2,3.6,0.32,0.01,0.05,0.039,0.05,0.05
3.6Si_950-90-340-120_25mm_*,poprawne_adi,3.6 Si,POPRAWNE_ADI\3.6Si.340.25mm_1000x,POPRAWNE_ADI\3.6Si.340.25mm_1000x\3.6Si_950-90-340-120_25mm_1000x-123.jpg,3.6Si_950-90-340-120_25mm_1000x-123.jpg,25.0,950,90,340,120,1292.7,1068.3,7.4,145.5,353.0,HB_nadpisane,3.2,3.6,0.32,0.01,0.05,0.039,0.05,0.05
3.6Si_950-90-340-120_25mm_*,poprawne_adi,3.6 Si,POPRAWNE_ADI\3.6Si.340.25mm_1000x,POPRAWNE_ADI\3.6Si.340.25mm_1000x\3.6Si_950-90-340-120_25mm_1000x-124.jpg,3.6Si_950-90-340-120_25mm_1000x-124.jpg,25.0,950,90,340,120,1292.7,1068.3,7.4,145.5,353.0,HB_nadpisane,3.2,3.6,0.32,0.01,0.05,0.039,0.05,0.05
3.6Si_950-90-340-120_25mm_*,poprawne_adi,3.6 Si,POPRAWNE_ADI\3.6Si.340.25mm_1000x,POPRAWNE_ADI\3.6Si.340.25mm_1000x\3.6Si_950-90-340-120_25mm_1000x-125.jpg,3.6Si_950-90-340-120_25mm_1000x-125.jpg,25.0,950,90,340,120,1292.7,1068.3,7.4,145.5,353.0,HB_nadpisane,3.2,3.6,0.32,0.01,0.05,0.039,0.05,0.05
3.6Si_950-90-340-120_25mm_*,poprawne_adi,3.6 Si,POPRAWNE_ADI\3.6Si.340.25mm_1000x,POPRAWNE_ADI\3.6Si.340.25mm_1000x\3.6Si_950-90-340-120_25mm_1000x-126.jpg,3.6Si_950-90-340-120_25mm_1000x-126.jpg,25.0,950,90,340,120,1292.7,1068.3,7.4,145.5,353.0,HB_nadpisane,3.2,3.6,0.32,0.01,0.05,0.039,0.05,0.05
3.6Si_950-90-340-120_25mm_*,poprawne_adi,3.6 Si,POPRAWNE_ADI\3.6Si.340.25mm_1000x,POPRAWNE_ADI\3.6Si.340.25mm_1000x\3.6Si_950-90-340-120_25mm_1000x-127.jpg,3.6Si_950-90-340-120_25mm_1000x-127.jpg,25.0,950,90,340,120,1292.7,1068.3,7.4,145.5,353.0,HB_nadpisane,3.2,3.6,0.32,0.01,0.05,0.039,0.05,0.05
3.6Si_950-90-340-120_25mm_*,poprawne_adi,3.6 Si,POPRAWNE_ADI\3.6Si.340.25mm_1000x,POPRAWNE_ADI\3.6Si.340.25mm_1000x\3.6Si_950-90-340-120_25mm_1000x-128.jpg,3.6Si_950-90-340-120_25mm_1000x-128.jpg,25.0,950,90,340,120,1292.7,1068.3,7.4,145.5,353.0,HB_nadpisane,3.2,3.6,0.32,0.01,0.05,0.039,0.05,0.05
3.6Si_950-90-340-120_25mm_*,poprawne_adi,3.6 Si,POPRAWNE_ADI\3.6Si.340.25mm_1000x,POPRAWNE_ADI\3.6Si.340.25mm_1000x\3.6Si_950-90-340-120_25mm_1000x-129.jpg,3.6Si_950-90-340-120_25mm_1000x-129.jpg,25.0,950,90,340,120,1292.7,1068.3,7.4,145.5,353.0,HB_nadpisane,3.2,3.6,0.32,0.01,0.05,0.039,0.05,0.05
3.6Si_950-90-340-120_25mm_*,poprawne_adi,3.6 Si,POPRAWNE_ADI\3.6Si.340.25mm_1000x,POPRAWNE_ADI\3.6Si.340.25mm_1000x\3.6Si_950-90-340-120_25mm_1000x-130.jpg,3.6Si_950-90-340-120_25mm_1000x-130.jpg,25.0,950,90,340,120,1292.7,1068.3,7.4,145.5,353.0,HB_nadpisane,3.2,3.6,0.32,0.01,0.05,0.039,0.05,0.05
3.6Si_950-90-340-120_25mm_*,poprawne_adi,3.6 Si,POPRAWNE_ADI\3.6Si.340.25mm_1000x,POPRAWNE_ADI\3.6Si.340.25mm_1000x\3.6Si_950-90-340-120_25mm_1000x-131.jpg,3.6Si_950-90-340-120_25mm_1000x-131.jpg,25.0,950,90,340,120,1292.7,1068.3,7.4,145.5,353.0,HB_nadpisane,3.2,3.6,0.32,0.01,0.05,0.039,0.05,0.05
3.6Si_950-90-340-120_25mm_*,poprawne_adi,3.6 Si,POPRAWNE_ADI\3.6Si.340.25mm_1000x,POPRAWNE_ADI\3.6Si.340.25mm_1000x\3.6Si_950-90-340-120_25mm_1000x-132.jpg,3.6Si_950-90-340-120_25mm_1000x-132.jpg,25.0,950,90,340,120,1292.7,1068.3,7.4,145.5,353.0,HB_nadpisane,3.2,3.6,0.32,0.01,0.05,0.039,0.05,0.05
3.6Si_950-90-340-120_25mm_*,poprawne_adi,3.6 Si,POPRAWNE_ADI\3.6Si.340.25mm_1000x,POPRAWNE_ADI\3.6Si.340.25mm_1000x\3.6Si_950-90-340-120_25mm_1000x-133.jpg,3.6Si_950-90-340-120_25mm_1000x-133.jpg,25.0,950,90,340,120,1292.7,1068.3,7.4,145.5,353.0,HB_nadpisane,3.2,3.6,0.32,0.01,0.05,0.039,0.05,0.05
3.6Si_950-90-340-120_25mm_*,poprawne_adi,3.6 Si,POPRAWNE_ADI\3.6Si.340.25mm_1000x,POPRAWNE_ADI\3.6Si.340.25mm_1000x\3.6Si_950-90-340-120_25mm_1000x-134.jpg,3.6Si_950-90-340-120_25mm_1000x-134.jpg,25.0,950,90,340,120,1292.7,1068.3,7.4,145.5,353.0,HB_nadpisane,3.2,3.6,0.32,0.01,0.05,0.039,0.05,0.05
3.6Si_950-90-340-120_25mm_*,poprawne_adi,3.6 Si,POPRAWNE_ADI\3.6Si.340.25mm_1000x,POPRAWNE_ADI\3.6Si.340.25mm_1000x\3.6Si_950-90-340-120_25mm_1000x-135.jpg,3.6Si_950-90-340-120_25mm_1000x-135.jpg,25.0,950,90,340,120,1292.7,1068.3,7.4,145.5,353.0,HB_nadpisane,3.2,3.6,0.32,0.01,0.05,0.039,0.05,0.05
3.6Si_950-90-340-120_25mm_*,poprawne_adi,3.6 Si,POPRAWNE_ADI\3.6Si.340.25mm_1000x,POPRAWNE_ADI\3.6Si.340.25mm_1000x\3.6Si_950-90-340-120_25mm_1000x-136.jpg,3.6Si_950-90-340-120_25mm_1000x-136.jpg,25.0,950,90,340,120,1292.7,1068.3,7.4,145.5,353.0,HB_nadpisane,3.2,3.6,0.32,0.01,0.05,0.039,0.05,0.05
3.6Si_950-90-340-120_25mm_*,poprawne_adi,3.6 Si,POPRAWNE_ADI\3.6Si.340.25mm_1000x,POPRAWNE_ADI\3.6Si.340.25mm_1000x\3.6Si_950-90-340-120_25mm_1000x-137.jpg,3.6Si_950-90-340-120_25mm_1000x-137.jpg,25.0,950,90,340,120,1292.7,1068.3,7.4,145.5,353.0,HB_nadpisane,3.2,3.6,0.32,0.01,0.05,0.039,0.05,0.05
3.6Si_950-90-340-120_25mm_*,poprawne_adi,3.6 Si,POPRAWNE_ADI\3.6Si.340.25mm_1000x,POPRAWNE_ADI\3.6Si.340.25mm_1000x\3.6Si_950-90-340-120_25mm_1000x-138.jpg,3.6Si_950-90-340-120_25mm_1000x-138.jpg,25.0,950,90,340,120,1292.7,1068.3,7.4,145.5,353.0,HB_nadpisane,3.2,3.6,0.32,0.01,0.05,0.039,0.05,0.05
3.6Si_950-90-340-120_25mm_*,poprawne_adi,3.6 Si,POPRAWNE_ADI\3.6Si.340.25mm_1000x,POPRAWNE_ADI\3.6Si.340.25mm_1000x\3.6Si_950-90-340-120_25mm_1000x-139.jpg,3.6Si_950-90-340-120_25mm_1000x-139.jpg,25.0,950,90,340,120,1292.7,1068.3,7.4,145.5,353.0,HB_nadpisane,3.2,3.6,0.32,0.01,0.05,0.039,0.05,0.05
3.6Si_950-90-340-120_25mm_*,poprawne_adi,3.6 Si,POPRAWNE_ADI\3.6Si.340.25mm_1000x,POPRAWNE_ADI\3.6Si.340.25mm_1000x\3.6Si_950-90-340-120_25mm_1000x-140.jpg,3.6Si_950-90-340-120_25mm_1000x-140.jpg,25.0,950,90,340,120,1292.7,1068.3,7.4,145.5,353.0,HB_nadpisane,3.2,3.6,0.32,0.01,0.05,0.039,0.05,0.05
3.6Si_950-90-340-120_25mm_*,poprawne_adi,3.6 Si,POPRAWNE_ADI\3.6Si.340.25mm_1000x,POPRAWNE_ADI\3.6Si.340.25mm_1000x\3.6Si_950-90-340-120_25mm_1000x-141.jpg,3.6Si_950-90-340-120_25mm_1000x-141.jpg,25.0,950,90,340,120,1292.7,1068.3,7.4,145.5,353.0,HB_nadpisane,3.2,3.6,0.32,0.01,0.05,0.039,0.05,0.05
3.6Si_950-90-340-120_25mm_*,poprawne_adi,3.6 Si,POPRAWNE_ADI\3.6Si.340.25mm_1000x,POPRAWNE_ADI\3.6Si.340.25mm_1000x\3.6Si_950-90-340-120_25mm_1000x-142.jpg,3.6Si_950-90-340-120_25mm_1000x-142.jpg,25.0,950,90,340,120,1292.7,1068.3,7.4,145.5,353.0,HB_nadpisane,3.2,3.6,0.32,0.01,0.05,0.039,0.05,0.05
3.6Si_950-90-340-120_25mm_*,poprawne_adi,3.6 Si,POPRAWNE_ADI\3.6Si.340.25mm_1000x,POPRAWNE_ADI\3.6Si.340.25mm_1000x\3.6Si_950-90-340-120_25mm_1000x-143.jpg,3.6Si_950-90-340-120_25mm_1000x-143.jpg,25.0,950,90,340,120,1292.7,1068.3,7.4,145.5,353.0,HB_nadpisane,3.2,3.6,0.32,0.01,0.05,0.039,0.05,0.05
3.6Si_950-90-340-120_25mm_*,poprawne_adi,3.6 Si,POPRAWNE_ADI\3.6Si.340.25mm_1000x,POPRAWNE_ADI\3.6Si.340.25mm_1000x\3.6Si_950-90-340-120_25mm_1000x-144.jpg,3.6Si_950-90-340-120_25mm_1000x-144.jpg,25.0,950,90,340,120,1292.7,1068.3,7.4,145.5,353.0,HB_nadpisane,3.2,3.6,0.32,0.01,0.05,0.039,0.05,0.05
3.6Si_950-90-340-120_25mm_*,poprawne_adi,3.6 Si,POPRAWNE_ADI\3.6Si.340.25mm_1000x,POPRAWNE_ADI\3.6Si.340.25mm_1000x\3.6Si_950-90-340-120_25mm_1000x-145.jpg,3.6Si_950-90-340-120_25mm_1000x-145.jpg,25.0,950,90,340,120,1292.7,1068.3,7.4,145.5,353.0,HB_nadpisane,3.2,3.6,0.32,0.01,0.05,0.039,0.05,0.05
3.6Si_950-90-340-120_25mm_*,poprawne_adi,3.6 Si,POPRAWNE_ADI\3.6Si.340.25mm_1000x,POPRAWNE_ADI\3.6Si.340.25mm_1000x\3.6Si_950-90-340-120_25mm_1000x-146.jpg,3.6Si_950-90-340-120_25mm_1000x-146.jpg,25.0,950,90,340,120,1292.7,1068.3,7.4,145.5,353.0,HB_nadpisane,3.2,3.6,0.32,0.01,0.05,0.039,0.05,0.05
3.6Si_950-90-340-120_25mm_*,poprawne_adi,3.6 Si,POPRAWNE_ADI\3.6Si.340.25mm_1000x,POPRAWNE_ADI\3.6Si.340.25mm_1000x\3.6Si_950-90-340-120_25mm_1000x-147.jpg,3.6Si_950-90-340-120_25mm_1000x-147.jpg,25.0,950,90,340,120,1292.7,1068.3,7.4,145.5,353.0,HB_nadpisane,3.2,3.6,0.32,0.01,0.05,0.039,0.05,0.05
3.6Si_950-90-340-120_25mm_*,poprawne_adi,3.6 Si,POPRAWNE_ADI\3.6Si.340.25mm_1000x,POPRAWNE_ADI\3.6Si.340.25mm_1000x\3.6Si_950-90-340-120_25mm_1000x-148.jpg,3.6Si_950-90-340-120_25mm_1000x-148.jpg,25.0,950,90,340,120,1292.7,1068.3,7.4,145.5,353.0,HB_nadpisane,3.2,3.6,0.32,0.01,0.05,0.039,0.05,0.05
3.6Si_950-90-340-120_25mm_*,poprawne_adi,3.6 Si,POPRAWNE_ADI\3.6Si.340.25mm_1000x,POPRAWNE_ADI\3.6Si.340.25mm_1000x\3.6Si_950-90-340-120_25mm_1000x-149.jpg,3.6Si_950-90-340-120_25mm_1000x-149.jpg,25.0,950,90,340,120,1292.7,1068.3,7.4,145.5,353.0,HB_nadpisane,3.2,3.6,0.32,0.01,0.05,0.039,0.05,0.05
3.6Si_950-90-340-120_25mm_*,poprawne_adi,3.6 Si,POPRAWNE_ADI\3.6Si.340.25mm_1000x,POPRAWNE_ADI\3.6Si.340.25mm_1000x\3.6Si_950-90-340-120_25mm_1000x-150.jpg,3.6Si_950-90-340-120_25mm_1000x-150.jpg,25.0,950,90,340,120,1292.7,1068.3,7.4,145.5,353.0,HB_nadpisane,3.2,3.6,0.32,0.01,0.05,0.039,0.05,0.05
3.6Si_950-90-340-120_25mm_*,poprawne_adi,3.6 Si,POPRAWNE_ADI\3.6Si.340.25mm_1000x,POPRAWNE_ADI\3.6Si.340.25mm_1000x\3.6Si_950-90-340-120_25mm_1000x-151.jpg,3.6Si_950-90-340-120_25mm_1000x-151.jpg,25.0,950,90,340,120,1292.7,1068.3,7.4,145.5,353.0,HB_nadpisane,3.2,3.6,0.32,0.01,0.05,0.039,0.05,0.05
3.6Si_950-90-340-120_25mm_*,poprawne_adi,3.6 Si,POPRAWNE_ADI\3.6Si.340.25mm_1000x,POPRAWNE_ADI\3.6Si.340.25mm_1000x\3.6Si_950-90-340-120_25mm_1000x-152.jpg,3.6Si_950-90-340-120_25mm_1000x-152.jpg,25.0,950,90,340,120,1292.7,1068.3,7.4,145.5,353.0,HB_nadpisane,3.2,3.6,0.32,0.01,0.05,0.039,0.05,0.05
3.6Si_950-90-340-120_25mm_*,poprawne_adi,3.6 Si,POPRAWNE_ADI\3.6Si.340.25mm_1000x,POPRAWNE_ADI\3.6Si.340.25mm_1000x\3.6Si_950-90-340-120_25mm_1000x-153.jpg,3.6Si_950-90-340-120_25mm_1000x-153.jpg,25.0,950,90,340,120,1292.7,1068.3,7.4,145.5,353.0,HB_nadpisane,3.2,3.6,0.32,0.01,0.05,0.039,0.05,0.05
3.6Si_950-90-340-120_25mm_*,poprawne_adi,3.6 Si,POPRAWNE_ADI\3.6Si.340.25mm_1000x,POPRAWNE_ADI\3.6Si.340.25mm_1000x\3.6Si_950-90-340-120_25mm_1000x-154.jpg,3.6Si_950-90-340-120_25mm_1000x-154.jpg,25.0,950,90,340,120,1292.7,1068.3,7.4,145.5,353.0,HB_nadpisane,3.2,3.6,0.32,0.01,0.05,0.039,0.05,0.05
3.6Si_950-90-340-120_25mm_*,poprawne_adi,3.6 Si,POPRAWNE_ADI\3.6Si.340.25mm_1000x,POPRAWNE_ADI\3.6Si.340.25mm_1000x\3.6Si_950-90-340-120_25mm_1000x-155.jpg,3.6Si_950-90-340-120_25mm_1000x-155.jpg,25.0,950,90,340,120,1292.7,1068.3,7.4,145.5,353.0,HB_nadpisane,3.2,3.6,0.32,0.01,0.05,0.039,0.05,0.05
3.6Si_950-90-340-120_25mm_*,poprawne_adi,3.6 Si,POPRAWNE_ADI\3.6Si.340.25mm_1000x,POPRAWNE_ADI\3.6Si.340.25mm_1000x\3.6Si_950-90-340-120_25mm_1000x-156.jpg,3.6Si_950-90-340-120_25mm_1000x-156.jpg,25.0,950,90,340,120,1292.7,1068.3,7.4,145.5,353.0,HB_nadpisane,3.2,3.6,0.32,0.01,0.05,0.039,0.05,0.05
3.6Si_950-90-340-120_25mm_*,poprawne_adi,3.6 Si,POPRAWNE_ADI\3.6Si.340.25mm_1000x,POPRAWNE_ADI\3.6Si.340.25mm_1000x\3.6Si_950-90-340-120_25mm_1000x-157.jpg,3.6Si_950-90-340-120_25mm_1000x-157.jpg,25.0,950,90,340,120,1292.7,1068.3,7.4,145.5,353.0,HB_nadpisane,3.2,3.6,0.32,0.01,0.05,0.039,0.05,0.05
3.6Si_950-90-340-120_25mm_*,poprawne_adi,3.6 Si,POPRAWNE_ADI\3.6Si.340.25mm_1000x,POPRAWNE_ADI\3.6Si.340.25mm_1000x\3.6Si_950-90-340-120_25mm_1000x-158.jpg,3.6Si_950-90-340-120_25mm_1000x-158.jpg,25.0,950,90,340,120,1292.7,1068.3,7.4,145.5,353.0,HB_nadpisane,3.2,3.6,0.32,0.01,0.05,0.039,0.05,0.05
3.6Si_950-90-340-120_25mm_*,poprawne_adi,3.6 Si,POPRAWNE_ADI\3.6Si.340.25mm_1000x,POPRAWNE_ADI\3.6Si.340.25mm_1000x\3.6Si_950-90-340-120_25mm_1000x-159.jpg,3.6Si_950-90-340-120_25mm_1000x-159.jpg,25.0,950,90,340,120,1292.7,1068.3,7.4,145.5,353.0,HB_nadpisane,3.2,3.6,0.32,0.01,0.05,0.039,0.05,0.05
3.6Si_950-90-340-120_25mm_*,poprawne_adi,3.6 Si,POPRAWNE_ADI\3.6Si.340.25mm_1000x,POPRAWNE_ADI\3.6Si.340.25mm_1000x\3.6Si_950-90-340-120_25mm_1000x-160.jpg,3.6Si_950-90-340-120_25mm_1000x-160.jpg,25.0,950,90,340,120,1292.7,1068.3,7.4,145.5,353.0,HB_nadpisane,3.2,3.6,0.32,0.01,0.05,0.039,0.05,0.05
3.6Si_950-90-340-120_25mm_*,poprawne_adi,3.6 Si,POPRAWNE_ADI\3.6Si.340.25mm_1000x,POPRAWNE_ADI\3.6Si.340.25mm_1000x\3.6Si_950-90-340-120_25mm_1000x-161.jpg,3.6Si_950-90-340-120_25mm_1000x-161.jpg,25.0,950,90,340,120,1292.7,1068.3,7.4,145.5,353.0,HB_nadpisane,3.2,3.6,0.32,0.01,0.05,0.039,0.05,0.05
3.6Si_950-90-340-120_25mm_*,poprawne_adi,3.6 Si,POPRAWNE_ADI\3.6Si.340.25mm_1000x,POPRAWNE_ADI\3.6Si.340.25mm_1000x\3.6Si_950-90-340-120_25mm_1000x-162.jpg,3.6Si_950-90-340-120_25mm_1000x-162.jpg,25.0,950,90,340,120,1292.7,1068.3,7.4,145.5,353.0,HB_nadpisane,3.2,3.6,0.32,0.01,0.05,0.039,0.05,0.05
3.6Si_950-90-340-120_25mm_*,poprawne_adi,3.6 Si,POPRAWNE_ADI\3.6Si.340.25mm_1000x,POPRAWNE_ADI\3.6Si.340.25mm_1000x\3.6Si_950-90-340-120_25mm_1000x-163.jpg,3.6Si_950-90-340-120_25mm_1000x-163.jpg,25.0,950,90,340,120,1292.7,1068.3,7.4,145.5,353.0,HB_nadpisane,3.2,3.6,0.32,0.01,0.05,0.039,0.05,0.05
3.6Si_950-90-340-120_25mm_*,poprawne_adi,3.6 Si,POPRAWNE_ADI\3.6Si.340.25mm_1000x,POPRAWNE_ADI\3.6Si.340.25mm_1000x\3.6Si_950-90-340-120_25mm_1000x-164.jpg,3.6Si_950-90-340-120_25mm_1000x-164.jpg,25.0,950,90,340,120,1292.7,1068.3,7.4,145.5,353.0,HB_nadpisane,3.2,3.6,0.32,0.01,0.05,0.039,0.05,0.05
3.6Si_950-90-340-120_25mm_*,poprawne_adi,3.6 Si,POPRAWNE_ADI\3.6Si.340.25mm_1000x,POPRAWNE_ADI\3.6Si.340.25mm_1000x\3.6Si_950-90-340-120_25mm_1000x-165.jpg,3.6Si_950-90-340-120_25mm_1000x-165.jpg,25.0,950,90,340,120,1292.7,1068.3,7.4,145.5,353.0,HB_nadpisane,3.2,3.6,0.32,0.01,0.05,0.039,0.05,0.05
3.6Si_950-90-340-120_25mm_*,poprawne_adi,3.6 Si,POPRAWNE_ADI\3.6Si.340.25mm_1000x,POPRAWNE_ADI\3.6Si.340.25mm_1000x\3.6Si_950-90-340-120_25mm_1000x-166.jpg,3.6Si_950-90-340-120_25mm_1000x-166.jpg,25.0,950,90,340,120,1292.7,1068.3,7.4,145.5,353.0,HB_nadpisane,3.2,3.6,0.32,0.01,0.05,0.039,0.05,0.05
3.6Si_950-90-340-120_25mm_*,poprawne_adi,3.6 Si,POPRAWNE_ADI\3.6Si.340.25mm_1000x,POPRAWNE_ADI\3.6Si.340.25mm_1000x\3.6Si_950-90-340-120_25mm_1000x-167.jpg,3.6Si_950-90-340-120_25mm_1000x-167.jpg,25.0,950,90,340,120,1292.7,1068.3,7.4,145.5,353.0,HB_nadpisane,3.2,3.6,0.32,0.01,0.05,0.039,0.05,0.05
3.6Si_950-90-340-120_25mm_*,poprawne_adi,3.6 Si,POPRAWNE_ADI\3.6Si.340.25mm_1000x,POPRAWNE_ADI\3.6Si.340.25mm_1000x\3.6Si_950-90-340-120_25mm_1000x-168.jpg,3.6Si_950-90-340-120_25mm_1000x-168.jpg,25.0,950,90,340,120,1292.7,1068.3,7.4,145.5,353.0,HB_nadpisane,3.2,3.6,0.32,0.01,0.05,0.039,0.05,0.05
3.6Si_950-90-340-120_25mm_*,poprawne_adi,3.6 Si,POPRAWNE_ADI\3.6Si.340.25mm_1000x,POPRAWNE_ADI\3.6Si.340.25mm_1000x\3.6Si_950-90-340-120_25mm_1000x-169.jpg,3.6Si_950-90-340-120_25mm_1000x-169.jpg,25.0,950,90,340,120,1292.7,1068.3,7.4,145.5,353.0,HB_nadpisane,3.2,3.6,0.32,0.01,0.05,0.039,0.05,0.05
3.6Si_950-90-340-120_25mm_*,poprawne_adi,3.6 Si,POPRAWNE_ADI\3.6Si.340.25mm_1000x,POPRAWNE_ADI\3.6Si.340.25mm_1000x\3.6Si_950-90-340-120_25mm_1000x-170.jpg,3.6Si_950-90-340-120_25mm_1000x-170.jpg,25.0,950,90,340,120,1292.7,1068.3,7.4,145.5,353.0,HB_nadpisane,3.2,3.6,0.32,0.01,0.05,0.039,0.05,0.05
3.6Si_950-90-340-120_25mm_*,poprawne_adi,3.6 Si,POPRAWNE_ADI\3.6Si.340.25mm_1000x,POPRAWNE_ADI\3.6Si.340.25mm_1000x\3.6Si_950-90-340-120_25mm_1000x-171.jpg,3.6Si_950-90-340-120_25mm_1000x-171.jpg,25.0,950,90,340,120,1292.7,1068.3,7.4,145.5,353.0,HB_nadpisane,3.2,3.6,0.32,0.01,0.05,0.039,0.05,0.05
3.6Si_950-90-340-120_25mm_*,poprawne_adi,3.6 Si,POPRAWNE_ADI\3.6Si.340.25mm_1000x,POPRAWNE_ADI\3.6Si.340.25mm_1000x\3.6Si_950-90-340-120_25mm_1000x-172.jpg,3.6Si_950-90-340-120_25mm_1000x-172.jpg,25.0,950,90,340,120,1292.7,1068.3,7.4,145.5,353.0,HB_nadpisane,3.2,3.6,0.32,0.01,0.05,0.039,0.05,0.05
3.6Si_950-90-340-120_25mm_*,poprawne_adi,3.6 Si,POPRAWNE_ADI\3.6Si.340.25mm_1000x,POPRAWNE_ADI\3.6Si.340.25mm_1000x\3.6Si_950-90-340-120_25mm_1000x-173.jpg,3.6Si_950-90-340-120_25mm_1000x-173.jpg,25.0,950,90,340,120,1292.7,1068.3,7.4,145.5,353.0,HB_nadpisane,3.2,3.6,0.32,0.01,0.05,0.039,0.05,0.05
3.6Si_950-90-340-120_25mm_*,poprawne_adi,3.6 Si,POPRAWNE_ADI\3.6Si.340.25mm_1000x,POPRAWNE_ADI\3.6Si.340.25mm_1000x\3.6Si_950-90-340-120_25mm_1000x-174.jpg,3.6Si_950-90-340-120_25mm_1000x-174.jpg,25.0,950,90,340,120,1292.7,1068.3,7.4,145.5,353.0,HB_nadpisane,3.2,3.6,0.32,0.01,0.05,0.039,0.05,0.05
3.6Si_950-90-340-120_25mm_*,poprawne_adi,3.6 Si,POPRAWNE_ADI\3.6Si.340.25mm_1000x,POPRAWNE_ADI\3.6Si.340.25mm_1000x\3.6Si_950-90-340-120_25mm_1000x-175.jpg,3.6Si_950-90-340-120_25mm_1000x-175.jpg,25.0,950,90,340,120,1292.7,1068.3,7.4,145.5,353.0,HB_nadpisane,3.2,3.6,0.32,0.01,0.05,0.039,0.05,0.05
3.6Si_950-90-340-120_25mm_*,poprawne_adi,3.6 Si,POPRAWNE_ADI\3.6Si.340.25mm_1000x,POPRAWNE_ADI\3.6Si.340.25mm_1000x\3.6Si_950-90-340-120_25mm_1000x-176.jpg,3.6Si_950-90-340-120_25mm_1000x-176.jpg,25.0,950,90,340,120,1292.7,1068.3,7.4,145.5,353.0,HB_nadpisane,3.2,3.6,0.32,0.01,0.05,0.039,0.05,0.05
3.6Si_950-90-340-120_25mm_*,poprawne_adi,3.6 Si,POPRAWNE_ADI\3.6Si.340.25mm_1000x,POPRAWNE_ADI\3.6Si.340.25mm_1000x\3.6Si_950-90-340-120_25mm_1000x-177.jpg,3.6Si_950-90-340-120_25mm_1000x-177.jpg,25.0,950,90,340,120,1292.7,1068.3,7.4,145.5,353.0,HB_nadpisane,3.2,3.6,0.32,0.01,0.05,0.039,0.05,0.05
3.6Si_950-90-340-120_25mm_*,poprawne_adi,3.6 Si,POPRAWNE_ADI\3.6Si.340.25mm_1000x,POPRAWNE_ADI\3.6Si.340.25mm_1000x\3.6Si_950-90-340-120_25mm_1000x-178.jpg,3.6Si_950-90-340-120_25mm_1000x-178.jpg,25.0,950,90,340,120,1292.7,1068.3,7.4,145.5,353.0,HB_nadpisane,3.2,3.6,0.32,0.01,0.05,0.039,0.05,0.05
3.6Si_950-90-340-120_25mm_*,poprawne_adi,3.6 Si,POPRAWNE_ADI\3.6Si.340.25mm_1000x,POPRAWNE_ADI\3.6Si.340.25mm_1000x\3.6Si_950-90-340-120_25mm_1000x-179.jpg,3.6Si_950-90-340-120_25mm_1000x-179.jpg,25.0,950,90,340,120,1292.7,1068.3,7.4,145.5,353.0,HB_nadpisane,3.2,3.6,0.32,0.01,0.05,0.039,0.05,0.05
3.6Si_950-90-340-120_25mm_*,poprawne_adi,3.6 Si,POPRAWNE_ADI\3.6Si.340.25mm_1000x,POPRAWNE_ADI\3.6Si.340.25mm_1000x\3.6Si_950-90-340-120_25mm_1000x-180.jpg,3.6Si_950-90-340-120_25mm_1000x-180.jpg,25.0,950,90,340,120,1292.7,1068.3,7.4,145.5,353.0,HB_nadpisane,3.2,3.6,0.32,0.01,0.05,0.039,0.05,0.05
3.6Si_950-90-340-120_25mm_*,poprawne_adi,3.6 Si,POPRAWNE_ADI\3.6Si.340.25mm_1000x,POPRAWNE_ADI\3.6Si.340.25mm_1000x\3.6Si_950-90-340-120_25mm_1000x-181.jpg,3.6Si_950-90-340-120_25mm_1000x-181.jpg,25.0,950,90,340,120,1292.7,1068.3,7.4,145.5,353.0,HB_nadpisane,3.2,3.6,0.32,0.01,0.05,0.039,0.05,0.05
3.6Si_950-90-340-120_25mm_*,poprawne_adi,3.6 Si,POPRAWNE_ADI\3.6Si.340.25mm_1000x,POPRAWNE_ADI\3.6Si.340.25mm_1000x\3.6Si_950-90-340-120_25mm_1000x-182.jpg,3.6Si_950-90-340-120_25mm_1000x-182.jpg,25.0,950,90,340,120,1292.7,1068.3,7.4,145.5,353.0,HB_nadpisane,3.2,3.6,0.32,0.01,0.05,0.039,0.05,0.05
3.6Si_950-90-340-120_25mm_*,poprawne_adi,3.6 Si,POPRAWNE_ADI\3.6Si.340.25mm_1000x,POPRAWNE_ADI\3.6Si.340.25mm_1000x\3.6Si_950-90-340-120_25mm_1000x-183.jpg,3.6Si_950-90-340-120_25mm_1000x-183.jpg,25.0,950,90,340,120,1292.7,1068.3,7.4,145.5,353.0,HB_nadpisane,3.2,3.6,0.32,0.01,0.05,0.039,0.05,0.05
3.6Si_950-90-340-120_25mm_*,poprawne_adi,3.6 Si,POPRAWNE_ADI\3.6Si.340.25mm_1000x,POPRAWNE_ADI\3.6Si.340.25mm_1000x\3.6Si_950-90-340-120_25mm_1000x-184.jpg,3.6Si_950-90-340-120_25mm_1000x-184.jpg,25.0,950,90,340,120,1292.7,1068.3,7.4,145.5,353.0,HB_nadpisane,3.2,3.6,0.32,0.01,0.05,0.039,0.05,0.05
3.6Si_950-90-340-120_25mm_*,poprawne_adi,3.6 Si,POPRAWNE_ADI\3.6Si.340.25mm_1000x,POPRAWNE_ADI\3.6Si.340.25mm_1000x\3.6Si_950-90-340-120_25mm_1000x-185.jpg,3.6Si_950-90-340-120_25mm_1000x-185.jpg,25.0,950,90,340,120,1292.7,1068.3,7.4,145.5,353.0,HB_nadpisane,3.2,3.6,0.32,0.01,0.05,0.039,0.05,0.05
3.6Si_950-90-340-120_25mm_*,poprawne_adi,3.6 Si,POPRAWNE_ADI\3.6Si.340.25mm_1000x,POPRAWNE_ADI\3.6Si.340.25mm_1000x\3.6Si_950-90-340-120_25mm_1000x-186.jpg,3.6Si_950-90-340-120_25mm_1000x-186.jpg,25.0,950,90,340,120,1292.7,1068.3,7.4,145.5,353.0,HB_nadpisane,3.2,3.6,0.32,0.01,0.05,0.039,0.05,0.05
3.6Si_950-90-340-120_25mm_*,poprawne_adi,3.6 Si,POPRAWNE_ADI\3.6Si.340.25mm_1000x,POPRAWNE_ADI\3.6Si.340.25mm_1000x\3.6Si_950-90-340-120_25mm_1000x-187.jpg,3.6Si_950-90-340-120_25mm_1000x-187.jpg,25.0,950,90,340,120,1292.7,1068.3,7.4,145.5,353.0,HB_nadpisane,3.2,3.6,0.32,0.01,0.05,0.039,0.05,0.05
3.6Si_950-90-340-120_25mm_*,poprawne_adi,3.6 Si,POPRAWNE_ADI\3.6Si.340.25mm_1000x,POPRAWNE_ADI\3.6Si.340.25mm_1000x\3.6Si_950-90-340-120_25mm_1000x-188.jpg,3.6Si_950-90-340-120_25mm_1000x-188.jpg,25.0,950,90,340,120,1292.7,1068.3,7.4,145.5,353.0,HB_nadpisane,3.2,3.6,0.32,0.01,0.05,0.039,0.05,0.05
3.6Si_950-90-340-120_25mm_*,poprawne_adi,3.6 Si,POPRAWNE_ADI\3.6Si.340.25mm_1000x,POPRAWNE_ADI\3.6Si.340.25mm_1000x\3.6Si_950-90-340-120_25mm_1000x-189.jpg,3.6Si_950-90-340-120_25mm_1000x-189.jpg,25.0,950,90,340,120,1292.7,1068.3,7.4,145.5,353.0,HB_nadpisane,3.2,3.6,0.32,0.01,0.05,0.039,0.05,0.05
3.6Si_950-90-340-120_25mm_*,poprawne_adi,3.6 Si,POPRAWNE_ADI\3.6Si.340.25mm_1000x,POPRAWNE_ADI\3.6Si.340.25mm_1000x\3.6Si_950-90-340-120_25mm_1000x-190.jpg,3.6Si_950-90-340-120_25mm_1000x-190.jpg,25.0,950,90,340,120,1292.7,1068.3,7.4,145.5,353.0,HB_nadpisane,3.2,3.6,0.32,0.01,0.05,0.039,0.05,0.05
3.6Si_950-90-340-120_25mm_*,poprawne_adi,3.6 Si,POPRAWNE_ADI\3.6Si.340.25mm_1000x,POPRAWNE_ADI\3.6Si.340.25mm_1000x\3.6Si_950-90-340-120_25mm_1000x-191.jpg,3.6Si_950-90-340-120_25mm_1000x-191.jpg,25.0,950,90,340,120,1292.7,1068.3,7.4,145.5,353.0,HB_nadpisane,3.2,3.6,0.32,0.01,0.05,0.039,0.05,0.05
3.6Si_950-90-340-120_25mm_*,poprawne_adi,3.6 Si,POPRAWNE_ADI\3.6Si.340.25mm_1000x,POPRAWNE_ADI\3.6Si.340.25mm_1000x\3.6Si_950-90-340-120_25mm_1000x-192.jpg,3.6Si_950-90-340-120_25mm_1000x-192.jpg,25.0,950,90,340,120,1292.7,1068.3,7.4,145.5,353.0,HB_nadpisane,3.2,3.6,0.32,0.01,0.05,0.039,0.05,0.05
3.6Si_950-90-340-120_25mm_*,poprawne_adi,3.6 Si,POPRAWNE_ADI\3.6Si.340.25mm_1000x,POPRAWNE_ADI\3.6Si.340.25mm_1000x\3.6Si_950-90-340-120_25mm_1000x-193.jpg,3.6Si_950-90-340-120_25mm_1000x-193.jpg,25.0,950,90,340,120,1292.7,1068.3,7.4,145.5,353.0,HB_nadpisane,3.2,3.6,0.32,0.01,0.05,0.039,0.05,0.05
3.6Si_950-90-340-120_25mm_*,poprawne_adi,3.6 Si,POPRAWNE_ADI\3.6Si.340.25mm_1000x,POPRAWNE_ADI\3.6Si.340.25mm_1000x\3.6Si_950-90-340-120_25mm_1000x-194.jpg,3.6Si_950-90-340-120_25mm_1000x-194.jpg,25.0,950,90,340,120,1292.7,1068.3,7.4,145.5,353.0,HB_nadpisane,3.2,3.6,0.32,0.01,0.05,0.039,0.05,0.05
3.6Si_950-90-340-120_25mm_*,poprawne_adi,3.6 Si,POPRAWNE_ADI\3.6Si.340.25mm_1000x,POPRAWNE_ADI\3.6Si.340.25mm_1000x\3.6Si_950-90-340-120_25mm_1000x-195.jpg,3.6Si_950-90-340-120_25mm_1000x-195.jpg,25.0,950,90,340,120,1292.7,1068.3,7.4,145.5,353.0,HB_nadpisane,3.2,3.6,0.32,0.01,0.05,0.039,0.05,0.05
3.6Si_950-90-340-120_25mm_*,poprawne_adi,3.6 Si,POPRAWNE_ADI\3.6Si.340.25mm_1000x,POPRAWNE_ADI\3.6Si.340.25mm_1000x\3.6Si_950-90-340-120_25mm_1000x-196.jpg,3.6Si_950-90-340-120_25mm_1000x-196.jpg,25.0,950,90,340,120,1292.7,1068.3,7.4,145.5,353.0,HB_nadpisane,3.2,3.6,0.32,0.01,0.05,0.039,0.05,0.05
3.6Si_950-90-340-120_25mm_*,poprawne_adi,3.6 Si,POPRAWNE_ADI\3.6Si.340.25mm_1000x,POPRAWNE_ADI\3.6Si.340.25mm_1000x\3.6Si_950-90-340-120_25mm_1000x-197.jpg,3.6Si_950-90-340-120_25mm_1000x-197.jpg,25.0,950,90,340,120,1292.7,1068.3,7.4,145.5,353.0,HB_nadpisane,3.2,3.6,0.32,0.01,0.05,0.039,0.05,0.05
3.6Si_950-90-340-120_25mm_*,poprawne_adi,3.6 Si,POPRAWNE_ADI\3.6Si.340.25mm_1000x,POPRAWNE_ADI\3.6Si.340.25mm_1000x\3.6Si_950-90-340-120_25mm_1000x-198.jpg,3.6Si_950-90-340-120_25mm_1000x-198.jpg,25.0,950,90,340,120,1292.7,1068.3,7.4,145.5,353.0,HB_nadpisane,3.2,3.6,0.32,0.01,0.05,0.039,0.05,0.05
3.6Si_950-90-340-120_25mm_*,poprawne_adi,3.6 Si,POPRAWNE_ADI\3.6Si.340.25mm_1000x,POPRAWNE_ADI\3.6Si.340.25mm_1000x\3.6Si_950-90-340-120_25mm_1000x-199.jpg,3.6Si_950-90-340-120_25mm_1000x-199.jpg,25.0,950,90,340,120,1292.7,1068.3,7.4,145.5,353.0,HB_nadpisane,3.2,3.6,0.32,0.01,0.05,0.039,0.05,0.05
3.6Si_950-90-340-120_25mm_*,poprawne_adi,3.6 Si,POPRAWNE_ADI\3.6Si.340.25mm_1000x,POPRAWNE_ADI\3.6Si.340.25mm_1000x\3.6Si_950-90-340-120_25mm_1000x-200.jpg,3.6Si_950-90-340-120_25mm_1000x-200.jpg,25.0,950,90,340,120,1292.7,1068.3,7.4,145.5,353.0,HB_nadpisane,3.2,3.6,0.32,0.01,0.05,0.039,0.05,0.05
4Si_950-60-340-120_13mm_*,poprawne_adi,4 Si,POPRAWNE_ADI\4Si.340.13mm_1000x,POPRAWNE_ADI\4Si.340.13mm_1000x\4Si_950-60-340-120_13mm_1000x-001.jpg,4Si_950-60-340-120_13mm_1000x-001.jpg,13.0,950,60,340,120,1303.3,1022.7,7.3,131.0,353.0,HB_nadpisane,3.0,4.1,0.36,0.01,0.04,0.043,0.05,0.07
4Si_950-60-340-120_13mm_*,poprawne_adi,4 Si,POPRAWNE_ADI\4Si.340.13mm_1000x,POPRAWNE_ADI\4Si.340.13mm_1000x\4Si_950-60-340-120_13mm_1000x-002.jpg,4Si_950-60-340-120_13mm_1000x-002.jpg,13.0,950,60,340,120,1303.3,1022.7,7.3,131.0,353.0,HB_nadpisane,3.0,4.1,0.36,0.01,0.04,0.043,0.05,0.07
4Si_950-60-340-120_13mm_*,poprawne_adi,4 Si,POPRAWNE_ADI\4Si.340.13mm_1000x,POPRAWNE_ADI\4Si.340.13mm_1000x\4Si_950-60-340-120_13mm_1000x-003.jpg,4Si_950-60-340-120_13mm_1000x-003.jpg,13.0,950,60,340,120,1303.3,1022.7,7.3,131.0,353.0,HB_nadpisane,3.0,4.1,0.36,0.01,0.04,0.043,0.05,0.07
4Si_950-60-340-120_13mm_*,poprawne_adi,4 Si,POPRAWNE_ADI\4Si.340.13mm_1000x,POPRAWNE_ADI\4Si.340.13mm_1000x\4Si_950-60-340-120_13mm_1000x-004.jpg,4Si_950-60-340-120_13mm_1000x-004.jpg,13.0,950,60,340,120,1303.3,1022.7,7.3,131.0,353.0,HB_nadpisane,3.0,4.1,0.36,0.01,0.04,0.043,0.05,0.07
4Si_950-60-340-120_13mm_*,poprawne_adi,4 Si,POPRAWNE_ADI\4Si.340.13mm_1000x,POPRAWNE_ADI\4Si.340.13mm_1000x\4Si_950-60-340-120_13mm_1000x-005.jpg,4Si_950-60-340-120_13mm_1000x-005.jpg,13.0,950,60,340,120,1303.3,1022.7,7.3,131.0,353.0,HB_nadpisane,3.0,4.1,0.36,0.01,0.04,0.043,0.05,0.07
4Si_950-60-340-120_13mm_*,poprawne_adi,4 Si,POPRAWNE_ADI\4Si.340.13mm_1000x,POPRAWNE_ADI\4Si.340.13mm_1000x\4Si_950-60-340-120_13mm_1000x-006.jpg,4Si_950-60-340-120_13mm_1000x-006.jpg,13.0,950,60,340,120,1303.3,1022.7,7.3,131.0,353.0,HB_nadpisane,3.0,4.1,0.36,0.01,0.04,0.043,0.05,0.07
4Si_950-60-340-120_13mm_*,poprawne_adi,4 Si,POPRAWNE_ADI\4Si.340.13mm_1000x,POPRAWNE_ADI\4Si.340.13mm_1000x\4Si_950-60-340-120_13mm_1000x-007.jpg,4Si_950-60-340-120_13mm_1000x-007.jpg,13.0,950,60,340,120,1303.3,1022.7,7.3,131.0,353.0,HB_nadpisane,3.0,4.1,0.36,0.01,0.04,0.043,0.05,0.07
4Si_950-60-340-120_13mm_*,poprawne_adi,4 Si,POPRAWNE_ADI\4Si.340.13mm_1000x,POPRAWNE_ADI\4Si.340.13mm_1000x\4Si_950-60-340-120_13mm_1000x-008.jpg,4Si_950-60-340-120_13mm_1000x-008.jpg,13.0,950,60,340,120,1303.3,1022.7,7.3,131.0,353.0,HB_nadpisane,3.0,4.1,0.36,0.01,0.04,0.043,0.05,0.07
4Si_950-60-340-120_13mm_*,poprawne_adi,4 Si,POPRAWNE_ADI\4Si.340.13mm_1000x,POPRAWNE_ADI\4Si.340.13mm_1000x\4Si_950-60-340-120_13mm_1000x-009.jpg,4Si_950-60-340-120_13mm_1000x-009.jpg,13.0,950,60,340,120,1303.3,1022.7,7.3,131.0,353.0,HB_nadpisane,3.0,4.1,0.36,0.01,0.04,0.043,0.05,0.07
4Si_950-60-340-120_13mm_*,poprawne_adi,4 Si,POPRAWNE_ADI\4Si.340.13mm_1000x,POPRAWNE_ADI\4Si.340.13mm_1000x\4Si_950-60-340-120_13mm_1000x-010.jpg,4Si_950-60-340-120_13mm_1000x-010.jpg,13.0,950,60,340,120,1303.3,1022.7,7.3,131.0,353.0,HB_nadpisane,3.0,4.1,0.36,0.01,0.04,0.043,0.05,0.07
4Si_950-60-340-120_13mm_*,poprawne_adi,4 Si,POPRAWNE_ADI\4Si.340.13mm_1000x,POPRAWNE_ADI\4Si.340.13mm_1000x\4Si_950-60-340-120_13mm_1000x-011.jpg,4Si_950-60-340-120_13mm_1000x-011.jpg,13.0,950,60,340,120,1303.3,1022.7,7.3,131.0,353.0,HB_nadpisane,3.0,4.1,0.36,0.01,0.04,0.043,0.05,0.07
4Si_950-60-340-120_13mm_*,poprawne_adi,4 Si,POPRAWNE_ADI\4Si.340.13mm_1000x,POPRAWNE_ADI\4Si.340.13mm_1000x\4Si_950-60-340-120_13mm_1000x-012.jpg,4Si_950-60-340-120_13mm_1000x-012.jpg,13.0,950,60,340,120,1303.3,1022.7,7.3,131.0,353.0,HB_nadpisane,3.0,4.1,0.36,0.01,0.04,0.043,0.05,0.07
4Si_950-60-340-120_13mm_*,poprawne_adi,4 Si,POPRAWNE_ADI\4Si.340.13mm_1000x,POPRAWNE_ADI\4Si.340.13mm_1000x\4Si_950-60-340-120_13mm_1000x-013.jpg,4Si_950-60-340-120_13mm_1000x-013.jpg,13.0,950,60,340,120,1303.3,1022.7,7.3,131.0,353.0,HB_nadpisane,3.0,4.1,0.36,0.01,0.04,0.043,0.05,0.07
4Si_950-60-340-120_13mm_*,poprawne_adi,4 Si,POPRAWNE_ADI\4Si.340.13mm_1000x,POPRAWNE_ADI\4Si.340.13mm_1000x\4Si_950-60-340-120_13mm_1000x-014.jpg,4Si_950-60-340-120_13mm_1000x-014.jpg,13.0,950,60,340,120,1303.3,1022.7,7.3,131.0,353.0,HB_nadpisane,3.0,4.1,0.36,0.01,0.04,0.043,0.05,0.07
4Si_950-60-340-120_13mm_*,poprawne_adi,4 Si,POPRAWNE_ADI\4Si.340.13mm_1000x,POPRAWNE_ADI\4Si.340.13mm_1000x\4Si_950-60-340-120_13mm_1000x-015.jpg,4Si_950-60-340-120_13mm_1000x-015.jpg,13.0,950,60,340,120,1303.3,1022.7,7.3,131.0,353.0,HB_nadpisane,3.0,4.1,0.36,0.01,0.04,0.043,0.05,0.07
4Si_950-60-340-120_13mm_*,poprawne_adi,4 Si,POPRAWNE_ADI\4Si.340.13mm_1000x,POPRAWNE_ADI\4Si.340.13mm_1000x\4Si_950-60-340-120_13mm_1000x-016.jpg,4Si_950-60-340-120_13mm_1000x-016.jpg,13.0,950,60,340,120,1303.3,1022.7,7.3,131.0,353.0,HB_nadpisane,3.0,4.1,0.36,0.01,0.04,0.043,0.05,0.07
4Si_950-60-340-120_13mm_*,poprawne_adi,4 Si,POPRAWNE_ADI\4Si.340.13mm_1000x,POPRAWNE_ADI\4Si.340.13mm_1000x\4Si_950-60-340-120_13mm_1000x-017.jpg,4Si_950-60-340-120_13mm_1000x-017.jpg,13.0,950,60,340,120,1303.3,1022.7,7.3,131.0,353.0,HB_nadpisane,3.0,4.1,0.36,0.01,0.04,0.043,0.05,0.07
4Si_950-60-340-120_13mm_*,poprawne_adi,4 Si,POPRAWNE_ADI\4Si.340.13mm_1000x,POPRAWNE_ADI\4Si.340.13mm_1000x\4Si_950-60-340-120_13mm_1000x-018.jpg,4Si_950-60-340-120_13mm_1000x-018.jpg,13.0,950,60,340,120,1303.3,1022.7,7.3,131.0,353.0,HB_nadpisane,3.0,4.1,0.36,0.01,0.04,0.043,0.05,0.07
4Si_950-60-340-120_13mm_*,poprawne_adi,4 Si,POPRAWNE_ADI\4Si.340.13mm_1000x,POPRAWNE_ADI\4Si.340.13mm_1000x\4Si_950-60-340-120_13mm_1000x-019.jpg,4Si_950-60-340-120_13mm_1000x-019.jpg,13.0,950,60,340,120,1303.3,1022.7,7.3,131.0,353.0,HB_nadpisane,3.0,4.1,0.36,0.01,0.04,0.043,0.05,0.07
4Si_950-60-340-120_13mm_*,poprawne_adi,4 Si,POPRAWNE_ADI\4Si.340.13mm_1000x,POPRAWNE_ADI\4Si.340.13mm_1000x\4Si_950-60-340-120_13mm_1000x-020.jpg,4Si_950-60-340-120_13mm_1000x-020.jpg,13.0,950,60,340,120,1303.3,1022.7,7.3,131.0,353.0,HB_nadpisane,3.0,4.1,0.36,0.01,0.04,0.043,0.05,0.07
4Si_950-60-340-120_13mm_*,poprawne_adi,4 Si,POPRAWNE_ADI\4Si.340.13mm_1000x,POPRAWNE_ADI\4Si.340.13mm_1000x\4Si_950-60-340-120_13mm_1000x-021.jpg,4Si_950-60-340-120_13mm_1000x-021.jpg,13.0,950,60,340,120,1303.3,1022.7,7.3,131.0,353.0,HB_nadpisane,3.0,4.1,0.36,0.01,0.04,0.043,0.05,0.07
4Si_950-60-340-120_13mm_*,poprawne_adi,4 Si,POPRAWNE_ADI\4Si.340.13mm_1000x,POPRAWNE_ADI\4Si.340.13mm_1000x\4Si_950-60-340-120_13mm_1000x-022.jpg,4Si_950-60-340-120_13mm_1000x-022.jpg,13.0,950,60,340,120,1303.3,1022.7,7.3,131.0,353.0,HB_nadpisane,3.0,4.1,0.36,0.01,0.04,0.043,0.05,0.07
4Si_950-60-340-120_13mm_*,poprawne_adi,4 Si,POPRAWNE_ADI\4Si.340.13mm_1000x,POPRAWNE_ADI\4Si.340.13mm_1000x\4Si_950-60-340-120_13mm_1000x-023.jpg,4Si_950-60-340-120_13mm_1000x-023.jpg,13.0,950,60,340,120,1303.3,1022.7,7.3,131.0,353.0,HB_nadpisane,3.0,4.1,0.36,0.01,0.04,0.043,0.05,0.07
4Si_950-60-340-120_13mm_*,poprawne_adi,4 Si,POPRAWNE_ADI\4Si.340.13mm_1000x,POPRAWNE_ADI\4Si.340.13mm_1000x\4Si_950-60-340-120_13mm_1000x-024.jpg,4Si_950-60-340-120_13mm_1000x-024.jpg,13.0,950,60,340,120,1303.3,1022.7,7.3,131.0,353.0,HB_nadpisane,3.0,4.1,0.36,0.01,0.04,0.043,0.05,0.07
4Si_950-60-340-120_13mm_*,poprawne_adi,4 Si,POPRAWNE_ADI\4Si.340.13mm_1000x,POPRAWNE_ADI\4Si.340.13mm_1000x\4Si_950-60-340-120_13mm_1000x-025.jpg,4Si_950-60-340-120_13mm_1000x-025.jpg,13.0,950,60,340,120,1303.3,1022.7,7.3,131.0,353.0,HB_nadpisane,3.0,4.1,0.36,0.01,0.04,0.043,0.05,0.07
4Si_950-60-340-120_13mm_*,poprawne_adi,4 Si,POPRAWNE_ADI\4Si.340.13mm_1000x,POPRAWNE_ADI\4Si.340.13mm_1000x\4Si_950-60-340-120_13mm_1000x-026.jpg,4Si_950-60-340-120_13mm_1000x-026.jpg,13.0,950,60,340,120,1303.3,1022.7,7.3,131.0,353.0,HB_nadpisane,3.0,4.1,0.36,0.01,0.04,0.043,0.05,0.07
4Si_950-60-340-120_13mm_*,poprawne_adi,4 Si,POPRAWNE_ADI\4Si.340.13mm_1000x,POPRAWNE_ADI\4Si.340.13mm_1000x\4Si_950-60-340-120_13mm_1000x-027.jpg,4Si_950-60-340-120_13mm_1000x-027.jpg,13.0,950,60,340,120,1303.3,1022.7,7.3,131.0,353.0,HB_nadpisane,3.0,4.1,0.36,0.01,0.04,0.043,0.05,0.07
4Si_950-60-340-120_13mm_*,poprawne_adi,4 Si,POPRAWNE_ADI\4Si.340.13mm_1000x,POPRAWNE_ADI\4Si.340.13mm_1000x\4Si_950-60-340-120_13mm_1000x-028.jpg,4Si_950-60-340-120_13mm_1000x-028.jpg,13.0,950,60,340,120,1303.3,1022.7,7.3,131.0,353.0,HB_nadpisane,3.0,4.1,0.36,0.01,0.04,0.043,0.05,0.07
4Si_950-60-340-120_13mm_*,poprawne_adi,4 Si,POPRAWNE_ADI\4Si.340.13mm_1000x,POPRAWNE_ADI\4Si.340.13mm_1000x\4Si_950-60-340-120_13mm_1000x-029.jpg,4Si_950-60-340-120_13mm_1000x-029.jpg,13.0,950,60,340,120,1303.3,1022.7,7.3,131.0,353.0,HB_nadpisane,3.0,4.1,0.36,0.01,0.04,0.043,0.05,0.07
4Si_950-60-340-120_13mm_*,poprawne_adi,4 Si,POPRAWNE_ADI\4Si.340.13mm_1000x,POPRAWNE_ADI\4Si.340.13mm_1000x\4Si_950-60-340-120_13mm_1000x-030.jpg,4Si_950-60-340-120_13mm_1000x-030.jpg,13.0,950,60,340,120,1303.3,1022.7,7.3,131.0,353.0,HB_nadpisane,3.0,4.1,0.36,0.01,0.04,0.043,0.05,0.07
4Si_950-60-340-120_13mm_*,poprawne_adi,4 Si,POPRAWNE_ADI\4Si.340.13mm_1000x,POPRAWNE_ADI\4Si.340.13mm_1000x\4Si_950-60-340-120_13mm_1000x-031.jpg,4Si_950-60-340-120_13mm_1000x-031.jpg,13.0,950,60,340,120,1303.3,1022.7,7.3,131.0,353.0,HB_nadpisane,3.0,4.1,0.36,0.01,0.04,0.043,0.05,0.07
4Si_950-60-340-120_13mm_*,poprawne_adi,4 Si,POPRAWNE_ADI\4Si.340.13mm_1000x,POPRAWNE_ADI\4Si.340.13mm_1000x\4Si_950-60-340-120_13mm_1000x-032.jpg,4Si_950-60-340-120_13mm_1000x-032.jpg,13.0,950,60,340,120,1303.3,1022.7,7.3,131.0,353.0,HB_nadpisane,3.0,4.1,0.36,0.01,0.04,0.043,0.05,0.07
4Si_950-60-340-120_13mm_*,poprawne_adi,4 Si,POPRAWNE_ADI\4Si.340.13mm_1000x,POPRAWNE_ADI\4Si.340.13mm_1000x\4Si_950-60-340-120_13mm_1000x-033.jpg,4Si_950-60-340-120_13mm_1000x-033.jpg,13.0,950,60,340,120,1303.3,1022.7,7.3,131.0,353.0,HB_nadpisane,3.0,4.1,0.36,0.01,0.04,0.043,0.05,0.07
4Si_950-60-340-120_13mm_*,poprawne_adi,4 Si,POPRAWNE_ADI\4Si.340.13mm_1000x,POPRAWNE_ADI\4Si.340.13mm_1000x\4Si_950-60-340-120_13mm_1000x-034.jpg,4Si_950-60-340-120_13mm_1000x-034.jpg,13.0,950,60,340,120,1303.3,1022.7,7.3,131.0,353.0,HB_nadpisane,3.0,4.1,0.36,0.01,0.04,0.043,0.05,0.07
4Si_950-60-340-120_13mm_*,poprawne_adi,4 Si,POPRAWNE_ADI\4Si.340.13mm_1000x,POPRAWNE_ADI\4Si.340.13mm_1000x\4Si_950-60-340-120_13mm_1000x-035.jpg,4Si_950-60-340-120_13mm_1000x-035.jpg,13.0,950,60,340,120,1303.3,1022.7,7.3,131.0,353.0,HB_nadpisane,3.0,4.1,0.36,0.01,0.04,0.043,0.05,0.07
4Si_950-60-340-120_13mm_*,poprawne_adi,4 Si,POPRAWNE_ADI\4Si.340.13mm_1000x,POPRAWNE_ADI\4Si.340.13mm_1000x\4Si_950-60-340-120_13mm_1000x-036.jpg,4Si_950-60-340-120_13mm_1000x-036.jpg,13.0,950,60,340,120,1303.3,1022.7,7.3,131.0,353.0,HB_nadpisane,3.0,4.1,0.36,0.01,0.04,0.043,0.05,0.07
4Si_950-60-340-120_13mm_*,poprawne_adi,4 Si,POPRAWNE_ADI\4Si.340.13mm_1000x,POPRAWNE_ADI\4Si.340.13mm_1000x\4Si_950-60-340-120_13mm_1000x-037.jpg,4Si_950-60-340-120_13mm_1000x-037.jpg,13.0,950,60,340,120,1303.3,1022.7,7.3,131.0,353.0,HB_nadpisane,3.0,4.1,0.36,0.01,0.04,0.043,0.05,0.07
4Si_950-60-340-120_13mm_*,poprawne_adi,4 Si,POPRAWNE_ADI\4Si.340.13mm_1000x,POPRAWNE_ADI\4Si.340.13mm_1000x\4Si_950-60-340-120_13mm_1000x-038.jpg,4Si_950-60-340-120_13mm_1000x-038.jpg,13.0,950,60,340,120,1303.3,1022.7,7.3,131.0,353.0,HB_nadpisane,3.0,4.1,0.36,0.01,0.04,0.043,0.05,0.07
4Si_950-60-340-120_13mm_*,poprawne_adi,4 Si,POPRAWNE_ADI\4Si.340.13mm_1000x,POPRAWNE_ADI\4Si.340.13mm_1000x\4Si_950-60-340-120_13mm_1000x-039.jpg,4Si_950-60-340-120_13mm_1000x-039.jpg,13.0,950,60,340,120,1303.3,1022.7,7.3,131.0,353.0,HB_nadpisane,3.0,4.1,0.36,0.01,0.04,0.043,0.05,0.07
4Si_950-60-340-120_13mm_*,poprawne_adi,4 Si,POPRAWNE_ADI\4Si.340.13mm_1000x,POPRAWNE_ADI\4Si.340.13mm_1000x\4Si_950-60-340-120_13mm_1000x-040.jpg,4Si_950-60-340-120_13mm_1000x-040.jpg,13.0,950,60,340,120,1303.3,1022.7,7.3,131.0,353.0,HB_nadpisane,3.0,4.1,0.36,0.01,0.04,0.043,0.05,0.07
4Si_950-60-340-120_13mm_*,poprawne_adi,4 Si,POPRAWNE_ADI\4Si.340.13mm_1000x,POPRAWNE_ADI\4Si.340.13mm_1000x\4Si_950-60-340-120_13mm_1000x-041.jpg,4Si_950-60-340-120_13mm_1000x-041.jpg,13.0,950,60,340,120,1303.3,1022.7,7.3,131.0,353.0,HB_nadpisane,3.0,4.1,0.36,0.01,0.04,0.043,0.05,0.07
4Si_950-60-340-120_13mm_*,poprawne_adi,4 Si,POPRAWNE_ADI\4Si.340.13mm_1000x,POPRAWNE_ADI\4Si.340.13mm_1000x\4Si_950-60-340-120_13mm_1000x-042.jpg,4Si_950-60-340-120_13mm_1000x-042.jpg,13.0,950,60,340,120,1303.3,1022.7,7.3,131.0,353.0,HB_nadpisane,3.0,4.1,0.36,0.01,0.04,0.043,0.05,0.07
4Si_950-60-340-120_13mm_*,poprawne_adi,4 Si,POPRAWNE_ADI\4Si.340.13mm_1000x,POPRAWNE_ADI\4Si.340.13mm_1000x\4Si_950-60-340-120_13mm_1000x-043.jpg,4Si_950-60-340-120_13mm_1000x-043.jpg,13.0,950,60,340,120,1303.3,1022.7,7.3,131.0,353.0,HB_nadpisane,3.0,4.1,0.36,0.01,0.04,0.043,0.05,0.07
4Si_950-60-340-120_13mm_*,poprawne_adi,4 Si,POPRAWNE_ADI\4Si.340.13mm_1000x,POPRAWNE_ADI\4Si.340.13mm_1000x\4Si_950-60-340-120_13mm_1000x-044.jpg,4Si_950-60-340-120_13mm_1000x-044.jpg,13.0,950,60,340,120,1303.3,1022.7,7.3,131.0,353.0,HB_nadpisane,3.0,4.1,0.36,0.01,0.04,0.043,0.05,0.07
4Si_950-60-340-120_13mm_*,poprawne_adi,4 Si,POPRAWNE_ADI\4Si.340.13mm_1000x,POPRAWNE_ADI\4Si.340.13mm_1000x\4Si_950-60-340-120_13mm_1000x-045.jpg,4Si_950-60-340-120_13mm_1000x-045.jpg,13.0,950,60,340,120,1303.3,1022.7,7.3,131.0,353.0,HB_nadpisane,3.0,4.1,0.36,0.01,0.04,0.043,0.05,0.07
4Si_950-60-340-120_13mm_*,poprawne_adi,4 Si,POPRAWNE_ADI\4Si.340.13mm_1000x,POPRAWNE_ADI\4Si.340.13mm_1000x\4Si_950-60-340-120_13mm_1000x-046.jpg,4Si_950-60-340-120_13mm_1000x-046.jpg,13.0,950,60,340,120,1303.3,1022.7,7.3,131.0,353.0,HB_nadpisane,3.0,4.1,0.36,0.01,0.04,0.043,0.05,0.07
4Si_950-60-340-120_13mm_*,poprawne_adi,4 Si,POPRAWNE_ADI\4Si.340.13mm_1000x,POPRAWNE_ADI\4Si.340.13mm_1000x\4Si_950-60-340-120_13mm_1000x-047.jpg,4Si_950-60-340-120_13mm_1000x-047.jpg,13.0,950,60,340,120,1303.3,1022.7,7.3,131.0,353.0,HB_nadpisane,3.0,4.1,0.36,0.01,0.04,0.043,0.05,0.07
4Si_950-60-340-120_13mm_*,poprawne_adi,4 Si,POPRAWNE_ADI\4Si.340.13mm_1000x,POPRAWNE_ADI\4Si.340.13mm_1000x\4Si_950-60-340-120_13mm_1000x-048.jpg,4Si_950-60-340-120_13mm_1000x-048.jpg,13.0,950,60,340,120,1303.3,1022.7,7.3,131.0,353.0,HB_nadpisane,3.0,4.1,0.36,0.01,0.04,0.043,0.05,0.07
4Si_950-60-340-120_13mm_*,poprawne_adi,4 Si,POPRAWNE_ADI\4Si.340.13mm_1000x,POPRAWNE_ADI\4Si.340.13mm_1000x\4Si_950-60-340-120_13mm_1000x-049.jpg,4Si_950-60-340-120_13mm_1000x-049.jpg,13.0,950,60,340,120,1303.3,1022.7,7.3,131.0,353.0,HB_nadpisane,3.0,4.1,0.36,0.01,0.04,0.043,0.05,0.07
4Si_950-60-340-120_13mm_*,poprawne_adi,4 Si,POPRAWNE_ADI\4Si.340.13mm_1000x,POPRAWNE_ADI\4Si.340.13mm_1000x\4Si_950-60-340-120_13mm_1000x-050.jpg,4Si_950-60-340-120_13mm_1000x-050.jpg,13.0,950,60,340,120,1303.3,1022.7,7.3,131.0,353.0,HB_nadpisane,3.0,4.1,0.36,0.01,0.04,0.043,0.05,0.07
4Si_950-60-340-120_13mm_*,poprawne_adi,4 Si,POPRAWNE_ADI\4Si.340.13mm_1000x,POPRAWNE_ADI\4Si.340.13mm_1000x\4Si_950-60-340-120_13mm_1000x-051.jpg,4Si_950-60-340-120_13mm_1000x-051.jpg,13.0,950,60,340,120,1303.3,1022.7,7.3,131.0,353.0,HB_nadpisane,3.0,4.1,0.36,0.01,0.04,0.043,0.05,0.07
4Si_950-60-340-120_13mm_*,poprawne_adi,4 Si,POPRAWNE_ADI\4Si.340.13mm_1000x,POPRAWNE_ADI\4Si.340.13mm_1000x\4Si_950-60-340-120_13mm_1000x-052.jpg,4Si_950-60-340-120_13mm_1000x-052.jpg,13.0,950,60,340,120,1303.3,1022.7,7.3,131.0,353.0,HB_nadpisane,3.0,4.1,0.36,0.01,0.04,0.043,0.05,0.07
4Si_950-60-340-120_13mm_*,poprawne_adi,4 Si,POPRAWNE_ADI\4Si.340.13mm_1000x,POPRAWNE_ADI\4Si.340.13mm_1000x\4Si_950-60-340-120_13mm_1000x-053.jpg,4Si_950-60-340-120_13mm_1000x-053.jpg,13.0,950,60,340,120,1303.3,1022.7,7.3,131.0,353.0,HB_nadpisane,3.0,4.1,0.36,0.01,0.04,0.043,0.05,0.07
4Si_950-60-340-120_13mm_*,poprawne_adi,4 Si,POPRAWNE_ADI\4Si.340.13mm_1000x,POPRAWNE_ADI\4Si.340.13mm_1000x\4Si_950-60-340-120_13mm_1000x-054.jpg,4Si_950-60-340-120_13mm_1000x-054.jpg,13.0,950,60,340,120,1303.3,1022.7,7.3,131.0,353.0,HB_nadpisane,3.0,4.1,0.36,0.01,0.04,0.043,0.05,0.07
4Si_950-60-340-120_13mm_*,poprawne_adi,4 Si,POPRAWNE_ADI\4Si.340.13mm_1000x,POPRAWNE_ADI\4Si.340.13mm_1000x\4Si_950-60-340-120_13mm_1000x-055.jpg,4Si_950-60-340-120_13mm_1000x-055.jpg,13.0,950,60,340,120,1303.3,1022.7,7.3,131.0,353.0,HB_nadpisane,3.0,4.1,0.36,0.01,0.04,0.043,0.05,0.07
4Si_950-60-340-120_13mm_*,poprawne_adi,4 Si,POPRAWNE_ADI\4Si.340.13mm_1000x,POPRAWNE_ADI\4Si.340.13mm_1000x\4Si_950-60-340-120_13mm_1000x-056.jpg,4Si_950-60-340-120_13mm_1000x-056.jpg,13.0,950,60,340,120,1303.3,1022.7,7.3,131.0,353.0,HB_nadpisane,3.0,4.1,0.36,0.01,0.04,0.043,0.05,0.07
4Si_950-60-340-120_13mm_*,poprawne_adi,4 Si,POPRAWNE_ADI\4Si.340.13mm_1000x,POPRAWNE_ADI\4Si.340.13mm_1000x\4Si_950-60-340-120_13mm_1000x-057.jpg,4Si_950-60-340-120_13mm_1000x-057.jpg,13.0,950,60,340,120,1303.3,1022.7,7.3,131.0,353.0,HB_nadpisane,3.0,4.1,0.36,0.01,0.04,0.043,0.05,0.07
4Si_950-60-340-120_13mm_*,poprawne_adi,4 Si,POPRAWNE_ADI\4Si.340.13mm_1000x,POPRAWNE_ADI\4Si.340.13mm_1000x\4Si_950-60-340-120_13mm_1000x-058.jpg,4Si_950-60-340-120_13mm_1000x-058.jpg,13.0,950,60,340,120,1303.3,1022.7,7.3,131.0,353.0,HB_nadpisane,3.0,4.1,0.36,0.01,0.04,0.043,0.05,0.07
4Si_950-60-340-120_13mm_*,poprawne_adi,4 Si,POPRAWNE_ADI\4Si.340.13mm_1000x,POPRAWNE_ADI\4Si.340.13mm_1000x\4Si_950-60-340-120_13mm_1000x-059.jpg,4Si_950-60-340-120_13mm_1000x-059.jpg,13.0,950,60,340,120,1303.3,1022.7,7.3,131.0,353.0,HB_nadpisane,3.0,4.1,0.36,0.01,0.04,0.043,0.05,0.07
4Si_950-60-340-120_13mm_*,poprawne_adi,4 Si,POPRAWNE_ADI\4Si.340.13mm_1000x,POPRAWNE_ADI\4Si.340.13mm_1000x\4Si_950-60-340-120_13mm_1000x-060.jpg,4Si_950-60-340-120_13mm_1000x-060.jpg,13.0,950,60,340,120,1303.3,1022.7,7.3,131.0,353.0,HB_nadpisane,3.0,4.1,0.36,0.01,0.04,0.043,0.05,0.07
4Si_950-60-340-120_13mm_*,poprawne_adi,4 Si,POPRAWNE_ADI\4Si.340.13mm_1000x,POPRAWNE_ADI\4Si.340.13mm_1000x\4Si_950-60-340-120_13mm_1000x-061.jpg,4Si_950-60-340-120_13mm_1000x-061.jpg,13.0,950,60,340,120,1303.3,1022.7,7.3,131.0,353.0,HB_nadpisane,3.0,4.1,0.36,0.01,0.04,0.043,0.05,0.07
4Si_950-60-340-120_13mm_*,poprawne_adi,4 Si,POPRAWNE_ADI\4Si.340.13mm_1000x,POPRAWNE_ADI\4Si.340.13mm_1000x\4Si_950-60-340-120_13mm_1000x-062.jpg,4Si_950-60-340-120_13mm_1000x-062.jpg,13.0,950,60,340,120,1303.3,1022.7,7.3,131.0,353.0,HB_nadpisane,3.0,4.1,0.36,0.01,0.04,0.043,0.05,0.07
4Si_950-60-340-120_13mm_*,poprawne_adi,4 Si,POPRAWNE_ADI\4Si.340.13mm_1000x,POPRAWNE_ADI\4Si.340.13mm_1000x\4Si_950-60-340-120_13mm_1000x-063.jpg,4Si_950-60-340-120_13mm_1000x-063.jpg,13.0,950,60,340,120,1303.3,1022.7,7.3,131.0,353.0,HB_nadpisane,3.0,4.1,0.36,0.01,0.04,0.043,0.05,0.07
4Si_950-60-340-120_13mm_*,poprawne_adi,4 Si,POPRAWNE_ADI\4Si.340.13mm_1000x,POPRAWNE_ADI\4Si.340.13mm_1000x\4Si_950-60-340-120_13mm_1000x-064.jpg,4Si_950-60-340-120_13mm_1000x-064.jpg,13.0,950,60,340,120,1303.3,1022.7,7.3,131.0,353.0,HB_nadpisane,3.0,4.1,0.36,0.01,0.04,0.043,0.05,0.07
4Si_950-60-340-120_13mm_*,poprawne_adi,4 Si,POPRAWNE_ADI\4Si.340.13mm_1000x,POPRAWNE_ADI\4Si.340.13mm_1000x\4Si_950-60-340-120_13mm_1000x-065.jpg,4Si_950-60-340-120_13mm_1000x-065.jpg,13.0,950,60,340,120,1303.3,1022.7,7.3,131.0,353.0,HB_nadpisane,3.0,4.1,0.36,0.01,0.04,0.043,0.05,0.07
4Si_950-60-340-120_13mm_*,poprawne_adi,4 Si,POPRAWNE_ADI\4Si.340.13mm_1000x,POPRAWNE_ADI\4Si.340.13mm_1000x\4Si_950-60-340-120_13mm_1000x-066.jpg,4Si_950-60-340-120_13mm_1000x-066.jpg,13.0,950,60,340,120,1303.3,1022.7,7.3,131.0,353.0,HB_nadpisane,3.0,4.1,0.36,0.01,0.04,0.043,0.05,0.07
4Si_950-60-340-120_13mm_*,poprawne_adi,4 Si,POPRAWNE_ADI\4Si.340.13mm_1000x,POPRAWNE_ADI\4Si.340.13mm_1000x\4Si_950-60-340-120_13mm_1000x-067.jpg,4Si_950-60-340-120_13mm_1000x-067.jpg,13.0,950,60,340,120,1303.3,1022.7,7.3,131.0,353.0,HB_nadpisane,3.0,4.1,0.36,0.01,0.04,0.043,0.05,0.07
4Si_950-60-340-120_13mm_*,poprawne_adi,4 Si,POPRAWNE_ADI\4Si.340.13mm_1000x,POPRAWNE_ADI\4Si.340.13mm_1000x\4Si_950-60-340-120_13mm_1000x-068.jpg,4Si_950-60-340-120_13mm_1000x-068.jpg,13.0,950,60,340,120,1303.3,1022.7,7.3,131.0,353.0,HB_nadpisane,3.0,4.1,0.36,0.01,0.04,0.043,0.05,0.07
4Si_950-60-340-120_13mm_*,poprawne_adi,4 Si,POPRAWNE_ADI\4Si.340.13mm_1000x,POPRAWNE_ADI\4Si.340.13mm_1000x\4Si_950-60-340-120_13mm_1000x-069.jpg,4Si_950-60-340-120_13mm_1000x-069.jpg,13.0,950,60,340,120,1303.3,1022.7,7.3,131.0,353.0,HB_nadpisane,3.0,4.1,0.36,0.01,0.04,0.043,0.05,0.07
4Si_950-60-340-120_13mm_*,poprawne_adi,4 Si,POPRAWNE_ADI\4Si.340.13mm_1000x,POPRAWNE_ADI\4Si.340.13mm_1000x\4Si_950-60-340-120_13mm_1000x-070.jpg,4Si_950-60-340-120_13mm_1000x-070.jpg,13.0,950,60,340,120,1303.3,1022.7,7.3,131.0,353.0,HB_nadpisane,3.0,4.1,0.36,0.01,0.04,0.043,0.05,0.07
4Si_950-60-340-120_13mm_*,poprawne_adi,4 Si,POPRAWNE_ADI\4Si.340.13mm_1000x,POPRAWNE_ADI\4Si.340.13mm_1000x\4Si_950-60-340-120_13mm_1000x-071.jpg,4Si_950-60-340-120_13mm_1000x-071.jpg,13.0,950,60,340,120,1303.3,1022.7,7.3,131.0,353.0,HB_nadpisane,3.0,4.1,0.36,0.01,0.04,0.043,0.05,0.07
4Si_950-60-340-120_13mm_*,poprawne_adi,4 Si,POPRAWNE_ADI\4Si.340.13mm_1000x,POPRAWNE_ADI\4Si.340.13mm_1000x\4Si_950-60-340-120_13mm_1000x-072.jpg,4Si_950-60-340-120_13mm_1000x-072.jpg,13.0,950,60,340,120,1303.3,1022.7,7.3,131.0,353.0,HB_nadpisane,3.0,4.1,0.36,0.01,0.04,0.043,0.05,0.07
4Si_950-60-340-120_13mm_*,poprawne_adi,4 Si,POPRAWNE_ADI\4Si.340.13mm_1000x,POPRAWNE_ADI\4Si.340.13mm_1000x\4Si_950-60-340-120_13mm_1000x-073.jpg,4Si_950-60-340-120_13mm_1000x-073.jpg,13.0,950,60,340,120,1303.3,1022.7,7.3,131.0,353.0,HB_nadpisane,3.0,4.1,0.36,0.01,0.04,0.043,0.05,0.07
4Si_950-60-340-120_13mm_*,poprawne_adi,4 Si,POPRAWNE_ADI\4Si.340.13mm_1000x,POPRAWNE_ADI\4Si.340.13mm_1000x\4Si_950-60-340-120_13mm_1000x-074.jpg,4Si_950-60-340-120_13mm_1000x-074.jpg,13.0,950,60,340,120,1303.3,1022.7,7.3,131.0,353.0,HB_nadpisane,3.0,4.1,0.36,0.01,0.04,0.043,0.05,0.07
4Si_950-60-340-120_13mm_*,poprawne_adi,4 Si,POPRAWNE_ADI\4Si.340.13mm_1000x,POPRAWNE_ADI\4Si.340.13mm_1000x\4Si_950-60-340-120_13mm_1000x-075.jpg,4Si_950-60-340-120_13mm_1000x-075.jpg,13.0,950,60,340,120,1303.3,1022.7,7.3,131.0,353.0,HB_nadpisane,3.0,4.1,0.36,0.01,0.04,0.043,0.05,0.07
4Si_950-60-340-120_13mm_*,poprawne_adi,4 Si,POPRAWNE_ADI\4Si.340.13mm_1000x,POPRAWNE_ADI\4Si.340.13mm_1000x\4Si_950-60-340-120_13mm_1000x-076.jpg,4Si_950-60-340-120_13mm_1000x-076.jpg,13.0,950,60,340,120,1303.3,1022.7,7.3,131.0,353.0,HB_nadpisane,3.0,4.1,0.36,0.01,0.04,0.043,0.05,0.07
4Si_950-60-340-120_13mm_*,poprawne_adi,4 Si,POPRAWNE_ADI\4Si.340.13mm_1000x,POPRAWNE_ADI\4Si.340.13mm_1000x\4Si_950-60-340-120_13mm_1000x-077.jpg,4Si_950-60-340-120_13mm_1000x-077.jpg,13.0,950,60,340,120,1303.3,1022.7,7.3,131.0,353.0,HB_nadpisane,3.0,4.1,0.36,0.01,0.04,0.043,0.05,0.07
4Si_950-60-340-120_13mm_*,poprawne_adi,4 Si,POPRAWNE_ADI\4Si.340.13mm_1000x,POPRAWNE_ADI\4Si.340.13mm_1000x\4Si_950-60-340-120_13mm_1000x-078.jpg,4Si_950-60-340-120_13mm_1000x-078.jpg,13.0,950,60,340,120,1303.3,1022.7,7.3,131.0,353.0,HB_nadpisane,3.0,4.1,0.36,0.01,0.04,0.043,0.05,0.07
4Si_950-60-340-120_13mm_*,poprawne_adi,4 Si,POPRAWNE_ADI\4Si.340.13mm_1000x,POPRAWNE_ADI\4Si.340.13mm_1000x\4Si_950-60-340-120_13mm_1000x-079.jpg,4Si_950-60-340-120_13mm_1000x-079.jpg,13.0,950,60,340,120,1303.3,1022.7,7.3,131.0,353.0,HB_nadpisane,3.0,4.1,0.36,0.01,0.04,0.043,0.05,0.07
4Si_950-60-340-120_13mm_*,poprawne_adi,4 Si,POPRAWNE_ADI\4Si.340.13mm_1000x,POPRAWNE_ADI\4Si.340.13mm_1000x\4Si_950-60-340-120_13mm_1000x-080.jpg,4Si_950-60-340-120_13mm_1000x-080.jpg,13.0,950,60,340,120,1303.3,1022.7,7.3,131.0,353.0,HB_nadpisane,3.0,4.1,0.36,0.01,0.04,0.043,0.05,0.07
4Si_950-60-340-120_13mm_*,poprawne_adi,4 Si,POPRAWNE_ADI\4Si.340.13mm_1000x,POPRAWNE_ADI\4Si.340.13mm_1000x\4Si_950-60-340-120_13mm_1000x-081.jpg,4Si_950-60-340-120_13mm_1000x-081.jpg,13.0,950,60,340,120,1303.3,1022.7,7.3,131.0,353.0,HB_nadpisane,3.0,4.1,0.36,0.01,0.04,0.043,0.05,0.07
4Si_950-60-340-120_13mm_*,poprawne_adi,4 Si,POPRAWNE_ADI\4Si.340.13mm_1000x,POPRAWNE_ADI\4Si.340.13mm_1000x\4Si_950-60-340-120_13mm_1000x-082.jpg,4Si_950-60-340-120_13mm_1000x-082.jpg,13.0,950,60,340,120,1303.3,1022.7,7.3,131.0,353.0,HB_nadpisane,3.0,4.1,0.36,0.01,0.04,0.043,0.05,0.07
4Si_950-60-340-120_13mm_*,poprawne_adi,4 Si,POPRAWNE_ADI\4Si.340.13mm_1000x,POPRAWNE_ADI\4Si.340.13mm_1000x\4Si_950-60-340-120_13mm_1000x-083.jpg,4Si_950-60-340-120_13mm_1000x-083.jpg,13.0,950,60,340,120,1303.3,1022.7,7.3,131.0,353.0,HB_nadpisane,3.0,4.1,0.36,0.01,0.04,0.043,0.05,0.07
4Si_950-60-340-120_13mm_*,poprawne_adi,4 Si,POPRAWNE_ADI\4Si.340.13mm_1000x,POPRAWNE_ADI\4Si.340.13mm_1000x\4Si_950-60-340-120_13mm_1000x-084.jpg,4Si_950-60-340-120_13mm_1000x-084.jpg,13.0,950,60,340,120,1303.3,1022.7,7.3,131.0,353.0,HB_nadpisane,3.0,4.1,0.36,0.01,0.04,0.043,0.05,0.07
4Si_950-60-340-120_13mm_*,poprawne_adi,4 Si,POPRAWNE_ADI\4Si.340.13mm_1000x,POPRAWNE_ADI\4Si.340.13mm_1000x\4Si_950-60-340-120_13mm_1000x-085.jpg,4Si_950-60-340-120_13mm_1000x-085.jpg,13.0,950,60,340,120,1303.3,1022.7,7.3,131.0,353.0,HB_nadpisane,3.0,4.1,0.36,0.01,0.04,0.043,0.05,0.07
4Si_950-60-340-120_13mm_*,poprawne_adi,4 Si,POPRAWNE_ADI\4Si.340.13mm_1000x,POPRAWNE_ADI\4Si.340.13mm_1000x\4Si_950-60-340-120_13mm_1000x-086.jpg,4Si_950-60-340-120_13mm_1000x-086.jpg,13.0,950,60,340,120,1303.3,1022.7,7.3,131.0,353.0,HB_nadpisane,3.0,4.1,0.36,0.01,0.04,0.043,0.05,0.07
4Si_950-60-340-120_13mm_*,poprawne_adi,4 Si,POPRAWNE_ADI\4Si.340.13mm_1000x,POPRAWNE_ADI\4Si.340.13mm_1000x\4Si_950-60-340-120_13mm_1000x-087.jpg,4Si_950-60-340-120_13mm_1000x-087.jpg,13.0,950,60,340,120,1303.3,1022.7,7.3,131.0,353.0,HB_nadpisane,3.0,4.1,0.36,0.01,0.04,0.043,0.05,0.07
4Si_950-60-340-120_13mm_*,poprawne_adi,4 Si,POPRAWNE_ADI\4Si.340.13mm_1000x,POPRAWNE_ADI\4Si.340.13mm_1000x\4Si_950-60-340-120_13mm_1000x-088.jpg,4Si_950-60-340-120_13mm_1000x-088.jpg,13.0,950,60,340,120,1303.3,1022.7,7.3,131.0,353.0,HB_nadpisane,3.0,4.1,0.36,0.01,0.04,0.043,0.05,0.07
4Si_950-60-340-120_13mm_*,poprawne_adi,4 Si,POPRAWNE_ADI\4Si.340.13mm_1000x,POPRAWNE_ADI\4Si.340.13mm_1000x\4Si_950-60-340-120_13mm_1000x-089.jpg,4Si_950-60-340-120_13mm_1000x-089.jpg,13.0,950,60,340,120,1303.3,1022.7,7.3,131.0,353.0,HB_nadpisane,3.0,4.1,0.36,0.01,0.04,0.043,0.05,0.07
4Si_950-60-340-120_13mm_*,poprawne_adi,4 Si,POPRAWNE_ADI\4Si.340.13mm_1000x,POPRAWNE_ADI\4Si.340.13mm_1000x\4Si_950-60-340-120_13mm_1000x-090.jpg,4Si_950-60-340-120_13mm_1000x-090.jpg,13.0,950,60,340,120,1303.3,1022.7,7.3,131.0,353.0,HB_nadpisane,3.0,4.1,0.36,0.01,0.04,0.043,0.05,0.07
4Si_950-60-340-120_13mm_*,poprawne_adi,4 Si,POPRAWNE_ADI\4Si.340.13mm_1000x,POPRAWNE_ADI\4Si.340.13mm_1000x\4Si_950-60-340-120_13mm_1000x-091.jpg,4Si_950-60-340-120_13mm_1000x-091.jpg,13.0,950,60,340,120,1303.3,1022.7,7.3,131.0,353.0,HB_nadpisane,3.0,4.1,0.36,0.01,0.04,0.043,0.05,0.07
4Si_950-60-340-120_13mm_*,poprawne_adi,4 Si,POPRAWNE_ADI\4Si.340.13mm_1000x,POPRAWNE_ADI\4Si.340.13mm_1000x\4Si_950-60-340-120_13mm_1000x-092.jpg,4Si_950-60-340-120_13mm_1000x-092.jpg,13.0,950,60,340,120,1303.3,1022.7,7.3,131.0,353.0,HB_nadpisane,3.0,4.1,0.36,0.01,0.04,0.043,0.05,0.07
4Si_950-60-340-120_13mm_*,poprawne_adi,4 Si,POPRAWNE_ADI\4Si.340.13mm_1000x,POPRAWNE_ADI\4Si.340.13mm_1000x\4Si_950-60-340-120_13mm_1000x-093.jpg,4Si_950-60-340-120_13mm_1000x-093.jpg,13.0,950,60,340,120,1303.3,1022.7,7.3,131.0,353.0,HB_nadpisane,3.0,4.1,0.36,0.01,0.04,0.043,0.05,0.07
4Si_950-60-340-120_13mm_*,poprawne_adi,4 Si,POPRAWNE_ADI\4Si.340.13mm_1000x,POPRAWNE_ADI\4Si.340.13mm_1000x\4Si_950-60-340-120_13mm_1000x-094.jpg,4Si_950-60-340-120_13mm_1000x-094.jpg,13.0,950,60,340,120,1303.3,1022.7,7.3,131.0,353.0,HB_nadpisane,3.0,4.1,0.36,0.01,0.04,0.043,0.05,0.07
4Si_950-60-340-120_13mm_*,poprawne_adi,4 Si,POPRAWNE_ADI\4Si.340.13mm_1000x,POPRAWNE_ADI\4Si.340.13mm_1000x\4Si_950-60-340-120_13mm_1000x-095.jpg,4Si_950-60-340-120_13mm_1000x-095.jpg,13.0,950,60,340,120,1303.3,1022.7,7.3,131.0,353.0,HB_nadpisane,3.0,4.1,0.36,0.01,0.04,0.043,0.05,0.07
4Si_950-60-340-120_13mm_*,poprawne_adi,4 Si,POPRAWNE_ADI\4Si.340.13mm_1000x,POPRAWNE_ADI\4Si.340.13mm_1000x\4Si_950-60-340-120_13mm_1000x-096.jpg,4Si_950-60-340-120_13mm_1000x-096.jpg,13.0,950,60,340,120,1303.3,1022.7,7.3,131.0,353.0,HB_nadpisane,3.0,4.1,0.36,0.01,0.04,0.043,0.05,0.07
4Si_950-60-340-120_13mm_*,poprawne_adi,4 Si,POPRAWNE_ADI\4Si.340.13mm_1000x,POPRAWNE_ADI\4Si.340.13mm_1000x\4Si_950-60-340-120_13mm_1000x-097.jpg,4Si_950-60-340-120_13mm_1000x-097.jpg,13.0,950,60,340,120,1303.3,1022.7,7.3,131.0,353.0,HB_nadpisane,3.0,4.1,0.36,0.01,0.04,0.043,0.05,0.07
4Si_950-60-340-120_13mm_*,poprawne_adi,4 Si,POPRAWNE_ADI\4Si.340.13mm_1000x,POPRAWNE_ADI\4Si.340.13mm_1000x\4Si_950-60-340-120_13mm_1000x-098.jpg,4Si_950-60-340-120_13mm_1000x-098.jpg,13.0,950,60,340,120,1303.3,1022.7,7.3,131.0,353.0,HB_nadpisane,3.0,4.1,0.36,0.01,0.04,0.043,0.05,0.07
4Si_950-60-340-120_13mm_*,poprawne_adi,4 Si,POPRAWNE_ADI\4Si.340.13mm_1000x,POPRAWNE_ADI\4Si.340.13mm_1000x\4Si_950-60-340-120_13mm_1000x-099.jpg,4Si_950-60-340-120_13mm_1000x-099.jpg,13.0,950,60,340,120,1303.3,1022.7,7.3,131.0,353.0,HB_nadpisane,3.0,4.1,0.36,0.01,0.04,0.043,0.05,0.07
4Si_950-60-340-120_13mm_*,poprawne_adi,4 Si,POPRAWNE_ADI\4Si.340.13mm_1000x,POPRAWNE_ADI\4Si.340.13mm_1000x\4Si_950-60-340-120_13mm_1000x-100.jpg,4Si_950-60-340-120_13mm_1000x-100.jpg,13.0,950,60,340,120,1303.3,1022.7,7.3,131.0,353.0,HB_nadpisane,3.0,4.1,0.36,0.01,0.04,0.043,0.05,0.07
4Si_950-60-340-120_13mm_*,poprawne_adi,4 Si,POPRAWNE_ADI\4Si.340.13mm_1000x,POPRAWNE_ADI\4Si.340.13mm_1000x\4Si_950-60-340-120_13mm_1000x-101.jpg,4Si_950-60-340-120_13mm_1000x-101.jpg,13.0,950,60,340,120,1303.3,1022.7,7.3,131.0,353.0,HB_nadpisane,3.0,4.1,0.36,0.01,0.04,0.043,0.05,0.07
4Si_950-60-340-120_13mm_*,poprawne_adi,4 Si,POPRAWNE_ADI\4Si.340.13mm_1000x,POPRAWNE_ADI\4Si.340.13mm_1000x\4Si_950-60-340-120_13mm_1000x-102.jpg,4Si_950-60-340-120_13mm_1000x-102.jpg,13.0,950,60,340,120,1303.3,1022.7,7.3,131.0,353.0,HB_nadpisane,3.0,4.1,0.36,0.01,0.04,0.043,0.05,0.07
4Si_950-60-340-120_13mm_*,poprawne_adi,4 Si,POPRAWNE_ADI\4Si.340.13mm_1000x,POPRAWNE_ADI\4Si.340.13mm_1000x\4Si_950-60-340-120_13mm_1000x-103.jpg,4Si_950-60-340-120_13mm_1000x-103.jpg,13.0,950,60,340,120,1303.3,1022.7,7.3,131.0,353.0,HB_nadpisane,3.0,4.1,0.36,0.01,0.04,0.043,0.05,0.07
4Si_950-60-340-120_13mm_*,poprawne_adi,4 Si,POPRAWNE_ADI\4Si.340.13mm_1000x,POPRAWNE_ADI\4Si.340.13mm_1000x\4Si_950-60-340-120_13mm_1000x-104.jpg,4Si_950-60-340-120_13mm_1000x-104.jpg,13.0,950,60,340,120,1303.3,1022.7,7.3,131.0,353.0,HB_nadpisane,3.0,4.1,0.36,0.01,0.04,0.043,0.05,0.07
4Si_950-60-340-120_13mm_*,poprawne_adi,4 Si,POPRAWNE_ADI\4Si.340.13mm_1000x,POPRAWNE_ADI\4Si.340.13mm_1000x\4Si_950-60-340-120_13mm_1000x-105.jpg,4Si_950-60-340-120_13mm_1000x-105.jpg,13.0,950,60,340,120,1303.3,1022.7,7.3,131.0,353.0,HB_nadpisane,3.0,4.1,0.36,0.01,0.04,0.043,0.05,0.07
4Si_950-60-340-120_13mm_*,poprawne_adi,4 Si,POPRAWNE_ADI\4Si.340.13mm_1000x,POPRAWNE_ADI\4Si.340.13mm_1000x\4Si_950-60-340-120_13mm_1000x-106.jpg,4Si_950-60-340-120_13mm_1000x-106.jpg,13.0,950,60,340,120,1303.3,1022.7,7.3,131.0,353.0,HB_nadpisane,3.0,4.1,0.36,0.01,0.04,0.043,0.05,0.07
4Si_950-60-340-120_13mm_*,poprawne_adi,4 Si,POPRAWNE_ADI\4Si.340.13mm_1000x,POPRAWNE_ADI\4Si.340.13mm_1000x\4Si_950-60-340-120_13mm_1000x-107.jpg,4Si_950-60-340-120_13mm_1000x-107.jpg,13.0,950,60,340,120,1303.3,1022.7,7.3,131.0,353.0,HB_nadpisane,3.0,4.1,0.36,0.01,0.04,0.043,0.05,0.07
4Si_950-60-340-120_13mm_*,poprawne_adi,4 Si,POPRAWNE_ADI\4Si.340.13mm_1000x,POPRAWNE_ADI\4Si.340.13mm_1000x\4Si_950-60-340-120_13mm_1000x-108.jpg,4Si_950-60-340-120_13mm_1000x-108.jpg,13.0,950,60,340,120,1303.3,1022.7,7.3,131.0,353.0,HB_nadpisane,3.0,4.1,0.36,0.01,0.04,0.043,0.05,0.07
4Si_950-60-340-120_13mm_*,poprawne_adi,4 Si,POPRAWNE_ADI\4Si.340.13mm_1000x,POPRAWNE_ADI\4Si.340.13mm_1000x\4Si_950-60-340-120_13mm_1000x-109.jpg,4Si_950-60-340-120_13mm_1000x-109.jpg,13.0,950,60,340,120,1303.3,1022.7,7.3,131.0,353.0,HB_nadpisane,3.0,4.1,0.36,0.01,0.04,0.043,0.05,0.07
4Si_950-60-340-120_13mm_*,poprawne_adi,4 Si,POPRAWNE_ADI\4Si.340.13mm_1000x,POPRAWNE_ADI\4Si.340.13mm_1000x\4Si_950-60-340-120_13mm_1000x-110.jpg,4Si_950-60-340-120_13mm_1000x-110.jpg,13.0,950,60,340,120,1303.3,1022.7,7.3,131.0,353.0,HB_nadpisane,3.0,4.1,0.36,0.01,0.04,0.043,0.05,0.07
4Si_950-60-340-120_13mm_*,poprawne_adi,4 Si,POPRAWNE_ADI\4Si.340.13mm_1000x,POPRAWNE_ADI\4Si.340.13mm_1000x\4Si_950-60-340-120_13mm_1000x-111.jpg,4Si_950-60-340-120_13mm_1000x-111.jpg,13.0,950,60,340,120,1303.3,1022.7,7.3,131.0,353.0,HB_nadpisane,3.0,4.1,0.36,0.01,0.04,0.043,0.05,0.07
4Si_950-60-340-120_13mm_*,poprawne_adi,4 Si,POPRAWNE_ADI\4Si.340.13mm_1000x,POPRAWNE_ADI\4Si.340.13mm_1000x\4Si_950-60-340-120_13mm_1000x-112.jpg,4Si_950-60-340-120_13mm_1000x-112.jpg,13.0,950,60,340,120,1303.3,1022.7,7.3,131.0,353.0,HB_nadpisane,3.0,4.1,0.36,0.01,0.04,0.043,0.05,0.07
4Si_950-60-340-120_13mm_*,poprawne_adi,4 Si,POPRAWNE_ADI\4Si.340.13mm_1000x,POPRAWNE_ADI\4Si.340.13mm_1000x\4Si_950-60-340-120_13mm_1000x-113.jpg,4Si_950-60-340-120_13mm_1000x-113.jpg,13.0,950,60,340,120,1303.3,1022.7,7.3,131.0,353.0,HB_nadpisane,3.0,4.1,0.36,0.01,0.04,0.043,0.05,0.07
4Si_950-60-340-120_13mm_*,poprawne_adi,4 Si,POPRAWNE_ADI\4Si.340.13mm_1000x,POPRAWNE_ADI\4Si.340.13mm_1000x\4Si_950-60-340-120_13mm_1000x-114.jpg,4Si_950-60-340-120_13mm_1000x-114.jpg,13.0,950,60,340,120,1303.3,1022.7,7.3,131.0,353.0,HB_nadpisane,3.0,4.1,0.36,0.01,0.04,0.043,0.05,0.07
4Si_950-60-340-120_13mm_*,poprawne_adi,4 Si,POPRAWNE_ADI\4Si.340.13mm_1000x,POPRAWNE_ADI\4Si.340.13mm_1000x\4Si_950-60-340-120_13mm_1000x-115.jpg,4Si_950-60-340-120_13mm_1000x-115.jpg,13.0,950,60,340,120,1303.3,1022.7,7.3,131.0,353.0,HB_nadpisane,3.0,4.1,0.36,0.01,0.04,0.043,0.05,0.07
4Si_950-60-340-120_13mm_*,poprawne_adi,4 Si,POPRAWNE_ADI\4Si.340.13mm_1000x,POPRAWNE_ADI\4Si.340.13mm_1000x\4Si_950-60-340-120_13mm_1000x-116.jpg,4Si_950-60-340-120_13mm_1000x-116.jpg,13.0,950,60,340,120,1303.3,1022.7,7.3,131.0,353.0,HB_nadpisane,3.0,4.1,0.36,0.01,0.04,0.043,0.05,0.07
4Si_950-60-340-120_13mm_*,poprawne_adi,4 Si,POPRAWNE_ADI\4Si.340.13mm_1000x,POPRAWNE_ADI\4Si.340.13mm_1000x\4Si_950-60-340-120_13mm_1000x-117.jpg,4Si_950-60-340-120_13mm_1000x-117.jpg,13.0,950,60,340,120,1303.3,1022.7,7.3,131.0,353.0,HB_nadpisane,3.0,4.1,0.36,0.01,0.04,0.043,0.05,0.07
4Si_950-60-340-120_13mm_*,poprawne_adi,4 Si,POPRAWNE_ADI\4Si.340.13mm_1000x,POPRAWNE_ADI\4Si.340.13mm_1000x\4Si_950-60-340-120_13mm_1000x-118.jpg,4Si_950-60-340-120_13mm_1000x-118.jpg,13.0,950,60,340,120,1303.3,1022.7,7.3,131.0,353.0,HB_nadpisane,3.0,4.1,0.36,0.01,0.04,0.043,0.05,0.07
4Si_950-60-340-120_13mm_*,poprawne_adi,4 Si,POPRAWNE_ADI\4Si.340.13mm_1000x,POPRAWNE_ADI\4Si.340.13mm_1000x\4Si_950-60-340-120_13mm_1000x-119.jpg,4Si_950-60-340-120_13mm_1000x-119.jpg,13.0,950,60,340,120,1303.3,1022.7,7.3,131.0,353.0,HB_nadpisane,3.0,4.1,0.36,0.01,0.04,0.043,0.05,0.07
4Si_950-60-340-120_13mm_*,poprawne_adi,4 Si,POPRAWNE_ADI\4Si.340.13mm_1000x,POPRAWNE_ADI\4Si.340.13mm_1000x\4Si_950-60-340-120_13mm_1000x-120.jpg,4Si_950-60-340-120_13mm_1000x-120.jpg,13.0,950,60,340,120,1303.3,1022.7,7.3,131.0,353.0,HB_nadpisane,3.0,4.1,0.36,0.01,0.04,0.043,0.05,0.07
4Si_950-60-340-120_13mm_*,poprawne_adi,4 Si,POPRAWNE_ADI\4Si.340.13mm_1000x,POPRAWNE_ADI\4Si.340.13mm_1000x\4Si_950-60-340-120_13mm_1000x-121.jpg,4Si_950-60-340-120_13mm_1000x-121.jpg,13.0,950,60,340,120,1303.3,1022.7,7.3,131.0,353.0,HB_nadpisane,3.0,4.1,0.36,0.01,0.04,0.043,0.05,0.07
4Si_950-60-340-120_13mm_*,poprawne_adi,4 Si,POPRAWNE_ADI\4Si.340.13mm_1000x,POPRAWNE_ADI\4Si.340.13mm_1000x\4Si_950-60-340-120_13mm_1000x-122.jpg,4Si_950-60-340-120_13mm_1000x-122.jpg,13.0,950,60,340,120,1303.3,1022.7,7.3,131.0,353.0,HB_nadpisane,3.0,4.1,0.36,0.01,0.04,0.043,0.05,0.07
4Si_950-60-340-120_13mm_*,poprawne_adi,4 Si,POPRAWNE_ADI\4Si.340.13mm_1000x,POPRAWNE_ADI\4Si.340.13mm_1000x\4Si_950-60-340-120_13mm_1000x-123.jpg,4Si_950-60-340-120_13mm_1000x-123.jpg,13.0,950,60,340,120,1303.3,1022.7,7.3,131.0,353.0,HB_nadpisane,3.0,4.1,0.36,0.01,0.04,0.043,0.05,0.07
4Si_950-60-340-120_13mm_*,poprawne_adi,4 Si,POPRAWNE_ADI\4Si.340.13mm_1000x,POPRAWNE_ADI\4Si.340.13mm_1000x\4Si_950-60-340-120_13mm_1000x-124.jpg,4Si_950-60-340-120_13mm_1000x-124.jpg,13.0,950,60,340,120,1303.3,1022.7,7.3,131.0,353.0,HB_nadpisane,3.0,4.1,0.36,0.01,0.04,0.043,0.05,0.07
4Si_950-60-340-120_13mm_*,poprawne_adi,4 Si,POPRAWNE_ADI\4Si.340.13mm_1000x,POPRAWNE_ADI\4Si.340.13mm_1000x\4Si_950-60-340-120_13mm_1000x-125.jpg,4Si_950-60-340-120_13mm_1000x-125.jpg,13.0,950,60,340,120,1303.3,1022.7,7.3,131.0,353.0,HB_nadpisane,3.0,4.1,0.36,0.01,0.04,0.043,0.05,0.07
4Si_950-60-340-120_13mm_*,poprawne_adi,4 Si,POPRAWNE_ADI\4Si.340.13mm_1000x,POPRAWNE_ADI\4Si.340.13mm_1000x\4Si_950-60-340-120_13mm_1000x-126.jpg,4Si_950-60-340-120_13mm_1000x-126.jpg,13.0,950,60,340,120,1303.3,1022.7,7.3,131.0,353.0,HB_nadpisane,3.0,4.1,0.36,0.01,0.04,0.043,0.05,0.07
4Si_950-60-340-120_13mm_*,poprawne_adi,4 Si,POPRAWNE_ADI\4Si.340.13mm_1000x,POPRAWNE_ADI\4Si.340.13mm_1000x\4Si_950-60-340-120_13mm_1000x-127.jpg,4Si_950-60-340-120_13mm_1000x-127.jpg,13.0,950,60,340,120,1303.3,1022.7,7.3,131.0,353.0,HB_nadpisane,3.0,4.1,0.36,0.01,0.04,0.043,0.05,0.07
4Si_950-60-340-120_13mm_*,poprawne_adi,4 Si,POPRAWNE_ADI\4Si.340.13mm_1000x,POPRAWNE_ADI\4Si.340.13mm_1000x\4Si_950-60-340-120_13mm_1000x-128.jpg,4Si_950-60-340-120_13mm_1000x-128.jpg,13.0,950,60,340,120,1303.3,1022.7,7.3,131.0,353.0,HB_nadpisane,3.0,4.1,0.36,0.01,0.04,0.043,0.05,0.07
4Si_950-60-340-120_13mm_*,poprawne_adi,4 Si,POPRAWNE_ADI\4Si.340.13mm_1000x,POPRAWNE_ADI\4Si.340.13mm_1000x\4Si_950-60-340-120_13mm_1000x-129.jpg,4Si_950-60-340-120_13mm_1000x-129.jpg,13.0,950,60,340,120,1303.3,1022.7,7.3,131.0,353.0,HB_nadpisane,3.0,4.1,0.36,0.01,0.04,0.043,0.05,0.07
4Si_950-60-340-120_13mm_*,poprawne_adi,4 Si,POPRAWNE_ADI\4Si.340.13mm_1000x,POPRAWNE_ADI\4Si.340.13mm_1000x\4Si_950-60-340-120_13mm_1000x-130.jpg,4Si_950-60-340-120_13mm_1000x-130.jpg,13.0,950,60,340,120,1303.3,1022.7,7.3,131.0,353.0,HB_nadpisane,3.0,4.1,0.36,0.01,0.04,0.043,0.05,0.07
4Si_950-60-340-120_13mm_*,poprawne_adi,4 Si,POPRAWNE_ADI\4Si.340.13mm_1000x,POPRAWNE_ADI\4Si.340.13mm_1000x\4Si_950-60-340-120_13mm_1000x-131.jpg,4Si_950-60-340-120_13mm_1000x-131.jpg,13.0,950,60,340,120,1303.3,1022.7,7.3,131.0,353.0,HB_nadpisane,3.0,4.1,0.36,0.01,0.04,0.043,0.05,0.07
4Si_950-60-340-120_13mm_*,poprawne_adi,4 Si,POPRAWNE_ADI\4Si.340.13mm_1000x,POPRAWNE_ADI\4Si.340.13mm_1000x\4Si_950-60-340-120_13mm_1000x-132.jpg,4Si_950-60-340-120_13mm_1000x-132.jpg,13.0,950,60,340,120,1303.3,1022.7,7.3,131.0,353.0,HB_nadpisane,3.0,4.1,0.36,0.01,0.04,0.043,0.05,0.07
4Si_950-60-340-120_13mm_*,poprawne_adi,4 Si,POPRAWNE_ADI\4Si.340.13mm_1000x,POPRAWNE_ADI\4Si.340.13mm_1000x\4Si_950-60-340-120_13mm_1000x-133.jpg,4Si_950-60-340-120_13mm_1000x-133.jpg,13.0,950,60,340,120,1303.3,1022.7,7.3,131.0,353.0,HB_nadpisane,3.0,4.1,0.36,0.01,0.04,0.043,0.05,0.07
4Si_950-60-340-120_13mm_*,poprawne_adi,4 Si,POPRAWNE_ADI\4Si.340.13mm_1000x,POPRAWNE_ADI\4Si.340.13mm_1000x\4Si_950-60-340-120_13mm_1000x-134.jpg,4Si_950-60-340-120_13mm_1000x-134.jpg,13.0,950,60,340,120,1303.3,1022.7,7.3,131.0,353.0,HB_nadpisane,3.0,4.1,0.36,0.01,0.04,0.043,0.05,0.07
4Si_950-60-340-120_13mm_*,poprawne_adi,4 Si,POPRAWNE_ADI\4Si.340.13mm_1000x,POPRAWNE_ADI\4Si.340.13mm_1000x\4Si_950-60-340-120_13mm_1000x-135.jpg,4Si_950-60-340-120_13mm_1000x-135.jpg,13.0,950,60,340,120,1303.3,1022.7,7.3,131.0,353.0,HB_nadpisane,3.0,4.1,0.36,0.01,0.04,0.043,0.05,0.07
4Si_950-60-340-120_13mm_*,poprawne_adi,4 Si,POPRAWNE_ADI\4Si.340.13mm_1000x,POPRAWNE_ADI\4Si.340.13mm_1000x\4Si_950-60-340-120_13mm_1000x-136.jpg,4Si_950-60-340-120_13mm_1000x-136.jpg,13.0,950,60,340,120,1303.3,1022.7,7.3,131.0,353.0,HB_nadpisane,3.0,4.1,0.36,0.01,0.04,0.043,0.05,0.07
4Si_950-60-340-120_13mm_*,poprawne_adi,4 Si,POPRAWNE_ADI\4Si.340.13mm_1000x,POPRAWNE_ADI\4Si.340.13mm_1000x\4Si_950-60-340-120_13mm_1000x-137.jpg,4Si_950-60-340-120_13mm_1000x-137.jpg,13.0,950,60,340,120,1303.3,1022.7,7.3,131.0,353.0,HB_nadpisane,3.0,4.1,0.36,0.01,0.04,0.043,0.05,0.07
4Si_950-60-340-120_13mm_*,poprawne_adi,4 Si,POPRAWNE_ADI\4Si.340.13mm_1000x,POPRAWNE_ADI\4Si.340.13mm_1000x\4Si_950-60-340-120_13mm_1000x-138.jpg,4Si_950-60-340-120_13mm_1000x-138.jpg,13.0,950,60,340,120,1303.3,1022.7,7.3,131.0,353.0,HB_nadpisane,3.0,4.1,0.36,0.01,0.04,0.043,0.05,0.07
4Si_950-60-340-120_13mm_*,poprawne_adi,4 Si,POPRAWNE_ADI\4Si.340.13mm_1000x,POPRAWNE_ADI\4Si.340.13mm_1000x\4Si_950-60-340-120_13mm_1000x-139.jpg,4Si_950-60-340-120_13mm_1000x-139.jpg,13.0,950,60,340,120,1303.3,1022.7,7.3,131.0,353.0,HB_nadpisane,3.0,4.1,0.36,0.01,0.04,0.043,0.05,0.07
4Si_950-60-340-120_13mm_*,poprawne_adi,4 Si,POPRAWNE_ADI\4Si.340.13mm_1000x,POPRAWNE_ADI\4Si.340.13mm_1000x\4Si_950-60-340-120_13mm_1000x-140.jpg,4Si_950-60-340-120_13mm_1000x-140.jpg,13.0,950,60,340,120,1303.3,1022.7,7.3,131.0,353.0,HB_nadpisane,3.0,4.1,0.36,0.01,0.04,0.043,0.05,0.07
4Si_950-60-340-120_13mm_*,poprawne_adi,4 Si,POPRAWNE_ADI\4Si.340.13mm_1000x,POPRAWNE_ADI\4Si.340.13mm_1000x\4Si_950-60-340-120_13mm_1000x-141.jpg,4Si_950-60-340-120_13mm_1000x-141.jpg,13.0,950,60,340,120,1303.3,1022.7,7.3,131.0,353.0,HB_nadpisane,3.0,4.1,0.36,0.01,0.04,0.043,0.05,0.07
4Si_950-60-340-120_13mm_*,poprawne_adi,4 Si,POPRAWNE_ADI\4Si.340.13mm_1000x,POPRAWNE_ADI\4Si.340.13mm_1000x\4Si_950-60-340-120_13mm_1000x-142.jpg,4Si_950-60-340-120_13mm_1000x-142.jpg,13.0,950,60,340,120,1303.3,1022.7,7.3,131.0,353.0,HB_nadpisane,3.0,4.1,0.36,0.01,0.04,0.043,0.05,0.07
4Si_950-60-340-120_13mm_*,poprawne_adi,4 Si,POPRAWNE_ADI\4Si.340.13mm_1000x,POPRAWNE_ADI\4Si.340.13mm_1000x\4Si_950-60-340-120_13mm_1000x-143.jpg,4Si_950-60-340-120_13mm_1000x-143.jpg,13.0,950,60,340,120,1303.3,1022.7,7.3,131.0,353.0,HB_nadpisane,3.0,4.1,0.36,0.01,0.04,0.043,0.05,0.07
4Si_950-60-340-120_13mm_*,poprawne_adi,4 Si,POPRAWNE_ADI\4Si.340.13mm_1000x,POPRAWNE_ADI\4Si.340.13mm_1000x\4Si_950-60-340-120_13mm_1000x-144.jpg,4Si_950-60-340-120_13mm_1000x-144.jpg,13.0,950,60,340,120,1303.3,1022.7,7.3,131.0,353.0,HB_nadpisane,3.0,4.1,0.36,0.01,0.04,0.043,0.05,0.07
4Si_950-60-340-120_13mm_*,poprawne_adi,4 Si,POPRAWNE_ADI\4Si.340.13mm_1000x,POPRAWNE_ADI\4Si.340.13mm_1000x\4Si_950-60-340-120_13mm_1000x-145.jpg,4Si_950-60-340-120_13mm_1000x-145.jpg,13.0,950,60,340,120,1303.3,1022.7,7.3,131.0,353.0,HB_nadpisane,3.0,4.1,0.36,0.01,0.04,0.043,0.05,0.07
4Si_950-60-340-120_13mm_*,poprawne_adi,4 Si,POPRAWNE_ADI\4Si.340.13mm_1000x,POPRAWNE_ADI\4Si.340.13mm_1000x\4Si_950-60-340-120_13mm_1000x-146.jpg,4Si_950-60-340-120_13mm_1000x-146.jpg,13.0,950,60,340,120,1303.3,1022.7,7.3,131.0,353.0,HB_nadpisane,3.0,4.1,0.36,0.01,0.04,0.043,0.05,0.07
4Si_950-60-340-120_13mm_*,poprawne_adi,4 Si,POPRAWNE_ADI\4Si.340.13mm_1000x,POPRAWNE_ADI\4Si.340.13mm_1000x\4Si_950-60-340-120_13mm_1000x-147.jpg,4Si_950-60-340-120_13mm_1000x-147.jpg,13.0,950,60,340,120,1303.3,1022.7,7.3,131.0,353.0,HB_nadpisane,3.0,4.1,0.36,0.01,0.04,0.043,0.05,0.07
4Si_950-60-340-120_13mm_*,poprawne_adi,4 Si,POPRAWNE_ADI\4Si.340.13mm_1000x,POPRAWNE_ADI\4Si.340.13mm_1000x\4Si_950-60-340-120_13mm_1000x-148.jpg,4Si_950-60-340-120_13mm_1000x-148.jpg,13.0,950,60,340,120,1303.3,1022.7,7.3,131.0,353.0,HB_nadpisane,3.0,4.1,0.36,0.01,0.04,0.043,0.05,0.07
4Si_950-60-340-120_13mm_*,poprawne_adi,4 Si,POPRAWNE_ADI\4Si.340.13mm_1000x,POPRAWNE_ADI\4Si.340.13mm_1000x\4Si_950-60-340-120_13mm_1000x-149.jpg,4Si_950-60-340-120_13mm_1000x-149.jpg,13.0,950,60,340,120,1303.3,1022.7,7.3,131.0,353.0,HB_nadpisane,3.0,4.1,0.36,0.01,0.04,0.043,0.05,0.07
4Si_950-60-340-120_13mm_*,poprawne_adi,4 Si,POPRAWNE_ADI\4Si.340.13mm_1000x,POPRAWNE_ADI\4Si.340.13mm_1000x\4Si_950-60-340-120_13mm_1000x-150.jpg,4Si_950-60-340-120_13mm_1000x-150.jpg,13.0,950,60,340,120,1303.3,1022.7,7.3,131.0,353.0,HB_nadpisane,3.0,4.1,0.36,0.01,0.04,0.043,0.05,0.07
4Si_950-60-340-120_13mm_*,poprawne_adi,4 Si,POPRAWNE_ADI\4Si.340.13mm_1000x,POPRAWNE_ADI\4Si.340.13mm_1000x\4Si_950-60-340-120_13mm_1000x-151.jpg,4Si_950-60-340-120_13mm_1000x-151.jpg,13.0,950,60,340,120,1303.3,1022.7,7.3,131.0,353.0,HB_nadpisane,3.0,4.1,0.36,0.01,0.04,0.043,0.05,0.07
4Si_950-60-340-120_13mm_*,poprawne_adi,4 Si,POPRAWNE_ADI\4Si.340.13mm_1000x,POPRAWNE_ADI\4Si.340.13mm_1000x\4Si_950-60-340-120_13mm_1000x-152.jpg,4Si_950-60-340-120_13mm_1000x-152.jpg,13.0,950,60,340,120,1303.3,1022.7,7.3,131.0,353.0,HB_nadpisane,3.0,4.1,0.36,0.01,0.04,0.043,0.05,0.07
4Si_950-60-340-120_13mm_*,poprawne_adi,4 Si,POPRAWNE_ADI\4Si.340.13mm_1000x,POPRAWNE_ADI\4Si.340.13mm_1000x\4Si_950-60-340-120_13mm_1000x-153.jpg,4Si_950-60-340-120_13mm_1000x-153.jpg,13.0,950,60,340,120,1303.3,1022.7,7.3,131.0,353.0,HB_nadpisane,3.0,4.1,0.36,0.01,0.04,0.043,0.05,0.07
4Si_950-60-340-120_13mm_*,poprawne_adi,4 Si,POPRAWNE_ADI\4Si.340.13mm_1000x,POPRAWNE_ADI\4Si.340.13mm_1000x\4Si_950-60-340-120_13mm_1000x-154.jpg,4Si_950-60-340-120_13mm_1000x-154.jpg,13.0,950,60,340,120,1303.3,1022.7,7.3,131.0,353.0,HB_nadpisane,3.0,4.1,0.36,0.01,0.04,0.043,0.05,0.07
4Si_950-60-340-120_13mm_*,poprawne_adi,4 Si,POPRAWNE_ADI\4Si.340.13mm_1000x,POPRAWNE_ADI\4Si.340.13mm_1000x\4Si_950-60-340-120_13mm_1000x-155.jpg,4Si_950-60-340-120_13mm_1000x-155.jpg,13.0,950,60,340,120,1303.3,1022.7,7.3,131.0,353.0,HB_nadpisane,3.0,4.1,0.36,0.01,0.04,0.043,0.05,0.07
4Si_950-60-340-120_13mm_*,poprawne_adi,4 Si,POPRAWNE_ADI\4Si.340.13mm_1000x,POPRAWNE_ADI\4Si.340.13mm_1000x\4Si_950-60-340-120_13mm_1000x-156.jpg,4Si_950-60-340-120_13mm_1000x-156.jpg,13.0,950,60,340,120,1303.3,1022.7,7.3,131.0,353.0,HB_nadpisane,3.0,4.1,0.36,0.01,0.04,0.043,0.05,0.07
4Si_950-60-340-120_13mm_*,poprawne_adi,4 Si,POPRAWNE_ADI\4Si.340.13mm_1000x,POPRAWNE_ADI\4Si.340.13mm_1000x\4Si_950-60-340-120_13mm_1000x-157.jpg,4Si_950-60-340-120_13mm_1000x-157.jpg,13.0,950,60,340,120,1303.3,1022.7,7.3,131.0,353.0,HB_nadpisane,3.0,4.1,0.36,0.01,0.04,0.043,0.05,0.07
4Si_950-60-340-120_13mm_*,poprawne_adi,4 Si,POPRAWNE_ADI\4Si.340.13mm_1000x,POPRAWNE_ADI\4Si.340.13mm_1000x\4Si_950-60-340-120_13mm_1000x-158.jpg,4Si_950-60-340-120_13mm_1000x-158.jpg,13.0,950,60,340,120,1303.3,1022.7,7.3,131.0,353.0,HB_nadpisane,3.0,4.1,0.36,0.01,0.04,0.043,0.05,0.07
4Si_950-60-340-120_13mm_*,poprawne_adi,4 Si,POPRAWNE_ADI\4Si.340.13mm_1000x,POPRAWNE_ADI\4Si.340.13mm_1000x\4Si_950-60-340-120_13mm_1000x-159.jpg,4Si_950-60-340-120_13mm_1000x-159.jpg,13.0,950,60,340,120,1303.3,1022.7,7.3,131.0,353.0,HB_nadpisane,3.0,4.1,0.36,0.01,0.04,0.043,0.05,0.07
4Si_950-60-340-120_13mm_*,poprawne_adi,4 Si,POPRAWNE_ADI\4Si.340.13mm_1000x,POPRAWNE_ADI\4Si.340.13mm_1000x\4Si_950-60-340-120_13mm_1000x-160.jpg,4Si_950-60-340-120_13mm_1000x-160.jpg,13.0,950,60,340,120,1303.3,1022.7,7.3,131.0,353.0,HB_nadpisane,3.0,4.1,0.36,0.01,0.04,0.043,0.05,0.07
4Si_950-60-340-120_13mm_*,poprawne_adi,4 Si,POPRAWNE_ADI\4Si.340.13mm_1000x,POPRAWNE_ADI\4Si.340.13mm_1000x\4Si_950-60-340-120_13mm_1000x-161.jpg,4Si_950-60-340-120_13mm_1000x-161.jpg,13.0,950,60,340,120,1303.3,1022.7,7.3,131.0,353.0,HB_nadpisane,3.0,4.1,0.36,0.01,0.04,0.043,0.05,0.07
4Si_950-60-340-120_13mm_*,poprawne_adi,4 Si,POPRAWNE_ADI\4Si.340.13mm_1000x,POPRAWNE_ADI\4Si.340.13mm_1000x\4Si_950-60-340-120_13mm_1000x-162.jpg,4Si_950-60-340-120_13mm_1000x-162.jpg,13.0,950,60,340,120,1303.3,1022.7,7.3,131.0,353.0,HB_nadpisane,3.0,4.1,0.36,0.01,0.04,0.043,0.05,0.07
4Si_950-60-340-120_13mm_*,poprawne_adi,4 Si,POPRAWNE_ADI\4Si.340.13mm_1000x,POPRAWNE_ADI\4Si.340.13mm_1000x\4Si_950-60-340-120_13mm_1000x-163.jpg,4Si_950-60-340-120_13mm_1000x-163.jpg,13.0,950,60,340,120,1303.3,1022.7,7.3,131.0,353.0,HB_nadpisane,3.0,4.1,0.36,0.01,0.04,0.043,0.05,0.07
4Si_950-60-340-120_13mm_*,poprawne_adi,4 Si,POPRAWNE_ADI\4Si.340.13mm_1000x,POPRAWNE_ADI\4Si.340.13mm_1000x\4Si_950-60-340-120_13mm_1000x-164.jpg,4Si_950-60-340-120_13mm_1000x-164.jpg,13.0,950,60,340,120,1303.3,1022.7,7.3,131.0,353.0,HB_nadpisane,3.0,4.1,0.36,0.01,0.04,0.043,0.05,0.07
4Si_950-60-340-120_13mm_*,poprawne_adi,4 Si,POPRAWNE_ADI\4Si.340.13mm_1000x,POPRAWNE_ADI\4Si.340.13mm_1000x\4Si_950-60-340-120_13mm_1000x-165.jpg,4Si_950-60-340-120_13mm_1000x-165.jpg,13.0,950,60,340,120,1303.3,1022.7,7.3,131.0,353.0,HB_nadpisane,3.0,4.1,0.36,0.01,0.04,0.043,0.05,0.07
4Si_950-60-340-120_13mm_*,poprawne_adi,4 Si,POPRAWNE_ADI\4Si.340.13mm_1000x,POPRAWNE_ADI\4Si.340.13mm_1000x\4Si_950-60-340-120_13mm_1000x-166.jpg,4Si_950-60-340-120_13mm_1000x-166.jpg,13.0,950,60,340,120,1303.3,1022.7,7.3,131.0,353.0,HB_nadpisane,3.0,4.1,0.36,0.01,0.04,0.043,0.05,0.07
4Si_950-60-340-120_13mm_*,poprawne_adi,4 Si,POPRAWNE_ADI\4Si.340.13mm_1000x,POPRAWNE_ADI\4Si.340.13mm_1000x\4Si_950-60-340-120_13mm_1000x-167.jpg,4Si_950-60-340-120_13mm_1000x-167.jpg,13.0,950,60,340,120,1303.3,1022.7,7.3,131.0,353.0,HB_nadpisane,3.0,4.1,0.36,0.01,0.04,0.043,0.05,0.07
4Si_950-60-340-120_13mm_*,poprawne_adi,4 Si,POPRAWNE_ADI\4Si.340.13mm_1000x,POPRAWNE_ADI\4Si.340.13mm_1000x\4Si_950-60-340-120_13mm_1000x-168.jpg,4Si_950-60-340-120_13mm_1000x-168.jpg,13.0,950,60,340,120,1303.3,1022.7,7.3,131.0,353.0,HB_nadpisane,3.0,4.1,0.36,0.01,0.04,0.043,0.05,0.07
4Si_950-60-340-120_13mm_*,poprawne_adi,4 Si,POPRAWNE_ADI\4Si.340.13mm_1000x,POPRAWNE_ADI\4Si.340.13mm_1000x\4Si_950-60-340-120_13mm_1000x-169.jpg,4Si_950-60-340-120_13mm_1000x-169.jpg,13.0,950,60,340,120,1303.3,1022.7,7.3,131.0,353.0,HB_nadpisane,3.0,4.1,0.36,0.01,0.04,0.043,0.05,0.07
4Si_950-60-340-120_13mm_*,poprawne_adi,4 Si,POPRAWNE_ADI\4Si.340.13mm_1000x,POPRAWNE_ADI\4Si.340.13mm_1000x\4Si_950-60-340-120_13mm_1000x-170.jpg,4Si_950-60-340-120_13mm_1000x-170.jpg,13.0,950,60,340,120,1303.3,1022.7,7.3,131.0,353.0,HB_nadpisane,3.0,4.1,0.36,0.01,0.04,0.043,0.05,0.07
4Si_950-60-340-120_13mm_*,poprawne_adi,4 Si,POPRAWNE_ADI\4Si.340.13mm_1000x,POPRAWNE_ADI\4Si.340.13mm_1000x\4Si_950-60-340-120_13mm_1000x-171.jpg,4Si_950-60-340-120_13mm_1000x-171.jpg,13.0,950,60,340,120,1303.3,1022.7,7.3,131.0,353.0,HB_nadpisane,3.0,4.1,0.36,0.01,0.04,0.043,0.05,0.07
4Si_950-60-340-120_13mm_*,poprawne_adi,4 Si,POPRAWNE_ADI\4Si.340.13mm_1000x,POPRAWNE_ADI\4Si.340.13mm_1000x\4Si_950-60-340-120_13mm_1000x-172.jpg,4Si_950-60-340-120_13mm_1000x-172.jpg,13.0,950,60,340,120,1303.3,1022.7,7.3,131.0,353.0,HB_nadpisane,3.0,4.1,0.36,0.01,0.04,0.043,0.05,0.07
4Si_950-60-340-120_13mm_*,poprawne_adi,4 Si,POPRAWNE_ADI\4Si.340.13mm_1000x,POPRAWNE_ADI\4Si.340.13mm_1000x\4Si_950-60-340-120_13mm_1000x-173.jpg,4Si_950-60-340-120_13mm_1000x-173.jpg,13.0,950,60,340,120,1303.3,1022.7,7.3,131.0,353.0,HB_nadpisane,3.0,4.1,0.36,0.01,0.04,0.043,0.05,0.07
4Si_950-60-340-120_13mm_*,poprawne_adi,4 Si,POPRAWNE_ADI\4Si.340.13mm_1000x,POPRAWNE_ADI\4Si.340.13mm_1000x\4Si_950-60-340-120_13mm_1000x-174.jpg,4Si_950-60-340-120_13mm_1000x-174.jpg,13.0,950,60,340,120,1303.3,1022.7,7.3,131.0,353.0,HB_nadpisane,3.0,4.1,0.36,0.01,0.04,0.043,0.05,0.07
4Si_950-60-340-120_13mm_*,poprawne_adi,4 Si,POPRAWNE_ADI\4Si.340.13mm_1000x,POPRAWNE_ADI\4Si.340.13mm_1000x\4Si_950-60-340-120_13mm_1000x-175.jpg,4Si_950-60-340-120_13mm_1000x-175.jpg,13.0,950,60,340,120,1303.3,1022.7,7.3,131.0,353.0,HB_nadpisane,3.0,4.1,0.36,0.01,0.04,0.043,0.05,0.07
4Si_950-60-340-120_13mm_*,poprawne_adi,4 Si,POPRAWNE_ADI\4Si.340.13mm_1000x,POPRAWNE_ADI\4Si.340.13mm_1000x\4Si_950-60-340-120_13mm_1000x-176.jpg,4Si_950-60-340-120_13mm_1000x-176.jpg,13.0,950,60,340,120,1303.3,1022.7,7.3,131.0,353.0,HB_nadpisane,3.0,4.1,0.36,0.01,0.04,0.043,0.05,0.07
4Si_950-60-340-120_13mm_*,poprawne_adi,4 Si,POPRAWNE_ADI\4Si.340.13mm_1000x,POPRAWNE_ADI\4Si.340.13mm_1000x\4Si_950-60-340-120_13mm_1000x-177.jpg,4Si_950-60-340-120_13mm_1000x-177.jpg,13.0,950,60,340,120,1303.3,1022.7,7.3,131.0,353.0,HB_nadpisane,3.0,4.1,0.36,0.01,0.04,0.043,0.05,0.07
4Si_950-60-340-120_13mm_*,poprawne_adi,4 Si,POPRAWNE_ADI\4Si.340.13mm_1000x,POPRAWNE_ADI\4Si.340.13mm_1000x\4Si_950-60-340-120_13mm_1000x-178.jpg,4Si_950-60-340-120_13mm_1000x-178.jpg,13.0,950,60,340,120,1303.3,1022.7,7.3,131.0,353.0,HB_nadpisane,3.0,4.1,0.36,0.01,0.04,0.043,0.05,0.07
4Si_950-60-340-120_13mm_*,poprawne_adi,4 Si,POPRAWNE_ADI\4Si.340.13mm_1000x,POPRAWNE_ADI\4Si.340.13mm_1000x\4Si_950-60-340-120_13mm_1000x-179.jpg,4Si_950-60-340-120_13mm_1000x-179.jpg,13.0,950,60,340,120,1303.3,1022.7,7.3,131.0,353.0,HB_nadpisane,3.0,4.1,0.36,0.01,0.04,0.043,0.05,0.07
4Si_950-60-340-120_13mm_*,poprawne_adi,4 Si,POPRAWNE_ADI\4Si.340.13mm_1000x,POPRAWNE_ADI\4Si.340.13mm_1000x\4Si_950-60-340-120_13mm_1000x-180.jpg,4Si_950-60-340-120_13mm_1000x-180.jpg,13.0,950,60,340,120,1303.3,1022.7,7.3,131.0,353.0,HB_nadpisane,3.0,4.1,0.36,0.01,0.04,0.043,0.05,0.07
4Si_950-60-340-120_13mm_*,poprawne_adi,4 Si,POPRAWNE_ADI\4Si.340.13mm_1000x,POPRAWNE_ADI\4Si.340.13mm_1000x\4Si_950-60-340-120_13mm_1000x-181.jpg,4Si_950-60-340-120_13mm_1000x-181.jpg,13.0,950,60,340,120,1303.3,1022.7,7.3,131.0,353.0,HB_nadpisane,3.0,4.1,0.36,0.01,0.04,0.043,0.05,0.07
4Si_950-60-340-120_13mm_*,poprawne_adi,4 Si,POPRAWNE_ADI\4Si.340.13mm_1000x,POPRAWNE_ADI\4Si.340.13mm_1000x\4Si_950-60-340-120_13mm_1000x-182.jpg,4Si_950-60-340-120_13mm_1000x-182.jpg,13.0,950,60,340,120,1303.3,1022.7,7.3,131.0,353.0,HB_nadpisane,3.0,4.1,0.36,0.01,0.04,0.043,0.05,0.07
4Si_950-60-340-120_13mm_*,poprawne_adi,4 Si,POPRAWNE_ADI\4Si.340.13mm_1000x,POPRAWNE_ADI\4Si.340.13mm_1000x\4Si_950-60-340-120_13mm_1000x-183.jpg,4Si_950-60-340-120_13mm_1000x-183.jpg,13.0,950,60,340,120,1303.3,1022.7,7.3,131.0,353.0,HB_nadpisane,3.0,4.1,0.36,0.01,0.04,0.043,0.05,0.07
4Si_950-60-340-120_13mm_*,poprawne_adi,4 Si,POPRAWNE_ADI\4Si.340.13mm_1000x,POPRAWNE_ADI\4Si.340.13mm_1000x\4Si_950-60-340-120_13mm_1000x-184.jpg,4Si_950-60-340-120_13mm_1000x-184.jpg,13.0,950,60,340,120,1303.3,1022.7,7.3,131.0,353.0,HB_nadpisane,3.0,4.1,0.36,0.01,0.04,0.043,0.05,0.07
4Si_950-60-340-120_13mm_*,poprawne_adi,4 Si,POPRAWNE_ADI\4Si.340.13mm_1000x,POPRAWNE_ADI\4Si.340.13mm_1000x\4Si_950-60-340-120_13mm_1000x-185.jpg,4Si_950-60-340-120_13mm_1000x-185.jpg,13.0,950,60,340,120,1303.3,1022.7,7.3,131.0,353.0,HB_nadpisane,3.0,4.1,0.36,0.01,0.04,0.043,0.05,0.07
4Si_950-60-340-120_13mm_*,poprawne_adi,4 Si,POPRAWNE_ADI\4Si.340.13mm_1000x,POPRAWNE_ADI\4Si.340.13mm_1000x\4Si_950-60-340-120_13mm_1000x-186.jpg,4Si_950-60-340-120_13mm_1000x-186.jpg,13.0,950,60,340,120,1303.3,1022.7,7.3,131.0,353.0,HB_nadpisane,3.0,4.1,0.36,0.01,0.04,0.043,0.05,0.07
4Si_950-60-340-120_13mm_*,poprawne_adi,4 Si,POPRAWNE_ADI\4Si.340.13mm_1000x,POPRAWNE_ADI\4Si.340.13mm_1000x\4Si_950-60-340-120_13mm_1000x-187.jpg,4Si_950-60-340-120_13mm_1000x-187.jpg,13.0,950,60,340,120,1303.3,1022.7,7.3,131.0,353.0,HB_nadpisane,3.0,4.1,0.36,0.01,0.04,0.043,0.05,0.07
4Si_950-60-340-120_13mm_*,poprawne_adi,4 Si,POPRAWNE_ADI\4Si.340.13mm_1000x,POPRAWNE_ADI\4Si.340.13mm_1000x\4Si_950-60-340-120_13mm_1000x-188.jpg,4Si_950-60-340-120_13mm_1000x-188.jpg,13.0,950,60,340,120,1303.3,1022.7,7.3,131.0,353.0,HB_nadpisane,3.0,4.1,0.36,0.01,0.04,0.043,0.05,0.07
4Si_950-60-340-120_13mm_*,poprawne_adi,4 Si,POPRAWNE_ADI\4Si.340.13mm_1000x,POPRAWNE_ADI\4Si.340.13mm_1000x\4Si_950-60-340-120_13mm_1000x-189.jpg,4Si_950-60-340-120_13mm_1000x-189.jpg,13.0,950,60,340,120,1303.3,1022.7,7.3,131.0,353.0,HB_nadpisane,3.0,4.1,0.36,0.01,0.04,0.043,0.05,0.07
4Si_950-60-340-120_13mm_*,poprawne_adi,4 Si,POPRAWNE_ADI\4Si.340.13mm_1000x,POPRAWNE_ADI\4Si.340.13mm_1000x\4Si_950-60-340-120_13mm_1000x-190.jpg,4Si_950-60-340-120_13mm_1000x-190.jpg,13.0,950,60,340,120,1303.3,1022.7,7.3,131.0,353.0,HB_nadpisane,3.0,4.1,0.36,0.01,0.04,0.043,0.05,0.07
4Si_950-60-340-120_13mm_*,poprawne_adi,4 Si,POPRAWNE_ADI\4Si.340.13mm_1000x,POPRAWNE_ADI\4Si.340.13mm_1000x\4Si_950-60-340-120_13mm_1000x-191.jpg,4Si_950-60-340-120_13mm_1000x-191.jpg,13.0,950,60,340,120,1303.3,1022.7,7.3,131.0,353.0,HB_nadpisane,3.0,4.1,0.36,0.01,0.04,0.043,0.05,0.07
4Si_950-60-340-120_13mm_*,poprawne_adi,4 Si,POPRAWNE_ADI\4Si.340.13mm_1000x,POPRAWNE_ADI\4Si.340.13mm_1000x\4Si_950-60-340-120_13mm_1000x-192.jpg,4Si_950-60-340-120_13mm_1000x-192.jpg,13.0,950,60,340,120,1303.3,1022.7,7.3,131.0,353.0,HB_nadpisane,3.0,4.1,0.36,0.01,0.04,0.043,0.05,0.07
4Si_950-60-340-120_13mm_*,poprawne_adi,4 Si,POPRAWNE_ADI\4Si.340.13mm_1000x,POPRAWNE_ADI\4Si.340.13mm_1000x\4Si_950-60-340-120_13mm_1000x-193.jpg,4Si_950-60-340-120_13mm_1000x-193.jpg,13.0,950,60,340,120,1303.3,1022.7,7.3,131.0,353.0,HB_nadpisane,3.0,4.1,0.36,0.01,0.04,0.043,0.05,0.07
4Si_950-60-340-120_13mm_*,poprawne_adi,4 Si,POPRAWNE_ADI\4Si.340.13mm_1000x,POPRAWNE_ADI\4Si.340.13mm_1000x\4Si_950-60-340-120_13mm_1000x-194.jpg,4Si_950-60-340-120_13mm_1000x-194.jpg,13.0,950,60,340,120,1303.3,1022.7,7.3,131.0,353.0,HB_nadpisane,3.0,4.1,0.36,0.01,0.04,0.043,0.05,0.07
4Si_950-60-340-120_13mm_*,poprawne_adi,4 Si,POPRAWNE_ADI\4Si.340.13mm_1000x,POPRAWNE_ADI\4Si.340.13mm_1000x\4Si_950-60-340-120_13mm_1000x-195.jpg,4Si_950-60-340-120_13mm_1000x-195.jpg,13.0,950,60,340,120,1303.3,1022.7,7.3,131.0,353.0,HB_nadpisane,3.0,4.1,0.36,0.01,0.04,0.043,0.05,0.07
4Si_950-60-340-120_13mm_*,poprawne_adi,4 Si,POPRAWNE_ADI\4Si.340.13mm_1000x,POPRAWNE_ADI\4Si.340.13mm_1000x\4Si_950-60-340-120_13mm_1000x-196.jpg,4Si_950-60-340-120_13mm_1000x-196.jpg,13.0,950,60,340,120,1303.3,1022.7,7.3,131.0,353.0,HB_nadpisane,3.0,4.1,0.36,0.01,0.04,0.043,0.05,0.07
4Si_950-60-340-120_13mm_*,poprawne_adi,4 Si,POPRAWNE_ADI\4Si.340.13mm_1000x,POPRAWNE_ADI\4Si.340.13mm_1000x\4Si_950-60-340-120_13mm_1000x-197.jpg,4Si_950-60-340-120_13mm_1000x-197.jpg,13.0,950,60,340,120,1303.3,1022.7,7.3,131.0,353.0,HB_nadpisane,3.0,4.1,0.36,0.01,0.04,0.043,0.05,0.07
4Si_950-60-340-120_13mm_*,poprawne_adi,4 Si,POPRAWNE_ADI\4Si.340.13mm_1000x,POPRAWNE_ADI\4Si.340.13mm_1000x\4Si_950-60-340-120_13mm_1000x-198.jpg,4Si_950-60-340-120_13mm_1000x-198.jpg,13.0,950,60,340,120,1303.3,1022.7,7.3,131.0,353.0,HB_nadpisane,3.0,4.1,0.36,0.01,0.04,0.043,0.05,0.07
4Si_950-60-340-120_13mm_*,poprawne_adi,4 Si,POPRAWNE_ADI\4Si.340.13mm_1000x,POPRAWNE_ADI\4Si.340.13mm_1000x\4Si_950-60-340-120_13mm_1000x-199.jpg,4Si_950-60-340-120_13mm_1000x-199.jpg,13.0,950,60,340,120,1303.3,1022.7,7.3,131.0,353.0,HB_nadpisane,3.0,4.1,0.36,0.01,0.04,0.043,0.05,0.07
4Si_950-60-340-120_13mm_*,poprawne_adi,4 Si,POPRAWNE_ADI\4Si.340.13mm_1000x,POPRAWNE_ADI\4Si.340.13mm_1000x\4Si_950-60-340-120_13mm_1000x-200.jpg,4Si_950-60-340-120_13mm_1000x-200.jpg,13.0,950,60,340,120,1303.3,1022.7,7.3,131.0,353.0,HB_nadpisane,3.0,4.1,0.36,0.01,0.04,0.043,0.05,0.07
